koi_period,koi_duration,koi_depth,koi_impact,koi_prad,koi_teq,koi_insol,koi_model_snr
389.169027,3.759,513.3,0.2117,15.36,519.0,17.15,7.7
8.48651582,5.267,110.8,0.009,1.34,1060.0,298.03,21.1
2.340523247,3.156,175.4,0.725,1.4,1456.0,1063.8,37.2
20.0545282,7.173,305.4,0.939,2.63,755.0,76.97,26.9
1.45728997,3.582,71.3,0.749,0.93,1665.0,1818.19,15.5
14.32407216,4.6577,2053.9,1.292,38.86,782.0,88.38,58.0
118.314913,4.79,216.3,0.522,7.23,786.0,90.09,7.0
34.064566412,9.6114,28450.4,0.524,15.57,570.0,25.0,1305.9
124.5245224,9.654,689.9,0.004,2.69,356.0,3.78,47.5
0.7967202,4.25304,167719.0,0.839,56.89,1964.0,3497.4,716.6
77.2550726,10.214,589.5,0.837,3.7,548.0,21.37,44.0
0.890745373,1.9215,120034.0,0.599,36.92,1892.0,3015.62,239.6
0.550509602,1.1836,123.5,0.386,5.02,3938.0,56796.99,24.0
7.953547,2.6312,875.4,0.3,2.25,696.0,55.37,38.4
10.94577783,3.0937,532.8,0.819,2.84,881.0,142.23,52.5
4.27121961,2.9283,966.7,0.636,2.17,802.0,97.84,38.0
4.311780262,2.7251,1154.0,0.196,3.11,1038.0,274.84,86.1
6.30558387,2.619,193.1,0.601,2.52,1125.0,378.9,9.5
116.583183,5.8,819.0,0.586,2.91,371.0,4.47,8.7
4.92031063,4.046,81.0,0.242,1.18,1242.0,562.99,17.7
2.75505467,3.426,85.5,0.738,1.74,1783.0,2387.41,27.8
0.604755462,1.3741,334.5,0.039,1.29,1598.0,1534.24,40.3
17.79421914,4.1918,1549.4,1.242,25.27,606.0,31.94,111.5
531.33282,3.702,669.0,0.3099,2.67,239.0,0.77,7.1
0.566789505,5.835,54.6,1.03,3.37,2038.0,4051.92,12.6
21.96401646,2.7509,693.4,0.483,2.57,643.0,40.41,26.9
9.08937826,6.255,779.8,0.982,5.35,1104.0,351.45,72.7
33.159475806,9.01353,222167.0,0.768,146.47,1068.0,307.53,3733.6
136.205112,5.568,1209.3,0.49,2.35,248.0,0.89,20.0
1.33259494,2.783,92.7,0.104,0.89,1665.0,1814.46,7.8
10.35533116,3.1775,750.6,0.029,2.47,777.0,86.22,49.2
4.804469712,3.51946,132624.0,0.567,30.97,958.0,198.67,1177.8
8.48299282,2.505,69.1,0.564,0.8,879.0,141.04,21.3
5.9703813,0.669,210.3,0.8826,1.69,981.0,218.94,5.5
359.534371,24.205,5732.0,100.806,64333.8,491.0,13.7,96.0
3.04463691,6.656,47.0,0.322,0.68,1321.0,721.48,10.4
25.4805211,10.701,159.0,0.186,1.25,659.0,44.67,17.7
1.096587245,3.0287,541.2,2.623,168.68,1726.0,2096.5,67.1
2.576571021,1.5997,852.8,0.187,1.57,717.0,62.42,63.6
0.566799395,1.5368,231.2,0.042,1.65,2448.0,8550.93,33.7
119.72007,9.48,115.6,0.025,1.26,410.0,6.67,9.0
73.992267,5.692,225.6,0.446,2.86,546.0,20.98,7.9
2.39161966,1.906,189.2,0.299,0.93,1031.0,266.01,13.6
412.041857,5.572,1959.0,0.1068,3.77,217.0,0.52,12.3
115.9943364,2.4136,37571.0,0.028,13.66,265.0,1.16,102.4
1.032967155,1.17,127.3,0.025,21.22,5990.0,304226.71,8.3
1.27620899,2.169,186.2,0.276,1.46,1851.0,2769.8,11.4
3.012476415,3.31903,198402.0,0.708,58.77,1388.0,879.89,2060.3
24.99324319,5.9409,269.6,0.686,2.29,712.0,60.88,62.0
22.687155,5.4921,960.0,0.023,3.2,653.0,42.95,122.8
21.37831102,21.7174,80571.0,0.257,97.23,1062.0,300.32,852.2
6.80243431,3.817,249.1,1.0,2.6,895.0,151.72,14.9
2.861159894,1.8832,1014.3,0.965,4.37,1355.0,797.1,58.3
42.559265547,3.36626,207990.0,0.775,51.86,487.0,13.28,950.0
3.87594316,2.314,58.6,0.025,0.68,1081.0,323.21,14.2
10.9938087,5.0403,1456.9,0.924,5.33,978.0,216.57,100.4
219.3215562,12.4124,3628.7,0.244,6.11,313.0,2.27,93.8
2.935362067,1.5043,1052.6,0.86,3.15,1022.0,258.48,38.0
8.20396958,2.9667,1024.4,0.823,3.01,742.0,71.5,54.4
16.9348104,3.408,346.3,0.471,1.31,508.0,15.77,11.5
0.867721348,4.8783,97653.0,0.987,67.0,2089.0,4487.7,587.9
7.650243513,2.752,981.4,0.014,2.3,772.0,83.86,98.8
362.49906,12.17,522.5,0.5297,2.51,277.0,1.4,10.3
26.6951944,4.576,132.6,0.136,1.4,706.0,58.81,13.4
2.6228301,7.29719,409714.0,0.488,70.62,1403.0,917.98,5312.7
326.70552,3.36,794.0,0.0826,2.83,287.0,1.61,9.1
0.605556082,1.2399,101.7,0.176,0.86,2120.0,4796.94,15.3
55.673582,3.778,765.1,0.274,2.19,384.0,5.16,22.7
40.8777605,9.745,719.1,1.262,29.55,526.0,18.15,23.6
14.15402615,4.115,21653.0,1.199,29.61,495.0,14.25,23.9
14.0801852,3.402,90.7,0.308,1.04,798.0,95.62,6.9
0.661749944,4.112,215.6,1.169,23.92,2420.0,8123.02,34.5
1.374249107,5.3181,136655.0,0.771,96.85,2725.0,13078.76,520.3
6.69958851,2.831,253.7,0.0,1.24,806.0,99.83,13.6
59.742966,6.78,284.9,0.9694,16.91,1037.0,273.48,8.6
31.1588249,5.1803,959.0,0.029,3.56,639.0,39.46,73.6
6.91134223,5.6743,201.7,0.259,1.9,1086.0,328.65,44.0
1.47623061,2.032,39.1,0.375,0.71,1802.0,2484.49,9.7
32.77897303,19.1378,410080.0,0.496,69.08,588.0,28.29,2126.1
15.0219784,5.068,96.9,0.96,1.77,874.0,137.91,7.4
0.890737359,1.9257,195.8,1.146,20.57,2022.0,3948.43,37.7
3.732261,2.054,153.6,0.4,1.09,1119.0,369.47,15.7
4.60690612,4.176,137.5,0.203,0.9,950.0,192.38,13.3
371.54879,9.841,125.6,0.6743,1.13,230.0,0.66,10.1
0.93376089,3.027,27.3,0.035,0.57,2064.0,4286.78,9.7
17.4217322,4.718,208.4,0.415,1.42,727.0,65.92,9.3
203.250506,9.81,238.9,0.336,1.35,292.0,1.71,7.0
426.34444,14.139,90.2,0.032,1.33,314.0,2.29,9.7
15.6402515,6.222,800.3,1.167,18.11,640.0,39.55,19.3
0.969824139,0.783,23.1,0.332,0.49,1839.0,2709.67,6.8
1.70336496,1.7045,316.7,0.508,1.67,1484.0,1151.45,19.8
12.4128518,4.298,108.1,0.711,1.5,933.0,179.24,19.4
20.5498184,5.5484,1564.3,0.649,4.04,657.0,44.11,123.1
6.56606941,1.8455,402.4,0.687,1.83,777.0,86.27,25.8
2.745910734,4.02594,286812.0,0.639,61.16,1221.0,524.18,1550.9
308.185801,3.689,708.7,0.023,2.12,230.0,0.66,9.5
5.743469797,3.4412,1240.2,0.001,3.13,982.0,219.95,79.7
0.981399749,0.5051,158.3,0.408,1.21,1820.0,2602.14,16.2
7.298142,3.024,370.5,0.411,1.6,786.0,90.04,13.6
1.891268461,8.24958,641910.0,0.183,399.93,5047.0,153163.32,4211.8
23.1274171,4.901,157.3,0.737,1.44,667.0,46.89,20.9
210.6013843,11.9922,4159.3,0.002,7.7,342.0,3.22,232.4
186.72243,13.35,326.4,0.4736,1.84,329.0,2.77,11.5
43.0759115,90.95,3452.0,1.256,213.46,1032.0,268.5,323.1
24.7577652,6.998,458.7,0.896,2.44,644.0,40.74,37.6
8.82715783,2.019,368.6,0.249,1.67,797.0,95.25,11.1
241.8591,12.77,659.0,0.313,2.81,315.0,2.34,9.7
0.589753355,0.606,216.0,0.318,1.03,1760.0,2262.14,12.4
15.67750191,5.5082,115.5,0.911,1.42,810.0,101.79,39.6
83.5781976,7.2487,630.8,0.544,6.63,655.0,43.62,54.9
2.21568076,1.515,43.6,0.563,0.57,1236.0,550.44,6.9
1.8437362,21.04,341.1,1.189,25.26,1628.0,1655.74,83.4
174.7697122,2.3569,68139.0,1.036,38.79,294.0,1.77,100.4
59.6585348,5.514,1043.8,0.956,3.59,393.0,5.66,21.2
0.696286519,3.194,120.8,0.985,1.34,1969.0,3537.89,19.7
22.44620704,7.5491,1626.8,1.256,58.2,894.0,150.81,138.8
3.222975318,2.9247,232.7,0.33,1.47,1239.0,558.65,31.3
5.47033376,3.1441,112.0,0.074,1.15,1090.0,334.27,32.7
4.320850062,4.26661,75927.4,1.087,59.16,1221.0,524.62,1691.5
4.89721006,1.812,274.4,0.66,1.48,904.0,157.93,16.9
0.56493398,2.4385,2067.0,1.26,30.51,2206.0,5609.14,166.0
1.86390886,4.414,176.1,1.2,77.99,2902.0,16718.87,18.3
27.6666375,6.315,324.0,0.519,2.04,622.0,35.27,24.4
1.090011003,1.5,174.8,0.531,1.04,1402.0,911.28,12.6
9.06557317,1.6208,243.4,0.432,1.46,880.0,141.9,24.9
1.213742728,3.596,31.7,0.627,1.18,2599.0,10804.6,20.3
7.87173698,2.619,34.7,0.001,0.54,862.0,130.96,10.8
6.02930329,1.5821,1912.7,0.258,2.85,678.0,50.04,65.4
11.11620211,4.211,4843.9,0.937,8.96,853.0,125.21,115.3
6.92101452,4.3591,529.7,0.771,1.48,619.0,34.85,39.9
0.536650896,4.702,273.2,1.175,18.45,2163.0,5179.76,117.8
0.874629873,1.782,68.1,0.665,0.72,1597.0,1538.25,19.2
14.37504582,3.208,251.1,0.927,2.05,786.0,90.16,15.7
6.481633073,3.784,298.5,0.833,2.54,1145.0,406.25,125.6
62.060783,28.203,472.9,0.928,2.11,400.0,6.07,19.9
5.007316661,4.2362,6932.3,0.344,6.96,998.0,234.28,431.4
5.59931543,3.8944,84.8,0.914,1.22,1142.0,402.39,41.4
2.11547854,3.665,222.9,0.755,1.66,1521.0,1264.56,21.6
0.643171495,2.31285,41160.0,1.214,54.03,2193.0,5486.36,641.4
28.487107336,3.77887,37662.9,1.175,116.84,963.0,202.98,658.2
1.311842968,1.7876,245.1,0.121,1.43,1562.0,1410.6,44.2
105.895315,2.581,1227.0,0.093,2.69,323.0,2.58,7.0
0.61810542,6.666,12264.0,1.2326,39.52,1994.0,3735.52,118.7
198.680859,8.282,645.4,0.746,2.79,297.0,1.83,16.6
0.870693883,1.2137,438.5,0.832,2.09,1876.0,2923.54,55.6
0.719741,2.628,32.2,0.275,0.57,2074.0,4398.76,6.5
365.25921,13.74,529.0,0.0035,2.39,268.0,1.23,12.8
1.609321941,1.6067,728.5,0.016,1.57,958.0,199.28,35.3
398.71694,21.6,893.9,1.219,21.25,205.0,0.42,13.7
2.949029106,2.0311,358.3,0.044,1.48,1027.0,263.92,29.3
361.43653,9.08,271.9,0.2175,1.56,268.0,1.22,10.8
13.39155154,3.391,48.9,0.539,1.58,1180.0,459.23,24.5
8.428090255,1.881,11355.5,6.787,517.43,817.0,105.54,183.0
1.123258617,4.27355,377575.0,0.513,150.94,3215.0,25226.88,779.2
0.822314545,3.3374,32.7,0.447,0.54,1922.0,3227.02,3.8
6.80257947,4.608,32.7,0.889,0.73,1026.0,262.26,14.7
21.5819776,13.734,47.6,0.036,0.91,746.0,73.01,17.3
81.3153052,5.807,715.5,0.013,2.55,393.0,5.64,20.7
18.384953,5.92,92.9,0.012,1.36,872.0,136.82,6.0
86.4392931,6.534,1175.1,1.28,35.31,442.0,8.99,20.5
7.442652004,2.3078,24446.2,0.137,15.03,967.0,206.78,835.6
589.74851,12.74,462.4,0.3597,2.03,217.0,0.53,11.5
2.069415479,5.71941,16188.3,1.241,55.45,1768.0,2310.53,1148.3
36.473115046,2.91005,161926.0,1.003,53.1,467.0,11.24,1899.1
22.2420032,7.532,63.5,0.897,2.04,954.0,195.54,16.2
2.745121487,2.9845,14608.0,0.861,9.55,893.0,150.25,86.7
1.17033848,11.56,17.3,0.1381,0.98,3272.0,27090.0,13.4
5.945043548,2.7004,800.2,0.763,2.69,857.0,127.64,67.6
3.27344784,1.7292,262.5,0.44,0.81,625.0,36.05,34.0
2.144632238,6.2701,19836.9,1.228,59.19,1736.0,2146.82,334.8
23.4772553,6.735,141.4,0.013,1.34,738.0,70.05,17.6
160.0191598,5.472,1552.8,0.852,4.28,306.0,2.08,49.6
392.49728,10.53,1062.0,0.1658,2.82,232.0,0.68,14.5
7.40742502,3.675,442.0,0.03,2.01,938.0,183.15,23.1
12.4260454,27.7691,582.1,0.967,2.64,706.0,58.88,55.7
2.671942657,1.9119,15942.0,0.982,22.36,1458.0,1069.47,97.5
8.508333104,3.4559,646.5,0.004,2.6,909.0,161.66,93.4
9.673958488,3.2641,952.7,0.194,2.63,736.0,69.42,178.0
14.6672293,3.742,198.1,0.596,1.21,675.0,49.12,30.5
10.50682978,3.7769,13355.5,0.407,9.01,668.0,47.21,343.4
4.79029482,2.7219,142.0,0.46,1.01,938.0,183.02,23.1
0.921030497,2.6077,101.5,0.025,1.62,2362.0,7380.64,27.0
35.5969684,6.691,684.5,0.895,3.72,646.0,41.06,52.5
3.008602107,4.34296,120272.0,0.948,56.15,1343.0,768.47,502.0
3.319523463,3.3465,38832.0,1.162,38.37,1108.0,356.42,249.4
146.355097,5.034,820.0,0.0515,0.82,135.0,0.08,6.0
37.4783492,5.317,1467.9,1.161,10.05,262.0,1.12,18.3
4.280963604,2.875,750.8,0.424,2.3,1012.0,247.87,61.8
10.818248422,18.2848,13695.9,0.813,11.71,830.0,112.55,581.0
30.47639859,17.9728,130569.0,0.92,43.01,542.0,20.39,236.2
0.759768478,2.824,57.4,0.583,0.64,1737.0,2149.06,12.9
1.025857984,0.8069,270.7,0.779,1.57,1520.0,1264.7,36.0
21.3779536,24.872,255244.0,0.0,173.18,1062.0,300.32,101.9
1.360834768,1.4886,1570.5,1.008,7.24,1660.0,1792.47,169.8
5.902245782,2.9003,702.3,0.209,2.43,926.0,173.74,59.3
9.69501146,2.75,515.2,0.293,2.08,833.0,114.06,18.3
0.526615152,1.0582,64.0,0.028,1.46,2959.0,18152.32,40.9
16.227548674,5.08666,192688.0,0.795,46.52,599.0,30.52,1870.0
91.500873,4.842,704.8,0.032,1.82,310.0,2.18,22.6
0.720589427,4.329,70.0,0.64,1.95,3927.0,56448.93,1.7
8.83929462,1.719,316.2,0.924,1.94,778.0,86.5,14.8
32.2964275,4.561,472.2,0.207,1.9,503.0,15.14,17.9
8.58966893,6.962,429.6,0.012,155.18,4900.0,136317.25,47.5
4.318726936,2.67349,59429.0,0.867,29.74,1091.0,334.31,394.4
1.332566763,4.001,384.9,0.474,1.49,1318.0,713.45,18.2
1.795273026,7.3232,125416.0,0.935,55.26,1642.0,1714.88,877.8
11.30123036,4.022,277.1,0.117,1.85,852.0,124.42,18.5
23.899634407,3.81881,20953.1,1.245,44.04,652.0,42.8,547.8
1.901655058,4.6545,87321.0,1.032,89.89,2192.0,5467.3,190.6
20.4998763,6.501,437.8,0.943,2.8,731.0,67.67,21.1
11.03571773,5.62958,144955.0,0.911,70.42,991.0,227.54,959.6
2.578852119,2.3581,334.3,0.625,1.63,1230.0,540.56,36.7
13.8353959,4.961,818.0,0.94,3.78,809.0,101.05,10.3
2.37752442,2.307,32.1,0.256,0.53,1278.0,632.62,15.9
5.663621501,1.2968,1225.0,0.169,2.47,774.0,84.76,39.8
0.79708975,3.301,19.3,0.53,0.54,2262.0,6174.2,9.8
44.8411168,5.902,1051.6,0.864,2.75,390.0,5.45,28.9
0.784513087,1.9206,316.6,0.029,131.4,10634.0,3036857.56,47.7
105.9566815,6.9988,2286.4,0.322,3.79,324.0,2.59,51.8
71.4523167,6.276,216.9,0.017,2.19,561.0,23.44,16.6
6.58729511,8.3582,127965.0,0.723,58.09,1152.0,416.15,304.2
65.238281,5.756,197.2,0.1471,5.18,734.0,68.49,10.3
1.71029474,2.946,158.9,0.825,1.04,1267.0,610.77,14.5
0.821472455,2.433,127.1,0.2579,0.92,1559.0,1395.92,11.3
11.94019101,2.866,631.7,0.348,1.86,625.0,35.99,15.6
3.351573993,2.8758,54546.0,0.011,24.15,1282.0,638.3,192.4
86.4943704,7.471,995.2,0.741,3.07,367.0,4.29,42.6
10.10773789,3.828,294.9,0.151,1.98,879.0,140.75,25.3
307.94735718,15.0,11296.0,0.966,76.66,492.0,13.83,16.5
0.648775795,4.34648,108824.0,0.961,41.58,1714.0,2038.54,6873.9
4.33144839,2.58,216.4,0.291,1.07,939.0,183.62,17.3
18.36974658,2.939,1143.3,0.947,3.58,582.0,27.14,20.1
1.106529843,6.258,319.5,0.974,1.91,1649.0,1746.73,69.2
52.5008645,14.9066,946.7,0.11,12.41,812.0,102.94,116.2
4.931365987,14.7088,255953.0,0.686,139.59,1755.0,2239.55,772.7
102.9641952,15.735,1896.7,0.922,39.0,797.0,95.4,86.1
5.433132902,2.4012,328.2,0.72,1.61,841.0,118.56,33.1
19.563092517,6.9547,12992.2,0.842,23.76,965.0,205.39,2477.0
39.818832,10.757,199.1,0.6,2.23,650.0,42.32,29.4
0.846291334,1.79962,190191.0,0.779,30.8,1243.0,562.86,1049.3
3.70429015,3.37,55.7,0.001,1.45,1839.0,2708.57,15.9
4.254417651,6.55436,294547.0,1.165,133.79,1360.0,806.64,2074.5
37.5142128,5.303,935.0,0.366,2.68,478.0,12.38,28.9
0.566795467,4.712,38.2,0.504,0.67,2254.0,6076.99,25.8
6.24145791,3.0998,163.7,0.029,1.6,1111.0,360.09,30.8
2.49904083,2.651,128.2,0.01,1.04,1258.0,592.18,8.1
9.72869627,5.628,252.2,1.274,42.47,1126.0,379.75,19.1
1.922861499,3.5734,1916.2,0.943,5.09,1392.0,884.12,103.4
1.44438449,2.704,75.4,0.466,1.08,1980.0,3622.28,10.8
10.6840477,3.515,81901.0,1.012,26.43,444.0,9.21,395.3
35.6757453,7.381,471.2,0.61,3.02,671.0,47.96,18.5
5.57654782,3.673,53.6,0.45,0.92,1183.0,462.81,13.2
1.450889836,1.753,135.7,0.333,1.21,1700.0,1970.75,15.7
4.70818628,3.278,56545.0,1.082,42.99,1046.0,282.41,24.7
3.388887193,2.4475,11267.8,0.387,10.72,1212.0,511.3,162.9
8.487871809,4.19829,118814.0,0.941,46.24,798.0,96.0,483.9
11.55103848,3.3601,402.8,0.493,2.17,845.0,120.76,49.8
534.86668,8.19,565.0,0.113,4.3,328.0,2.74,8.3
1.485898163,2.446,224.6,1.173,14.96,1272.0,620.65,32.8
7.82502168,2.186,520.8,0.708,1.2,494.0,14.05,15.9
1.75147897,7.89,76.7,0.008,1.8,2340.0,7086.5,68.2
1.032068851,2.1344,121993.0,1.014,44.35,1221.0,523.01,140.0
11.35501209,14.557,19675.0,0.473,8.0,534.0,19.29,221.4
1.22174063,7.443,32.2,0.004,0.46,1461.0,1081.5,19.4
3.29276797,4.8069,80.7,0.663,1.39,1458.0,1068.95,40.8
1.025465924,3.71841,152685.0,0.88,106.84,2710.0,12744.17,1120.8
0.75509861,2.6423,60334.0,1.091,60.74,2359.0,7285.15,385.4
0.515552803,1.7869,1224.1,1.128,13.96,1807.0,2508.21,79.6
51.0771048,11.233,141.5,0.498,3.66,702.0,57.28,24.1
7.1329472,4.368,145.0,0.612,1.64,1102.0,349.21,27.2
2.508553286,2.2664,211.6,0.009,1.28,1278.0,629.8,26.8
59.7711433,4.843,574.5,0.899,3.17,522.0,17.53,38.5
20.31047472,5.3357,164.6,0.05,2.41,931.0,177.81,46.1
2.053866175,4.8045,5021.3,1.265,158.25,2528.0,9631.57,380.5
0.634003002,0.9207,316.9,0.367,1.35,1714.0,2030.16,21.0
5.26640614,3.6163,59294.0,0.869,38.05,1163.0,431.87,339.9
20.7191626,3.912,184.4,0.016,1.85,790.0,92.2,8.9
18.78429232,3.1136,1009.5,0.658,2.14,433.0,8.3,23.8
368.72715,5.06,426.6,0.3411,1.55,215.0,0.51,6.4
7.234965722,7.0245,164848.0,0.548,34.03,843.0,119.12,671.3
345.128277,15.925,324.4,0.175,1.94,282.0,1.5,11.4
0.762724045,1.98818,9782.2,1.252,41.02,1860.0,2827.5,451.7
7.035518449,3.5286,2139.0,1.268,24.91,782.0,88.6,91.5
1.8913182,4.374,202.3,0.439,0.9,983.0,221.36,17.6
185.02288222,4.87326,43546.7,1.004,49.82,379.0,4.89,938.2
56.4349933,4.7381,580.0,0.019,2.37,465.0,11.04,47.7
5.09112124,2.159,115.1,0.224,3.58,2044.0,4131.88,11.4
2.61576515,2.777,120.4,0.25,1.06,1379.0,851.6,15.1
18.68405716,6.9329,381.5,0.858,3.64,832.0,113.34,54.2
4.71510843,2.506,417.5,0.258,1.46,823.0,108.84,21.3
49.4781446,2.493,496.6,0.048,1.88,462.0,10.73,20.4
3.401949837,16.5797,2477.0,0.958,14.32,2076.0,4391.35,304.0
1.595630597,1.793,259.6,1.21,17.94,1346.0,778.05,18.3
385.39743,21.69,132.3,0.587,1.59,285.0,1.57,10.9
5.350156114,2.2647,764.8,0.008,2.6,989.0,226.02,87.1
10.0102876,5.33,127.1,0.5667,0.69,522.0,17.56,7.0
37.809539,7.547,487.4,0.03,1.79,483.0,12.89,9.7
6.70258007,4.632,859.0,1.237,403.01,2635.0,11398.6,23.0
7.258450123,5.7297,3714.7,0.05,5.53,880.0,141.3,288.6
1.480283464,2.486,60.5,0.058,0.97,1822.0,2597.27,21.3
22.470494368,7.39097,45979.0,0.86,19.12,518.0,17.04,2393.2
4.27103727,2.2759,180.4,0.02,1.22,1108.0,356.54,24.6
64.6589166,7.71,235.4,0.083,2.12,535.0,19.39,13.9
12.25384348,2.373,147.7,0.441,1.0,678.0,50.05,12.3
11.52482874,1.724,577.6,1.205,22.56,756.0,77.15,16.2
0.97430309,2.1088,34976.0,1.169,37.62,1643.0,1728.18,224.0
8.460438928,4.73492,76412.9,1.061,36.62,804.0,98.6,1797.4
15.68434493,44.463,791.6,1.206,56.23,1136.0,393.14,256.3
36.97709537,5.2063,217145.0,0.75,59.66,546.0,21.08,204.9
22.06402,4.1,388.7,0.941,2.67,712.0,60.81,31.5
1.366946478,3.37701,158643.0,0.869,43.45,1403.0,910.99,796.5
1.729367077,1.7442,484.4,0.278,1.82,1284.0,643.54,44.7
4.807103254,0.9393,450.5,0.94,2.96,1088.0,330.84,32.9
19.229478,4.68,115.8,0.699,1.97,970.0,209.42,8.1
0.635069939,2.07171,33117.3,1.25,57.77,2351.0,7193.72,578.6
6.83440674,2.2726,177.1,0.871,1.01,636.0,38.68,29.1
7.28116667,2.716,333.8,0.1,1.4,744.0,72.16,11.5
1.534679933,1.7237,456.6,0.108,18.39,3570.0,38505.56,64.6
8.91901228,4.141,180.6,0.619,1.84,1023.0,258.92,29.6
35.18105723,7.545,987.7,0.772,4.17,664.0,45.89,63.1
3.82315697,2.388,47.2,0.064,0.77,1282.0,638.38,8.9
8.78458274,6.459,210.8,0.681,2.6,1149.0,411.55,25.9
18.11208877,6.7828,116633.0,0.982,96.62,1068.0,307.27,217.7
48.9200563,2.295,333.9,0.6077,1.71,456.0,10.22,7.0
2.217038096,1.8575,543.7,0.754,3.23,1697.0,1956.29,49.5
116.3311739,7.025,1586.3,0.032,3.26,323.0,2.59,31.5
0.520222869,1.2216,269.5,0.562,1.52,2145.0,5038.49,28.9
19.9401211,4.283,758.9,0.862,2.42,588.0,28.29,18.0
16.9341628,3.94,207.8,0.662,1.71,798.0,95.78,7.2
8.966610607,4.01883,59618.5,1.101,56.94,1038.0,274.04,2049.1
0.957823876,3.7232,104692.0,0.992,110.91,2649.0,11612.14,454.1
2.61844178,3.203,45.1,0.182,2.16,2033.0,4044.74,12.7
0.72359699,1.326,495.6,0.608,6.73,4699.0,114645.28,14.8
0.474811162,1.169,205.2,0.44,1.28,2206.0,5603.32,17.4
5.499941793,11.3096,47751.3,0.531,59.94,1878.0,2942.15,814.1
1.756466865,4.7781,188219.0,0.824,87.4,1831.0,2652.65,541.9
14.38724729,1.9078,1914.1,1.262,29.24,725.0,65.41,43.5
8.04727721,5.159,486.0,0.937,2.33,855.0,126.56,36.1
471.39698,10.714,329.9,0.3379,1.87,265.0,1.16,13.1
3.797018259,2.2608,14431.2,0.321,10.07,982.0,219.64,1549.0
328.240201,12.2726,13888.6,0.75,10.99,224.0,0.59,287.6
8.412008943,5.41096,136113.0,0.539,50.83,1100.0,345.76,5696.2
21.85362905,3.439,355.6,0.676,1.75,618.0,34.57,23.0
0.950735805,1.1434,175.1,0.57,1.39,1908.0,3129.59,17.1
95.6114617,7.489,487.4,0.046,2.37,421.0,7.45,21.6
1.078389713,1.3394,300.5,0.846,1.98,1667.0,1817.38,23.6
8.2562857,2.0378,37.3,0.816,1.49,1387.0,874.56,18.2
117.844963,1.951,1043.0,0.4594,2.52,308.0,2.13,6.6
53.501860974,5.25334,456778.0,0.431,55.23,409.0,6.63,1363.9
6.33855946,3.4617,721.7,0.907,3.31,1034.0,270.47,57.4
369.7985,12.564,1106.4,0.1382,2.53,225.0,0.61,11.1
12.964717746,1.8303,3732.9,1.282,39.93,834.0,114.24,183.3
17.42393582,4.929,770.9,0.927,3.29,722.0,64.13,33.2
8.784575777,5.3022,262984.0,0.5,104.57,1555.0,1380.83,4761.5
2.21396685,4.374,81.6,0.017,0.84,1418.0,952.61,19.1
168.77118,2.263,2045.0,36.9452,2825.04,251.0,0.93,5.5
0.56679797,4.503,72.6,0.176,0.65,1799.0,2467.38,14.0
1.025534511,3.52048,110948.0,0.883,43.68,1896.0,3066.26,3769.0
21.80451611,3.4097,1144.9,0.751,2.6,543.0,20.48,49.9
9.089355023,6.4006,101478.0,0.647,68.91,1511.0,1233.59,756.4
4.150297119,1.2058,593.4,0.971,3.03,981.0,218.44,24.2
265.310499,4.013,1530.0,0.913,4.69,296.0,1.81,11.6
7.37339245,2.883,125.0,1.104,13.73,1098.0,344.18,36.6
677.35794,9.698,322.4,0.8359,7.12,388.0,5.35,11.2
50.4467417,7.159,370.3,0.379,2.67,568.0,24.64,19.4
0.991552822,1.135,607.2,1.158,37.93,2558.0,10148.8,17.3
359.102042,16.949,1102.9,1.201,28.76,290.0,1.67,26.5
0.984971822,1.64247,6683.5,1.274,56.1,2321.0,6852.37,279.1
2.384052875,3.0918,1268.1,1.178,17.06,1010.0,244.87,50.5
3.012476582,3.1424,1138.5,1.261,65.25,2371.0,7471.65,253.4
10.8118317,2.627,76.8,0.896,1.24,922.0,170.74,9.5
90.08255562,19.7301,43252.2,0.099,49.2,666.0,46.58,3571.6
1.89129881,5.294,82.0,0.699,0.86,1414.0,944.68,29.8
3.47143963,3.663,99.8,0.719,1.19,1358.0,805.05,27.5
1.846861455,1.6605,648.6,0.48,2.23,1337.0,753.4,35.9
27.467217305,4.17961,71766.5,1.076,38.87,527.0,18.22,1986.1
3.442714533,3.36034,60039.0,1.142,47.02,1157.0,423.13,964.8
35.14578122,2.253,6789.4,1.276,32.5,480.0,12.6,86.8
0.573709256,1.4932,131.2,0.69,7.05,4415.0,90258.45,37.5
0.527678272,2.33166,247744.0,0.385,75.31,2551.0,9989.53,706.1
0.585940879,4.6979,1943.6,1.254,26.57,1873.0,2897.54,189.9
498.68845,17.88,548.3,0.1119,2.44,246.0,0.87,9.4
2.31894284,5.321,66.5,0.72,0.87,1375.0,844.12,13.6
0.566791802,2.2,49.3,0.679,0.66,2040.0,4113.39,15.6
12.56096618,3.7647,923.1,0.022,2.74,734.0,68.49,55.1
1.625522174,2.38963,7969.0,0.076,9.73,1579.0,1467.41,799.7
2.31610674,3.347,33.6,0.404,0.7,1559.0,1393.98,13.0
208.02789,10.82,255.0,0.6065,1.04,196.0,0.35,8.8
31.80475991,8.699,360.6,0.87,2.99,664.0,45.9,73.4
589.17968,10.2,253.4,0.0431,4.91,330.0,2.82,7.7
35.01190875,2.868,436.7,0.927,2.97,603.0,31.35,34.0
364.95068,0.636,824.0,0.9571,3.69,241.0,0.8,5.8
10.49566303,4.7356,106.1,0.16,1.34,1009.0,244.59,48.7
4.36125889,2.174,189.2,0.374,1.2,1000.0,236.01,10.7
4.761705895,3.3061,497.1,0.384,2.75,1201.0,491.37,138.5
522.64613,17.77,648.1,0.007,0.8,92.0,0.02,10.5
0.566790294,3.641,64.0,0.393,0.89,2432.0,8244.38,22.6
1.620467654,2.1888,159.6,0.271,1.57,1681.0,1893.42,22.7
0.858285844,1.799,43.4,0.3323,0.9,2274.0,6321.2,10.8
1.937029968,1.4727,312.3,0.105,0.87,802.0,97.94,42.8
363.97165,5.702,1966.0,1.394,40.48,231.0,0.68,8.5
24.4004378,2.987,860.5,0.909,2.47,437.0,8.64,20.2
35.61760233,8.4559,4634.9,0.009,5.17,456.0,10.19,155.0
11.49500229,7.602,51.4,0.911,1.53,1105.0,351.79,22.9
9.88736642,4.23,68.0,0.383,0.68,768.0,82.32,14.6
8.77997349,3.2201,755.7,0.481,2.12,713.0,61.24,32.7
7.28171395,1.723,111.6,0.956,2.59,1086.0,329.68,14.4
0.634131057,2.851,27.1,0.0891,0.58,2488.0,9062.53,11.7
14.797219157,7.61037,252699.0,0.157,47.71,787.0,90.8,7795.3
8.11437482,2.2736,1558.0,0.573,2.1,460.0,10.55,56.4
16.9329284,1.218,488.3,0.319,2.46,793.0,93.34,20.4
2.99194823,4.39,99.6,0.71,0.78,1019.0,255.16,18.2
0.643703667,0.801,172.0,0.036,1.48,2358.0,7305.66,40.3
2.581595167,4.9153,171132.0,0.124,40.94,1328.0,735.27,338.2
1.710279417,2.252,228.8,0.473,1.57,1524.0,1272.5,19.9
1.594162001,5.4958,9876.3,1.128,26.11,1419.0,960.51,415.0
6.77408984,2.6215,520.3,0.026,2.5,1058.0,295.82,33.6
194.896925,2.504,557.4,0.5298,8.98,575.0,25.77,8.8
13.81733587,4.261,223.2,0.967,2.04,781.0,88.04,20.4
1.204274435,1.3362,185.8,0.528,1.19,1564.0,1413.91,34.7
25.19830439,5.1942,73834.2,1.069,46.14,604.0,31.54,1669.4
1.23516416,4.713,64.6,0.678,0.92,1866.0,2861.14,13.0
4.243748097,3.3603,1409.7,0.032,3.16,1063.0,301.46,139.8
296.6375817,16.425,2763.1,0.429,7.56,332.0,2.88,250.0
5.80184753,3.9551,22143.0,0.478,14.0,989.0,225.81,118.1
27.533803402,3.96227,48152.7,0.908,50.02,777.0,85.95,5446.9
25.6613816,4.459,166.5,0.864,1.78,683.0,51.48,14.6
7.216951388,1.89082,4284.5,1.283,41.57,1055.0,292.7,312.2
14.30517579,4.535,863.4,0.924,3.05,693.0,54.59,37.5
11.41437505,6.276,45966.0,0.895,44.08,1128.0,383.45,34.2
273.528359,22.346,408.5,1.363,115.4,557.0,22.75,32.1
6.40087137,2.5561,133.6,0.861,1.91,1109.0,357.44,24.4
7.69363627,5.0324,295.1,0.366,2.12,1069.0,308.61,55.1
43.8496474,2.217,452.3,0.02,21.42,1286.0,645.68,8.3
0.962590772,1.2569,1021.6,1.236,31.51,2026.0,3989.37,90.4
15.77382794,4.957,313.6,0.035,2.72,955.0,196.14,30.4
24.66461416,2.8579,2398.8,0.8,5.34,567.0,24.53,56.7
5.101375725,2.595,894.6,0.027,2.84,1050.0,287.28,55.1
1.78752921,5.315,62.9,0.064,5.86,3868.0,52997.01,16.0
43.84439721,6.802,615.2,0.852,2.87,531.0,18.77,83.7
20.9254083,6.783,109.0,0.201,1.26,729.0,66.95,15.5
0.730949487,2.367,87.3,0.86,1.27,2311.0,6730.38,15.8
8.80854183,34.7564,174.7,0.993,2.69,1000.0,236.05,137.3
0.566798545,5.224,36.9,0.331,0.53,2004.0,3787.58,23.3
1.42796645,12.8653,6012.3,1.305,39.76,1637.0,1700.47,347.6
61.569765,9.75,298.3,0.486,2.44,530.0,18.66,10.9
16.33888067,9.3599,1718.4,0.256,10.47,963.0,203.31,201.9
3.053563251,3.2551,508.4,1.208,21.79,1171.0,444.16,50.4
88.6440015,7.82,625.5,0.724,2.51,391.0,5.51,57.6
0.786483923,7.035,233.3,1.139,21.66,2408.0,7999.91,104.2
2.7881793,3.397,55.8,0.058,1.02,1510.0,1228.07,17.7
2.071939672,4.45367,198766.0,0.806,75.64,1696.0,1953.33,2409.8
1.638652525,1.952,166.9,0.365,1.29,1610.0,1585.07,16.4
60.8660974,4.397,714.3,0.004,1.39,244.0,0.84,15.4
21.5702917,40.4,148.7,1.155,29.53,888.0,146.81,41.0
4.08029328,2.8343,1128.4,0.2428,2.92,1044.0,280.4,43.1
244.60373,10.87,769.8,0.2652,2.1,235.0,0.72,17.7
30.4544418,6.896,472.1,0.929,2.6,624.0,35.92,17.3
5.7768734,5.762,71.0,0.994,3.13,1399.0,905.0,10.1
0.643468999,1.1108,108.0,0.266,0.88,2001.0,3772.66,19.6
1.806631432,1.102,217.5,0.536,1.05,1059.0,297.98,10.4
1.181165291,1.013,370.4,0.632,1.52,1398.0,905.88,14.1
10.916108342,3.6496,1479.0,0.7699,3.93,758.0,78.19,302.2
37.482223878,4.81451,28976.8,1.2,114.14,902.0,156.47,1262.3
3.258249472,2.6358,1643.5,1.264,79.23,2057.0,4234.38,202.0
130.110715,2.227,251.9,0.1883,1.32,343.0,3.26,6.4
2.984157711,1.2637,2598.0,0.45,0.92,401.0,6.12,24.3
61.0011095,1.049,408.0,0.7091,2.55,536.0,19.57,4.6
75.3787816,5.268,387.7,0.046,1.6,360.0,3.97,30.1
2.500560859,7.5902,20.4,0.104,0.48,1486.0,1149.55,4.5
1.140133012,9.251,223.2,1.181,126.77,4370.0,86385.22,63.4
4.128795314,2.771,154870.0,0.739,52.0,1244.0,565.91,1041.8
52.6095103,8.202,203.7,0.102,1.83,553.0,22.13,15.3
7.77241144,5.272,286.9,0.317,1.69,938.0,183.58,18.9
168.81133,6.582,614.4,0.083,1.69,241.0,0.8,15.3
0.624677585,2.411,37.3,0.522,1.28,4391.0,87591.59,31.0
1.565412613,0.7572,2754.6,0.003,1.73,648.0,41.85,48.6
2.112405306,2.5845,489.0,1.207,19.01,1225.0,533.2,42.2
10.643743766,6.29783,436506.0,0.353,47.87,675.0,49.06,3167.9
6.21716039,4.4289,211.2,0.333,1.81,1098.0,343.21,25.0
5.99078221,1.699,69.9,0.944,1.03,987.0,223.93,8.6
49.763624,2.749,412.0,0.02,2.43,588.0,28.31,6.8
401.38712,32.21,166.2,0.666,2.04,303.0,1.98,18.6
86.64764448,4.2326,7311.6,0.0,9.4,419.0,7.28,241.9
2.41434868,1.2701,191.0,0.221,0.97,953.0,195.08,30.0
8.10503551,4.459,209.9,0.353,1.45,959.0,199.74,16.5
0.690405794,1.7407,178.4,0.281,1.04,1731.0,2129.33,43.0
38.1303324,6.53,180.4,0.562,1.54,613.0,33.43,11.6
117.140785,3.401,337.1,0.643,15.87,862.0,130.52,8.5
6.252962249,2.5819,1036.9,0.105,2.65,823.0,108.3,47.1
73.26417,5.54,38.4,0.4719,1.32,584.0,27.47,3.0
10.845286549,4.3876,7473.8,1.307,319.52,1682.0,1893.11,416.1
0.93372008,2.591,17.0,0.413,0.41,1990.0,3704.01,7.9
240.7990472,16.666,5022.9,0.647,10.31,342.0,3.22,170.1
1.33255441,3.828,106.7,0.649,1.12,1743.0,2180.2,15.1
2.5903958,2.088,330.9,0.725,2.55,1484.0,1147.44,18.3
205.30627,7.86,671.0,0.1543,2.48,314.0,2.29,6.4
8.258181993,3.9122,311858.0,0.61,58.19,809.0,101.33,2981.6
3.79187443,3.5521,230736.0,0.798,47.49,1004.0,240.31,1111.9
12.3101351,3.797,263.7,0.783,1.51,651.0,42.42,12.9
66.1539783,5.896,6951.0,0.873,9.69,468.0,11.3,57.7
1.93155546,1.614,504.9,0.861,2.25,1290.0,655.43,8.6
0.769854899,1.0243,109.6,0.705,0.93,1650.0,1756.8,28.7
0.93198504,2.0472,326.6,1.19,17.72,1647.0,1734.47,44.5
0.705816203,5.55,149.0,1.133,15.33,2109.0,4650.24,19.6
0.566804221,4.639,166.0,0.536,0.85,1737.0,2149.42,31.0
328.0485,13.75,398.0,0.329,2.22,292.0,1.72,6.9
190.60563,14.33,153.6,0.0108,1.6,386.0,5.25,11.6
2.98618134,2.969,122.9,0.249,1.16,1356.0,798.35,12.0
3.564614021,3.44204,94342.0,0.989,46.0,1187.0,470.37,728.8
62.7843981,4.81,325.0,0.272,2.28,530.0,18.7,21.1
7.05675145,2.0261,130.0,0.631,1.68,1196.0,483.95,25.2
2.97586085,4.513,105.9,0.117,0.85,1135.0,392.05,9.1
1.37347867,12.62,289.9,0.9848,4.25,2505.0,9313.26,27.2
0.915782856,2.24,301.0,1.209,32.86,2307.0,6663.73,7.7
1.400991827,4.8798,64104.0,1.093,98.13,2468.0,8795.37,669.6
7.363572395,5.7545,129696.0,0.922,82.22,1287.0,649.25,224.9
14.361021578,13.2895,459877.0,0.003,45.9,594.0,29.44,2599.0
4.238855579,5.2235,68002.0,1.031,38.01,1044.0,280.82,374.8
2.852348262,0.7051,1402.9,0.295,1.66,621.0,34.95,33.3
134.4785189,5.9288,4033.5,0.924,10.52,412.0,6.81,149.9
0.730964241,2.483,44.0,0.459,0.99,2467.0,8801.05,28.7
0.98762513,1.127,28.6,0.547,1.14,3728.0,45704.5,14.8
2.92878704,4.634,549.4,1.212,22.76,1239.0,556.77,47.7
1.588298157,4.37027,165034.0,0.855,120.0,2773.0,13941.82,1071.6
0.692015479,1.1315,4518.1,1.267,19.31,1057.0,294.34,163.4
3.035206175,0.6182,696.9,0.965,3.59,1143.0,403.53,19.1
12.011661094,3.77516,14293.6,1.024,55.2,1317.0,710.87,1898.4
3.4327371,4.001,63.2,0.703,0.75,1134.0,390.57,15.3
85.517344,9.331,270.2,0.944,3.04,482.0,12.75,12.9
4.603575293,2.3499,440.4,0.246,1.51,810.0,101.65,79.7
56.35407916,3.4449,1037.0,0.835,2.59,352.0,3.63,59.4
2.845739012,11.9327,24391.8,1.213,44.7,1294.0,663.42,488.6
1.089057762,1.637,37.4,0.185,0.44,1404.0,917.78,9.2
11.578946873,4.6373,299739.0,0.441,58.32,869.0,134.91,2456.3
392.94247,11.055,120.3,0.01,1.6,347.0,3.43,10.0
7.0257409,2.245,190.7,0.812,1.56,969.0,208.92,21.2
3.03196812,1.723,81.5,0.287,0.9,1269.0,614.2,15.8
14.4540329,7.183,79.7,0.522,0.72,676.0,49.51,17.2
8.19345065,5.234,115.4,0.815,1.74,1144.0,405.75,15.7
1.916940872,1.4243,105.1,0.405,0.89,1246.0,571.25,17.7
0.959853772,1.9163,55.8,0.646,1.3,2468.0,8768.54,27.1
0.689967868,1.1688,122.9,0.119,0.78,1539.0,1336.82,28.7
425.483539,17.856,996.6,0.03,3.2,248.0,0.89,19.6
1.59295975,1.9313,248.3,0.0779,1.48,1517.0,1251.43,48.9
92.436978,6.432,955.2,0.943,2.89,348.0,3.46,17.8
4.8591441,3.8588,2183.6,0.932,6.9,1303.0,681.41,81.6
3.78402867,1.9012,426.1,0.691,1.7,949.0,191.78,25.6
2.680514453,3.21178,195748.0,0.359,48.86,1431.0,989.89,665.5
4.708326451,3.16114,7912.7,0.061,10.6,1162.0,431.02,633.4
0.619618218,1.2517,50.3,0.389,3.34,3818.0,50197.86,4.4
62.81584402,2.6901,1688.4,1.31,57.62,582.0,27.14,54.6
96.169569,7.496,894.5,0.049,2.07,321.0,2.52,20.0
20.83426731,4.0454,988.4,0.256,2.74,595.0,29.62,45.1
15.52861675,2.131,500.0,0.113,1.96,685.0,51.98,17.3
5.407157086,5.8919,74653.3,1.062,125.96,1984.0,3667.86,2882.0
1.946198513,4.0336,130722.0,0.249,52.58,1853.0,2779.44,902.8
5.26641416,2.4404,223.8,0.774,2.62,1421.0,964.18,37.8
1.81139053,8.64,77.5,1.137,14.47,1466.0,1092.69,12.5
4.2058608,7.39,182.0,0.438,1.14,1012.0,248.04,13.3
10.04556377,3.2027,671.4,0.075,2.19,766.0,81.61,66.5
67.41958542,7.645,182171.0,0.72,49.46,470.0,11.48,836.0
9.69310837,2.734,1130.7,0.534,2.12,609.0,32.4,30.4
8.99088621,4.2447,469.7,0.77,2.78,960.0,200.35,93.6
1.428766771,3.9753,92.2,0.354,1.01,1737.0,2157.42,3.6
8.0103929,4.2713,294.1,0.045,1.88,940.0,184.38,34.6
3.311864148,1.4049,5976.5,0.905,9.06,1116.0,365.94,448.2
5.78387049,1.3966,413.3,0.227,2.07,1051.0,288.69,20.7
53.556625,16.18,3963.0,0.879,26.31,1076.0,317.03,22.1
16.56806842,4.2647,1331.4,0.164,2.54,548.0,21.27,41.9
0.700606479,0.993,23.5,0.37,1.22,3312.0,28551.69,9.0
11.720123999,3.0039,9763.3,0.623,7.94,660.0,44.89,707.3
2.08802799,24.017,70.8,0.9865,1.93,2003.0,3806.17,60.5
12.92489803,2.6811,959.0,0.768,2.62,620.0,34.95,49.5
0.542122617,1.283,88.3,0.108,0.94,2238.0,5914.13,16.3
72.3826983,8.279,366.4,0.791,4.21,575.0,25.83,29.5
2.94648935,3.155,57.0,0.01,0.89,1497.0,1187.5,12.7
161.78832712,5.31,87750.0,0.267,36.14,375.0,4.68,704.5
10.08881066,1.7726,1995.9,0.921,4.71,734.0,68.62,51.4
7.256962446,4.9402,463.2,0.676,3.53,1163.0,432.1,168.3
12.07760884,2.233,151.0,0.264,1.03,708.0,59.51,14.0
21.3588236,5.823,640.1,0.092,2.52,691.0,53.89,33.2
371.1495,15.855,597.3,0.228,2.07,245.0,0.85,11.5
339.18109,5.34,157.9,0.077,1.7,332.0,2.88,11.5
2.873657901,2.1054,43895.0,1.13,110.29,1830.0,2645.12,65.6
19.651209505,5.2514,11766.3,0.723,12.42,730.0,67.03,513.4
5.644914154,2.2599,1397.9,0.445,2.66,744.0,72.38,63.9
0.676715927,0.63,264.5,0.652,1.29,1735.0,2135.8,14.5
17.9346606,6.25,142.7,0.976,2.8,1002.0,238.78,18.8
51.42598578,16.9422,66067.7,0.203,29.66,549.0,21.4,1843.8
19.96367208,2.6403,270.9,0.846,1.5,564.0,23.88,36.3
2.27190723,5.383,149.0,0.719,1.12,1318.0,714.27,36.8
18.6052046,6.829,242.5,0.093,1.94,833.0,113.88,13.1
6.31943553,3.3422,581.1,0.775,2.71,986.0,223.15,61.0
24.0612744,19.9438,440146.0,0.461,83.77,749.0,74.37,1161.1
41.8059544,6.057,434.4,0.029,2.02,533.0,19.02,28.3
29.911334059,7.26916,354377.0,0.559,47.83,471.0,11.68,1349.8
1.507100589,5.8097,497657.0,0.336,131.16,2378.0,7555.78,711.8
49.873958,1.351,562.0,0.4119,1.5,366.0,4.26,5.7
76.377855,4.809,11004.0,0.577,6.28,240.0,0.78,38.6
17.14648756,4.2354,440.3,0.918,3.64,811.0,102.24,28.3
45.3486381,4.858,162.9,0.847,1.61,531.0,18.84,15.9
2.21701025,2.148,29.4,0.0662,1.16,2371.0,7467.21,11.7
7.46662068,3.87,120.9,0.255,1.65,1141.0,401.08,27.4
34.0350605,6.695,727.8,0.474,2.76,583.0,27.24,41.3
253.40538,7.43,240.8,0.3967,2.69,443.0,9.13,5.0
23.2218115,2.744,210.4,0.913,2.42,746.0,73.08,16.9
358.96247,23.49,670.8,0.424,2.37,242.0,0.81,12.1
3.613757526,5.9128,4872.2,0.812,7.05,1182.0,461.67,591.2
4.301031137,5.65214,204153.0,0.79,93.01,1454.0,1056.61,1526.2
0.735146413,5.053,275.4,1.192,168.34,5366.0,195250.9,78.0
0.687506554,1.441,130.3,0.085,8.73,4748.0,120304.4,14.4
101.889228,2.71,80.9,0.0237,1.43,487.0,13.26,8.5
15.77980122,4.0369,541.4,0.025,2.11,713.0,60.96,39.4
2.46050095,1.861,276.8,0.052,1.03,969.0,208.54,16.7
99.6415962,4.448,952.5,0.028,2.64,360.0,3.97,22.7
0.787120016,3.1648,265.5,1.263,23.81,1972.0,3579.78,43.3
23.67513153,4.647,980.4,0.822,2.76,528.0,18.38,32.6
3.148661555,2.1978,550.5,0.652,2.15,1097.0,342.76,35.3
67.6690554,9.556,961.1,0.354,3.39,495.0,14.24,37.2
2.151214629,2.226,332.6,0.235,14.54,3287.0,27604.18,28.5
3.58957045,3.418,1221.2,0.002,2.49,862.0,131.02,53.6
94.886902,6.923,641.7,0.982,4.24,429.0,7.99,25.5
15.72585941,3.8284,1313.1,0.122,2.69,602.0,31.13,32.7
31.59115876,2.6431,1434.4,1.247,72.91,783.0,88.84,83.5
1.061934816,3.2551,437.2,1.25,25.72,1660.0,1789.63,74.5
10.19849255,2.4283,634.1,0.714,1.75,559.0,23.11,21.4
219.74735,22.48,190.4,0.097,3.24,427.0,7.82,12.7
245.01902,8.56,375.9,0.3471,1.98,310.0,2.17,10.1
2.164570593,1.2862,525.1,0.338,1.27,783.0,88.91,19.8
54.77145968,37.1871,7224.8,0.637,34.32,777.0,86.12,751.1
15.5714121,2.294,173.5,0.312,0.72,399.0,5.98,13.0
1.886002102,1.021,47.4,0.361,0.65,1433.0,997.72,7.6
5.424749327,1.139,7680.0,0.016,5.15,625.0,36.05,78.0
0.974479091,1.866,221.2,0.224,1.19,1513.0,1239.32,25.3
0.98376204,10.052,55.0,1.01,12.44,4203.0,73867.88,25.2
1.105095798,2.624,141.7,0.295,0.89,1445.0,1025.9,17.4
54.323118,25.863,538.0,0.9727,5.06,706.0,58.78,19.2
67.7125988,1.538,542.4,1.8756,82.63,460.0,10.63,13.4
15.65563866,3.9305,955.9,0.304,2.55,623.0,35.62,53.2
11.023474798,1.4814,1795.5,0.724,2.46,429.0,8.04,77.2
1.04562195,1.8955,213.0,0.037,1.45,1710.0,2031.84,25.3
0.94808587,8.03,229.8,1.105,37.72,3359.0,30040.23,145.3
45.3965379,3.826,1001.6,0.085,1.97,326.0,2.66,15.3
5.71489692,2.3572,425.9,0.011,1.33,747.0,73.38,73.0
28.5742692,4.9427,824.9,0.068,2.32,538.0,19.83,97.1
532.9307,3.89,181.4,0.4579,4.68,498.0,14.53,5.3
134.96694,18.43,68.4,0.0156,0.87,385.0,5.18,6.9
18.87022157,3.1404,1096.6,0.013,2.82,621.0,35.13,72.7
360.15417,12.806,790.6,0.2583,2.99,270.0,1.25,11.1
0.56681727,1.779,35.9,0.042,0.42,1832.0,2676.11,9.1
186.55347,13.57,334.5,0.2803,1.86,341.0,3.18,11.0
4.39049637,3.0112,113.5,0.389,2.07,1637.0,1701.16,31.1
243.82122131,10.9312,56799.3,1.029,56.63,365.0,4.18,2804.3
15.160166,5.856,307.9,0.228,2.09,821.0,107.59,26.1
1.88984957,19.45,249668.0,1.182,73.04,1221.0,526.5,401.5
204.280255,37.2,10579.0,0.875,8.99,236.0,0.73,35.1
4.45814897,2.867,188.1,0.754,1.61,1212.0,511.6,14.3
62.7356439,10.7925,243702.0,0.73,90.12,590.0,28.65,1115.3
0.76757669,2.04757,157612.0,0.821,34.23,1530.0,1294.42,431.3
1.023470248,2.3804,129526.0,1.409,100.39,1807.0,2522.39,262.2
3.108251172,2.5048,1867.7,0.9,4.43,1096.0,340.69,156.5
17.512014768,1.8248,4511.7,0.994,13.66,804.0,98.77,322.3
4.442520831,2.4779,531.5,0.966,3.98,1392.0,889.36,100.3
2.97041801,2.2369,530.7,0.379,1.7,991.0,228.11,22.4
4.9432827,40.01,27.1,0.5719,1.21,1739.0,2161.95,12.9
381.850599,4.772,1702.0,0.4148,3.59,222.0,0.58,13.8
1.174683069,2.5167,356.4,0.98,3.06,1901.0,3076.92,87.5
5.35745121,2.592,78.2,0.119,1.65,1457.0,1065.83,16.4
1.036592635,2.40749,124498.0,0.898,463.05,4194.0,73013.77,444.7
427.65334,11.17,157.1,0.4355,1.97,284.0,1.53,7.2
1.80774253,2.637,592.6,0.9062,5.29,1822.0,2606.24,15.1
4.664188563,3.773,11360.5,1.254,52.09,1221.0,525.46,272.6
26.2402438,3.024,174.0,0.36,1.16,583.0,27.36,7.9
67.0930642,7.334,1254.2,0.822,3.51,420.0,7.38,73.7
14.5565618,4.554,103.8,0.031,1.08,787.0,90.4,17.1
1.752553762,3.877,414.7,0.346,1.06,933.0,178.74,32.5
4.585466941,3.4437,383.5,0.823,3.29,1307.0,688.54,84.8
15.3466028,4.966,238.5,0.591,3.64,1194.0,480.12,13.0
0.82820657,2.70353,118533.0,0.94,35.67,1473.0,1109.75,548.3
43.263305017,10.0915,359086.0,0.555,62.75,505.0,15.38,2415.6
5.92972237,2.518,412.1,0.048,1.92,972.0,210.95,8.9
5.248667607,1.917,601.2,0.847,2.84,1056.0,293.42,59.5
18.79852,4.795,487.4,0.936,2.04,509.0,15.82,11.2
7.97033985,2.6675,490.8,0.107,1.81,839.0,116.77,23.5
2.41660149,1.9699,83.6,0.035,0.92,1343.0,770.05,33.7
12.53248222,4.0168,1145.9,0.668,3.24,775.0,85.15,66.7
355.79978,5.972,172.3,0.4433,1.87,324.0,2.6,10.5
112.645961,7.037,1957.9,1.277,35.36,377.0,4.76,23.3
1.149198426,4.1603,37721.0,1.167,42.03,1690.0,1922.43,164.2
45.035589512,9.8341,404836.0,0.499,82.4,600.0,30.66,1763.5
3.57017774,4.473,79.6,0.094,57.36,6119.0,331478.01,8.9
4.147021189,2.8997,3680.7,0.255,7.31,1258.0,590.84,421.2
29.7452499,22.695,778.9,0.941,3.6,557.0,22.74,55.9
38.2856338,6.512,322.8,0.115,1.77,534.0,19.24,15.0
3.17059731,1.6686,325.4,0.793,1.69,1080.0,321.28,20.1
5.81289843,3.979,76.3,0.499,0.93,1102.0,348.61,9.5
10.81589054,4.73495,45399.6,0.219,32.48,1086.0,328.64,4313.4
82.292865,7.048,371.1,0.195,1.82,400.0,6.07,13.0
3.51295674,3.06,83.1,0.499,1.1,1434.0,999.6,22.5
29.9632816,2.6,893.2,0.855,2.24,391.0,5.55,17.7
3.10197712,7.083,124.6,0.984,2.64,2246.0,6009.05,63.3
6.11010439,2.314,59.7,0.284,0.93,1125.0,378.84,11.8
4.56447463,6.415,208.4,0.508,1.13,902.0,156.74,42.6
0.66234265,1.049,2359.0,0.631,5.13,2089.0,4499.32,12.4
350.98474,14.49,600.0,0.0886,1.97,228.0,0.63,10.8
0.668483494,2.4129,722770.0,0.773,138.76,2082.0,4439.53,334.3
13.72710334,7.3419,199.2,0.025,2.38,1005.0,241.58,62.5
2.14344093,3.9741,133317.0,0.686,28.69,1033.0,269.48,645.9
0.743495989,2.255,172.8,1.144,11.82,1617.0,1612.65,26.0
60.32494216,6.6188,20280.4,0.224,12.19,411.0,6.77,347.2
3.74031708,2.394,165.6,0.277,1.38,1287.0,646.81,15.6
20.6180348,3.267,769.5,0.155,1.57,359.0,3.92,16.3
52.75878505,6.6517,5805.8,0.344,8.76,540.0,20.08,265.4
3.42390809,1.773,153.1,0.213,1.25,1212.0,508.75,13.1
1.05680287,5.748,82.3,0.563,0.83,1633.0,1686.88,10.9
12.4262889,18.764,94.2,0.879,1.23,864.0,131.83,20.5
21.12752693,2.253,51.8,0.157,20.93,2349.0,7200.22,18.4
6.41491277,3.3629,121.0,0.869,1.4,1069.0,309.12,51.1
39.206808648,6.24701,186978.0,0.81,50.2,516.0,16.82,1274.3
3.76417012,2.0111,558.4,0.287,1.7,908.0,160.99,27.2
0.758355704,4.4135,9568.3,0.846,8.78,1765.0,2292.94,153.3
1.21475168,6.93,266.1,0.461,5.5,3302.0,28091.85,7.9
17.042155208,7.80412,55165.0,0.455,24.93,760.0,78.98,2046.2
10.738427243,2.3544,1684.2,0.036,6.96,1137.0,394.4,112.8
17.5509742,4.064,3859.0,0.2023,5.97,700.0,56.9,9.7
5.28790754,8.5274,343.9,0.474,7.1,1661.0,1802.31,90.6
14.313157391,8.90236,21566.9,0.004,34.98,1144.0,404.48,4262.9
353.36705,3.279,34.1,0.2481,2.6,701.0,57.03,7.0
2.6160943,21.34,29.3,0.6458,0.81,1744.0,2188.14,5.6
24.08632177,2.236,1041.7,0.802,2.78,500.0,14.78,18.0
11.344347453,5.9738,258242.0,0.692,62.52,810.0,101.92,437.2
1.752564549,3.503,116.6,0.741,1.38,1741.0,2174.09,38.0
0.566785459,2.893,63.8,0.588,0.84,2280.0,6410.46,16.5
27.81892382,8.3777,238224.0,0.606,50.0,610.0,32.75,156.8
0.987069622,1.0092,384.8,0.2,2.43,2232.0,5878.09,2.5
11.76307164,2.9076,1037.3,0.048,2.35,616.0,33.99,48.9
0.941840589,5.06,388.3,1.198,27.05,2200.0,5547.35,23.0
14.42735088,4.857,117.0,0.977,1.53,783.0,88.9,21.5
0.933728196,3.441,67.7,0.015,0.85,2006.0,3826.49,13.3
457.513348,5.763,562.5,0.9613,25.18,512.0,16.21,3.9
0.960842633,2.6441,2022.9,1.341,67.53,2808.0,14655.53,176.1
17.2922631,7.042,203.1,0.865,2.13,809.0,101.22,23.7
134.4665,5.27,1032.0,0.2848,2.48,280.0,1.45,6.7
5.801880653,4.2608,41924.0,0.773,19.91,964.0,203.62,396.8
11.76921923,3.219,519.3,0.964,3.12,868.0,134.04,27.4
11.96407399,4.526,784.2,0.903,3.21,808.0,100.96,22.9
3.595769013,3.1569,383.7,0.496,2.39,1296.0,666.88,45.9
11.02520205,12.8097,429759.0,0.439,164.02,1294.0,663.18,2585.5
0.93891532,2.134,39.1,0.069,1.13,2667.0,11944.88,8.2
17.30795548,5.1126,633.0,0.0,3.56,815.0,104.37,46.4
4.6484156,38.1939,128.4,0.968,5.06,2259.0,6152.88,91.7
12.893018017,3.30029,16032.8,1.241,62.52,1004.0,240.5,453.0
8.027681123,3.0942,8725.4,0.495,8.43,824.0,109.35,461.5
28.5463574,9.29,153.3,0.2411,1.35,596.0,29.76,10.1
10.94026745,2.3494,538.6,0.595,2.08,764.0,80.52,30.6
13.37935853,8.809,353.5,0.974,6.65,1395.0,896.56,36.2
55.119831,4.703,114.5,0.6049,1.68,622.0,35.48,8.2
9.44942685,6.40303,488997.0,0.395,68.38,813.0,103.29,1246.3
12.7945474,3.4197,816.7,0.18,1.6,455.0,10.1,54.1
5.93720557,4.882,371.4,0.976,1.84,894.0,150.81,59.9
0.566795586,4.124,39.4,0.686,0.66,2296.0,6597.1,19.6
63.909601,11.85,143.0,0.0578,0.76,351.0,3.57,6.1
2.69633621,5.238,238.6,1.141,15.78,1334.0,749.66,26.5
5.682410334,5.33373,220418.0,0.761,72.9,1141.0,401.43,2041.6
0.764597756,1.119,16.6,0.345,0.72,2708.0,12721.72,12.0
5.99321872,3.92,203.2,0.02,1.23,952.0,194.41,9.5
19.979098,10.5638,38418.0,0.576,22.98,739.0,70.59,449.1
2.44199803,2.759,251.7,0.856,1.44,1282.0,638.05,27.2
10.12742274,1.2762,933.5,0.696,3.8,969.0,208.77,19.5
21.21712312,5.89,636.0,0.89,2.97,706.0,58.63,56.2
15.33528675,3.897,3081.4,0.773,5.0,610.0,32.67,86.6
0.995861402,1.1507,4993.8,1.256,26.93,1477.0,1124.35,272.0
15.0367776,3.042,503.5,1.115,8.02,381.0,4.96,10.8
2.8736467,1.682,215.7,0.985,6.47,2866.0,15977.28,21.2
1.952711161,0.872,403.0,0.962,2.58,1403.0,917.15,30.7
13.72462702,6.9758,281.8,0.748,2.13,831.0,112.82,50.1
0.562273947,3.1572,67.0,0.662,0.73,2083.0,4412.19,52.4
7.50023955,2.916,273.2,1.194,21.06,901.0,155.6,29.0
1.33253834,3.737,62.4,0.164,0.64,1453.0,1051.03,9.7
0.93376021,3.182,56.5,0.297,0.4,1019.0,253.97,9.5
371.21454,19.4,1780.0,1.254,28.21,212.0,0.47,14.4
259.85736,24.04,307.7,0.512,1.33,237.0,0.74,14.2
204.818268,1.93,303.6,0.346,5.18,525.0,17.9,5.4
42.4269647,5.907,632.4,0.962,3.44,496.0,14.33,26.0
53.106597,2.914,82.4,0.5182,2.2,860.0,129.19,7.3
3.290304098,1.7215,13552.6,0.09,4.91,540.0,20.06,220.5
2.227718792,4.9699,1039.0,1.04,8.88,1400.0,906.46,124.3
1.38718209,2.595,45.5,0.28,0.68,1707.0,2011.41,7.2
0.938857507,3.98767,12960.3,1.217,1148.7,6867.0,526061.85,962.6
5.110771787,2.48392,50681.0,0.878,26.98,1048.0,284.85,394.0
53.647084859,19.9499,219095.0,0.432,142.04,753.0,75.91,3272.4
18.74649011,3.895,796.8,0.508,3.05,686.0,52.38,26.7
1.018347376,4.386,47.8,0.654,1.92,2832.0,15153.38,33.3
36.97708808,4.737,1269.9,1.246,38.6,602.0,31.08,59.2
0.779615874,3.932,81.5,0.699,0.83,1847.0,2735.51,22.0
655.25732,20.05,268.2,0.141,1.56,226.0,0.62,11.5
30.8278245,4.214,641.3,0.023,2.42,585.0,27.66,13.9
3.55650976,12.7364,687454.0,0.622,283.93,2353.0,7238.22,3867.7
2.76263737,1.821,185.0,0.46,1.25,1231.0,544.05,14.1
8.98581901,2.8606,881.3,0.008,1.65,509.0,15.9,51.8
0.612888148,2.822,43.1,0.534,0.93,2796.0,14401.76,15.9
7.36178958,5.022,233.7,1.169,39.21,1342.0,767.22,47.7
70.335879746,4.65625,24418.4,1.04,29.56,455.0,10.1,2148.6
33.8938177,2.012,205.1,0.332,1.22,527.0,18.27,6.8
1.303576682,1.021,245.5,0.08,1.51,1694.0,1940.45,22.1
26.0203329,4.965,1164.4,0.704,4.53,675.0,49.09,23.7
0.945829261,1.715,98.2,0.326,0.86,1790.0,2433.01,15.1
2.252822538,3.41062,269847.0,0.621,57.6,1462.0,1078.82,1575.9
31.973311701,13.2105,75053.7,1.35,272.44,1289.0,652.01,1554.1
2.237180102,1.4734,493.8,0.374,1.75,1134.0,390.02,23.3
3.5565617,6.691,68.0,0.262,0.52,883.0,143.89,10.0
22.77196484,8.3476,325446.0,0.603,104.17,835.0,114.9,305.2
27.961084,3.8741,6268.2,1.02,21.5,796.0,94.86,106.0
3.840130917,2.8951,60401.0,0.872,33.44,1205.0,498.48,275.6
7.381980206,3.1152,1433.8,0.096,3.42,876.0,138.88,101.6
198.443477,9.9776,39943.0,1.149,41.72,279.0,1.44,464.2
364.42189,38.14,2498.0,1.276,36.37,264.0,1.14,28.5
9.8786461,1.8915,1472.7,0.019,1.6,393.0,5.65,49.2
3.31577795,4.2349,94567.0,0.633,27.77,1104.0,349.78,124.6
1.664980224,1.7455,230.8,0.987,3.68,1921.0,3223.3,47.6
5.26211833,3.244,194.5,0.71,1.95,1166.0,436.61,20.3
237.26601,8.74,150.4,0.034,1.23,299.0,1.89,8.6
309.19347,23.51,1445.0,0.1186,3.07,236.0,0.73,6.5
2.249000963,9.6022,58776.2,0.68,59.61,2126.0,4838.14,1159.5
1.109841858,8.11952,300713.0,0.12,177.78,2944.0,17830.7,2082.6
473.95103,11.778,330.6,0.1671,3.32,341.0,3.21,9.6
2.649026189,2.4698,52172.0,0.914,32.7,1377.0,852.59,190.1
0.64234865,2.1184,39597.0,0.966,25.76,1829.0,2653.37,231.7
1.08193721,4.788,115.3,0.168,0.77,1385.0,870.17,14.4
12.69104387,3.7727,252.1,0.008,2.57,1008.0,244.3,60.2
20.729255112,7.53677,341973.0,0.575,53.87,567.0,24.47,2957.7
1.47258471,4.76885,224011.0,0.75,123.25,2705.0,12617.53,741.5
14.7512034,1.25,261.1,0.8759,1.63,678.0,49.97,8.3
15.4126766,3.402,599.8,0.958,2.82,618.0,34.56,7.5
52.884577,7.892,11969.0,1.272,48.13,555.0,22.44,72.6
1.927177921,2.7742,136135.0,0.399,28.94,1219.0,523.16,204.7
14.092583189,4.1536,530.4,0.586,1.82,597.0,30.1,17.8
12.2064304,2.407,1337.2,0.104,5.41,895.0,151.44,16.2
0.957079167,3.85011,48673.6,1.135,72.76,2441.0,8421.62,3062.6
16.2951259,3.678,197.9,0.494,1.15,574.0,25.59,13.0
26.5487294,7.968,142.0,0.21,2.54,836.0,115.61,15.3
10.63609504,3.48,290.6,0.029,1.36,728.0,66.5,20.9
25.7054557,6.059,266.3,0.722,1.75,670.0,47.76,27.6
2.248288213,2.0361,263.2,0.004,1.25,1127.0,380.75,59.7
462.12069,10.42,633.7,0.002,2.46,249.0,0.91,9.9
2.714078374,1.3115,143.5,0.868,1.38,1301.0,675.86,36.8
431.51734,16.42,5332.7,0.718,10.28,287.0,1.6,206.2
9.469191607,9.55999,63501.9,0.627,49.17,1679.0,1875.84,4419.3
42.1918331,7.083,488.7,0.067,2.35,526.0,18.08,25.7
26.723169,8.501,195.0,0.035,2.31,781.0,88.1,67.5
2.72288246,2.408,152.6,0.08,1.06,1162.0,431.75,15.5
1.30627214,5.144,95.4,0.57,0.87,1490.0,1161.23,10.3
0.916326699,3.1427,96384.0,0.988,50.7,1917.0,3196.67,251.6
3.74782314,5.133,423.4,1.202,25.59,1253.0,583.52,53.8
4.302139338,2.0289,747.2,0.652,2.46,937.0,182.7,65.5
2.93101771,2.231,199.1,0.523,1.15,1134.0,390.28,15.0
14.2651545,3.601,66.3,0.353,1.06,853.0,125.45,13.9
9.4022333,2.79,316.0,0.019,23.61,2309.0,6719.57,9.8
20.74028645,10.3939,1023.3,0.431,4.24,798.0,95.68,155.3
47.0320478,5.892,367.8,0.161,1.98,492.0,13.83,13.7
1.02425556,2.6439,1631.7,1.312,29.83,1503.0,1211.99,40.6
6.010383339,2.1939,2652.1,0.436,3.8,768.0,82.31,276.1
7.71790675,1.84,306.8,0.112,0.9,502.0,15.01,12.6
21.92866538,9.7526,22178.4,0.931,65.97,983.0,220.41,664.6
3.132604547,3.6337,9969.2,1.251,48.73,1444.0,1028.81,222.3
15.713787218,11.3122,60384.4,0.762,27.64,747.0,73.68,3602.0
343.42046,11.11,482.7,0.3519,2.15,270.0,1.27,10.0
1.324247867,1.4759,83.3,0.295,1.3,2140.0,4951.46,26.5
2.980479588,3.72527,375343.0,0.479,70.52,1370.0,833.83,1737.7
7.12815163,5.522,45.9,0.201,1.36,1373.0,839.5,22.0
359.00688,32.16,2015.8,1.263,28.57,237.0,0.74,35.3
9.99760285,3.4423,638.7,0.851,2.82,860.0,129.18,39.0
18.01019956,3.516,177.7,0.966,1.93,758.0,77.99,43.4
71.661915163,6.33708,323613.0,0.612,55.04,365.0,4.18,1804.1
2.665875491,7.59461,161389.0,0.878,67.43,1502.0,1199.89,2274.7
7.545922037,4.0329,22.2,0.625,0.68,1084.0,326.67,13.4
0.977170246,3.4842,151.1,0.646,5.08,3226.0,25506.22,94.5
136.830243,2.956,464.3,0.3813,17.22,764.0,80.57,8.4
18.64532882,3.63893,433815.0,0.454,61.81,656.0,43.71,1256.8
1.7317958,2.924,60.6,0.445,1.19,1825.0,2628.3,10.5
3.741231778,2.469,419.0,0.25,1.55,951.0,193.55,66.6
33.1996355,5.022,1112.5,0.017,2.85,485.0,13.09,32.6
367.761848,4.891,428.0,0.025,20.06,623.0,35.55,9.8
11.55562042,1.6758,441.5,0.874,2.11,703.0,57.75,22.7
372.04697,14.29,673.4,0.0457,2.7,271.0,1.28,25.2
358.101884,6.393,114.0,0.5804,0.95,242.0,0.81,12.8
82.2001239,10.627,233.9,0.001,2.57,525.0,17.96,47.9
0.519437968,2.129,226.2,1.172,20.48,2402.0,7822.62,25.4
93.803766,2.946,460.1,0.63,2.05,375.0,4.69,8.6
7.384681,3.548,142.8,0.068,1.22,1000.0,236.56,10.6
4.13827684,3.449,63.8,0.499,1.13,1324.0,725.53,16.8
67.844689,11.757,211.2,0.368,2.65,592.0,29.08,18.9
289.864067,7.565,529.1,0.856,2.34,257.0,1.03,57.4
0.566802325,1.842,288.4,0.3857,1.4,1889.0,3012.0,70.3
16.46983774,9.4378,10478.9,0.292,7.94,595.0,29.61,303.4
2.037440623,3.442,118.6,0.715,1.19,1572.0,1448.05,27.0
0.575884418,2.0734,272.2,1.258,31.17,2397.0,7790.32,43.2
5.14072621,27.24,145.6,1.159,19.28,1076.0,317.19,44.5
17.527826808,5.78491,347519.0,0.567,49.36,554.0,22.31,2450.1
1.332565736,6.0828,2319.8,1.268,33.69,1674.0,1849.94,301.7
82.137609997,6.11904,210772.0,1.221,197.85,640.0,39.55,3583.1
410.11676,13.97,216.9,0.243,1.41,242.0,0.81,11.2
4.90144976,4.1654,140.7,0.529,1.7,1262.0,598.74,50.6
681.01756,8.74,133.9,0.362,1.69,274.0,1.33,9.2
25.273355,34.48,496.1,1.208,24.74,579.0,26.57,16.9
40.5289885,10.604,360.7,0.325,5.92,933.0,178.81,35.3
2.856085147,4.5776,173843.0,0.841,88.52,1739.0,2164.0,422.1
38.5576546,5.794,993.0,0.911,4.02,550.0,21.71,39.7
4.664186517,4.0639,555376.0,0.29,278.81,1683.0,1896.44,445.7
15.13590453,2.236,255.7,0.46,2.57,933.0,179.16,19.8
56.6746666,5.516,883.1,0.626,4.01,522.0,17.59,22.7
419.95929,13.86,196.2,0.4834,1.53,266.0,1.18,5.9
1.332564704,5.9775,1049.5,1.249,30.04,1692.0,1945.27,124.0
10.37168928,3.035,1254.9,0.537,3.2,720.0,63.68,64.5
3.053578643,3.22884,52879.9,1.11,35.35,1035.0,271.46,661.4
11.38840217,3.6949,438.0,0.243,3.04,979.0,216.55,34.7
18.59611518,2.3052,813.8,0.014,1.53,371.0,4.48,27.6
2.43574046,22.25,6223.0,0.997,24.62,2102.0,4614.94,74.6
0.502622858,3.085,146.0,0.693,1.41,2478.0,8838.66,41.1
2.178150567,3.5065,511.3,1.228,34.19,1796.0,2457.28,131.4
20.0261412,1.611,421.2,0.957,2.28,559.0,23.14,10.7
15.9868932,4.158,178.5,0.533,1.62,803.0,98.51,10.9
22.023514,1.932,1670.0,0.934,4.79,639.0,39.45,10.2
3.06026014,2.545,59.9,0.675,0.83,1284.0,642.06,10.1
2.66811113,22.49,48.3,0.9911,1.53,1792.0,2439.28,32.5
11.32269749,3.517,311.0,0.951,1.51,554.0,22.24,16.0
153.725848,117.52,5257.7,1.255,259.36,734.0,68.48,302.3
0.577369336,1.0852,400.4,0.032,1.42,1757.0,2239.26,68.3
10.39986173,3.377,275.3,0.757,1.5,678.0,49.86,22.8
11.70219638,2.6658,639.7,1.166,16.15,719.0,63.16,41.3
338.20075,15.23,678.2,0.2434,2.08,223.0,0.59,11.1
5.62950902,6.542,297.5,0.974,2.11,979.0,216.41,14.3
1.99638423,2.4,29.4,0.223,0.59,1590.0,1505.17,6.2
25.4337864,6.514,302.0,0.232,2.0,667.0,46.8,14.3
6.12650913,15.43,2434.0,0.919,9.08,1370.0,832.67,3.1
4.699652821,2.553,351.4,0.135,1.74,1024.0,260.54,41.6
20.13490007,3.7962,1035.2,0.798,2.98,544.0,20.66,64.7
0.678349364,3.092,486.0,1.187,19.06,1844.0,2737.73,12.0
181.3537,16.19,455.0,0.5983,2.11,317.0,2.39,11.7
67.8321638,7.358,507.8,0.027,2.39,476.0,12.14,15.5
10.84969477,3.474,1122.1,0.55,2.67,676.0,49.3,43.5
2.756536015,1.5908,3590.8,1.239,57.46,1580.0,1472.73,100.1
246.12174,18.0,6847.0,67.193,7233.87,291.0,1.68,9.2
5.747711909,1.8923,820.1,0.575,1.86,641.0,40.07,51.7
634.84739,16.186,542.6,0.565,20.5,464.0,10.97,15.7
25.93406406,4.6142,414.5,0.014,2.48,695.0,55.1,42.2
11.41926141,3.9908,915.6,0.242,1.48,419.0,7.32,58.0
1.61189046,3.0792,101.1,0.782,1.72,1930.0,3267.98,38.0
0.591914504,1.0225,1057.7,1.344,27.21,1646.0,1746.78,56.3
4.4096675,2.1418,132.7,0.814,1.51,1192.0,476.94,26.4
988.8811177,5.9504,5060.0,0.1667,10.81,223.0,0.58,136.4
2.371589507,3.5116,235104.0,1.653,88.22,1043.0,278.9,386.0
3.02558494,3.0008,128.3,0.839,1.62,1484.0,1148.47,23.8
0.927859786,1.4279,515.3,0.795,1.79,1361.0,813.3,99.8
12.41216347,3.739,611.3,0.021,2.58,787.0,90.65,25.6
6.70995253,2.297,86.0,0.616,1.1,1120.0,372.31,9.8
17.76076524,1.6679,1287.2,0.627,1.93,368.0,4.34,42.6
19.67409703,3.7535,204.9,0.914,1.78,711.0,60.37,39.0
2.345863002,1.6795,316.7,0.035,1.23,997.0,233.38,19.6
9.03326435,2.857,610.7,0.455,1.96,729.0,66.89,18.3
1.705780649,1.6271,15498.0,1.231,25.95,1101.0,348.32,31.8
1.137525054,2.68228,18006.1,1.238,42.74,1746.0,2197.52,633.1
39.8312536,2.442,388.8,0.24,1.46,420.0,7.33,15.8
7.544039,6.222,322.6,1.175,17.47,838.0,116.46,14.2
2.29503515,1.654,172.1,0.16,1.18,1304.0,681.51,11.6
0.792023257,3.2604,176.6,0.205,0.81,1300.0,678.05,49.6
359.1015,11.461,496.5,0.317,2.37,285.0,1.56,12.9
5.2434664,18.47,119.4,1.016,2.83,831.0,113.05,10.7
10.04157214,2.6577,1114.0,0.768,2.97,712.0,60.74,28.1
2.2227289,2.617,279.1,0.254,34.14,4454.0,93172.12,10.5
568.08251,13.608,508.3,0.4,2.14,205.0,0.42,18.1
3.661895766,35.6374,35477.1,2.959,374.78,1708.0,2012.26,291.7
2.685223546,4.0632,5494.6,1.28,28.98,1111.0,360.92,238.7
2.69787749,1.915,116.8,0.53,1.5,1512.0,1235.14,8.3
287.377314,18.821,4376.9,0.015,11.67,350.0,3.56,60.4
21.025447023,6.52216,115743.0,0.978,135.84,1123.0,376.4,4881.9
8.96847034,4.4073,234.3,0.558,2.17,1024.0,259.95,38.2
13.32389352,3.2208,781.3,0.073,1.26,378.0,4.83,25.9
11.24284815,4.241,136.0,0.52,1.44,931.0,177.7,17.4
1.1910489,1.3738,1391.1,1.257,22.76,1348.0,781.99,46.1
0.845097627,1.873,86.5,0.717,0.78,1584.0,1496.92,10.7
28.9060526,3.099,99.0,0.863,0.79,414.0,6.94,13.3
2.264471713,7.1803,187430.0,0.81,102.12,2103.0,4637.68,873.7
2.032319072,1.6762,315.5,0.133,1.87,1542.0,1333.35,24.5
30.8261043,5.914,742.2,0.943,3.18,544.0,20.68,32.3
23.8761144,9.3113,1611.7,0.014,10.45,1481.0,1135.6,225.5
37.8102649,8.733,570.3,0.061,2.33,566.0,24.27,35.2
8.30697421,2.76,158.7,1.151,37.99,1246.0,570.93,17.4
0.495434094,1.2496,287.9,0.009,1.57,2151.0,5088.43,57.2
3.490785878,1.4513,336.8,0.116,1.32,1010.0,245.65,32.7
5.10110666,2.657,65.1,0.083,0.85,1065.0,304.8,19.5
34.0607677,2.471,818.9,0.786,2.96,554.0,22.32,20.5
9.2207691,4.907,140.0,0.037,1.02,817.0,105.63,13.2
8.49640437,2.2128,834.0,0.628,2.14,702.0,57.43,21.8
2.27164952,4.054,82.4,0.01,0.97,1522.0,1269.46,12.7
14.55387488,6.973,319.7,0.955,3.45,939.0,183.48,26.8
18.00932214,4.9611,3004.4,0.55,4.96,658.0,44.29,245.2
513.42784,6.278,523.2,0.714,14.87,424.0,7.67,11.5
4.206096814,10.7381,1298.1,1.239,32.66,1252.0,581.11,149.3
3.5564279,6.998,131.4,0.359,0.8,972.0,211.41,12.3
1.60375114,1.498,51.0,0.54,0.82,1688.0,1918.63,9.4
91.9401253,9.195,482.9,0.025,2.62,450.0,9.71,34.4
8.18739443,3.0472,517.6,0.377,1.92,782.0,88.36,38.4
10.90962154,17.8024,499921.0,0.146,149.1,1127.0,381.27,2345.1
2.037453129,5.43155,315914.0,0.611,136.3,2220.0,5752.74,6944.9
1.71030803,2.718,216.0,0.282,1.32,1449.0,1039.18,21.0
14.022451457,8.08619,20082.9,0.189,14.93,810.0,101.92,2707.7
1.257689465,0.8399,945.6,0.197,2.45,1513.0,1244.66,45.6
5.53533152,2.793,260.6,0.051,1.75,1054.0,292.33,27.5
5.25449393,3.078,169.0,0.837,1.41,975.0,213.25,12.6
0.566798827,3.662,34.9,0.25,0.52,2045.0,4154.8,21.9
5.82348911,2.2441,888.7,0.877,3.0,955.0,196.33,38.1
10.30401132,4.2246,316.1,0.017,1.84,849.0,122.98,53.8
34.2115022,4.947,273.8,0.034,1.15,427.0,7.82,20.7
22.65117451,3.6895,2250.0,0.925,7.62,855.0,126.57,170.1
4.18587282,1.998,99.4,0.078,0.89,1057.0,295.17,9.3
0.93373895,4.156,39.6,0.259,0.64,1993.0,3723.37,10.5
198.01379181,9.72673,142501.0,0.88,38.49,260.0,1.09,1411.3
4.14810719,2.535,175.2,0.093,1.08,938.0,182.76,12.9
2.62838097,3.193,89.9,0.087,1.01,1375.0,846.09,15.3
1.219324537,4.7501,379055.0,0.489,60.62,1569.0,1432.21,241.0
3.584101048,2.7316,2608.1,0.045,4.66,1131.0,386.66,166.3
3.00363219,3.732,101.2,0.727,1.43,1571.0,1441.44,38.5
1.88665445,1.343,2098.0,1.269,43.81,1794.0,2453.86,15.8
1.06484622,3.287,42.4,0.242,0.72,2034.0,4059.63,12.5
17.79001678,4.4116,871.4,0.182,2.7,655.0,43.5,67.2
1.791406261,2.8159,345.5,1.008,4.51,1579.0,1466.9,60.7
4.14789051,3.829,137.6,0.878,1.93,1389.0,878.32,16.4
199.4424134,7.2533,32171.9,1.1877,56.11,344.0,3.32,486.4
1.39797542,9.06,43.2,0.077,0.49,1316.0,709.8,15.5
10.186578749,10.6304,340671.0,0.677,67.45,793.0,93.53,5867.8
0.934181579,3.943,12.1,0.62,0.79,3268.0,26937.31,19.8
10.55840479,3.366,194.2,0.31,1.41,796.0,94.94,14.6
65.6491001,7.298,983.9,0.038,2.52,390.0,5.48,20.5
0.505322676,5.2727,77349.2,1.036,46.59,2275.0,6291.87,384.6
7.549299761,2.46338,44575.7,0.899,18.8,690.0,53.74,907.2
127.8334997,10.914,1829.9,0.416,9.46,554.0,22.21,76.9
0.907943645,1.9144,1028.9,1.356,49.37,2219.0,5715.61,53.7
552.8295063,16.0851,266298.0,0.653,56.89,229.0,0.65,942.6
31.71981013,4.819,363.4,0.125,3.09,743.0,71.97,63.1
388.519605,10.613,151.2,0.478,2.3,350.0,3.56,15.1
3.04459739,7.638,66.1,0.385,0.62,1076.0,317.36,18.2
0.650701055,0.89164,371061.0,0.4,281.62,6285.0,370319.14,234.3
0.968527683,1.3672,114.6,0.941,1.21,1677.0,1867.0,16.9
0.755109271,2.619,23.2,0.4041,0.47,1961.0,3494.52,12.9
1.58742695,2.66475,76162.0,0.718,37.64,1893.0,3023.98,1150.7
1.01530474,8.7622,16445.2,1.245,64.77,2324.0,6918.45,1823.0
16.60973843,4.515,667.8,1.0412,6.64,579.0,26.59,29.7
2.785821236,3.5599,68.9,0.893,1.69,1784.0,2388.98,53.6
290.625016,4.411,147.6,0.0854,2.86,375.0,4.67,10.3
18.82744023,4.664,1006.2,0.025,2.7,632.0,37.82,29.5
1.252753881,2.1472,200.0,0.4,2.44,2199.0,5545.35,40.5
5.08840787,4.77204,386682.0,0.513,55.3,937.0,181.75,3095.0
2.20829637,2.841,87.9,0.205,1.36,1709.0,2016.25,12.0
1.303858554,4.36797,126636.0,0.928,73.29,2080.0,4438.11,904.0
1.10656965,1.669,86.4,0.263,1.09,1988.0,3696.18,8.4
0.493393859,1.1319,264.7,0.961,1.4,1505.0,1203.14,20.3
261.684363,3.892,817.0,0.037,1.46,175.0,0.22,8.3
214.3120439,16.2938,4523.4,0.016,9.17,380.0,4.93,562.8
16.51410989,4.1575,973.5,0.395,2.72,655.0,43.57,55.9
0.752158047,2.42733,37878.8,1.157,106.66,2869.0,15978.36,510.0
2.46353343,2.954,830.0,1.222,21.49,1171.0,445.83,6.8
5.07437786,5.942,605.7,1.21,23.71,1008.0,244.04,86.6
119.0192648,8.1,1977.0,0.79,4.44,350.0,3.53,31.1
34.205785079,5.1691,183.2,0.319,1.1,471.0,11.67,11.6
4.70847097,6.0503,32622.1,0.418,19.58,1202.0,493.0,607.2
15.0896415,4.3349,77.8,0.02,1.42,968.0,207.64,29.5
1.121634781,1.155,71.5,0.409,0.6,1225.0,529.9,14.8
1.138548215,2.1482,66.2,0.545,1.45,2537.0,9805.45,31.5
356.535835,5.467,3113.0,1.281,28.27,220.0,0.55,25.7
3.36379289,23.7,136.3,1.159,44.77,1840.0,2712.28,36.9
8.47237911,2.7245,1123.5,0.022,2.59,751.0,75.44,47.6
45.4333769,6.351,905.8,0.959,2.23,315.0,2.34,18.1
6.79164656,3.343,102.6,0.121,1.01,994.0,230.81,18.5
2.757794163,2.7644,39043.0,0.8,20.05,1231.0,542.43,349.2
22.0459163,5.22,804.8,0.837,3.05,640.0,39.69,29.7
160.4122022,4.92,2538.0,0.903,4.45,270.0,1.26,24.4
361.526458,6.947,525.1,0.971,5.7,410.0,6.67,14.0
1.682934607,1.8846,142.7,0.681,1.06,1270.0,615.67,24.5
1.02547271,1.996,27.0,0.651,0.94,2657.0,11800.82,10.9
4.469731089,5.257,3159.6,1.268,84.63,1614.0,1604.34,286.7
7.26731094,2.2691,659.1,0.043,1.14,464.0,10.93,47.8
5.378868001,2.7222,483.4,0.758,1.86,833.0,113.59,60.6
1.710299164,3.92227,157266.0,0.878,57.97,1638.0,1700.05,2291.1
14.2563272,4.796,206.1,0.894,1.73,797.0,95.22,14.3
9.459993213,5.3012,237595.0,0.743,51.89,766.0,81.31,3164.4
1.99492332,5.898,77.7,0.772,0.94,1451.0,1044.18,11.1
2.401751509,2.0835,25044.0,5.25,268.75,888.0,146.91,83.1
58.0337426,5.584,807.1,0.021,3.21,486.0,13.17,34.9
55.7002642,4.285,332.7,0.2976,1.18,309.0,2.14,10.8
2.455240626,1.72722,36911.9,0.144,10.6,730.0,67.3,1341.6
315.502534,3.112,689.2,0.02,19.71,565.0,24.01,9.5
0.536869783,4.164,221.7,0.5604,1.81,2645.0,11576.28,27.8
0.89628253,1.397,86.4,0.176,0.76,1670.0,1848.85,13.0
0.646523404,3.917,25.2,0.494,0.85,3163.0,23676.16,14.2
0.936751792,5.658,26.4,0.991,2.07,3814.0,50168.18,23.0
6.88707073,4.4679,68.7,0.696,1.3,1155.0,420.97,38.2
8.93484887,2.579,135.9,0.888,1.83,1124.0,377.25,9.7
9.991625291,3.8552,3450.5,1.256,38.93,907.0,160.14,220.3
85.6542476,6.866,476.0,0.012,3.56,522.0,17.51,36.6
2.682767439,4.58143,394412.0,0.509,70.67,1310.0,695.41,508.4
40.069674617,9.3564,41865.1,0.767,27.38,588.0,28.2,1304.8
293.60581,11.07,165.3,0.0927,1.37,295.0,1.79,8.4
36.75892725,15.5723,261730.0,0.298,51.31,575.0,25.82,4263.6
0.9337491,3.842,98.1,0.084,0.79,1662.0,1809.26,12.6
8.5412411,3.654,298.8,0.793,1.4,767.0,81.55,10.7
1.035268597,0.5663,112.2,0.3845,1.34,2136.0,4922.79,15.1
158.348345,10.55,899.0,3.655,372.86,409.0,6.61,17.6
24.7222403,4.53,290.1,0.106,1.31,536.0,19.53,9.3
3.162692075,1.9529,503.7,0.716,2.61,1308.0,692.32,75.4
4.5638537,13.05,71.9,0.9866,2.97,1533.0,1305.08,16.8
12.98494603,3.4497,257.2,0.046,1.64,818.0,105.74,38.4
0.769358923,1.5364,44.8,0.111,1.93,2928.0,17335.4,19.8
2.287515702,10.0879,358575.0,0.346,86.76,1801.0,2484.21,3017.9
35.026564845,2.90121,120249.0,0.777,34.88,489.0,13.56,1607.2
8.665259912,3.1088,1840.6,1.269,82.42,1378.0,852.84,181.4
5.72084599,2.744,1316.0,0.166,1.78,509.0,15.84,20.5
10.328035714,7.7915,16917.7,0.281,13.28,843.0,119.31,636.8
93.881556,20.644,188.7,0.008,2.02,479.0,12.42,23.7
48.8882668,6.468,462.8,0.988,2.96,386.0,5.23,13.5
0.566801325,4.176,92.1,0.77,1.07,2383.0,7585.82,26.4
1.412526202,5.49,150.3,1.166,36.77,3001.0,19160.84,70.6
12.88291395,5.676,460.5,0.962,3.15,865.0,132.23,33.6
2.337437946,1.9982,971.2,0.28,2.34,1070.0,311.16,82.4
36.2761238,4.7865,1572.6,0.035,3.03,445.0,9.29,45.5
346.31688,21.92,1435.0,0.954,5.21,278.0,1.42,17.0
1.050852976,1.6788,41694.0,1.111,45.89,1791.0,2423.97,143.0
2.465024332,1.262,30.7,0.548,0.69,1561.0,1406.11,23.2
1.33251589,4.216,140.5,0.53,1.3,1747.0,2207.85,22.2
3.909314318,5.36124,97123.4,0.776,42.54,1364.0,819.78,1587.6
628.592314,3.603,393.7,0.8176,6.99,323.0,2.57,7.6
9.892240848,4.1774,5283.2,1.28,40.38,907.0,160.25,314.0
1.475323222,2.3155,154.9,0.136,5.88,2740.0,13331.51,27.2
6.308201629,2.9785,1328.5,0.03,2.96,819.0,106.44,86.2
2.441988077,3.94526,95343.5,0.888,90.39,1993.0,3721.74,1174.5
13.06243545,3.244,464.3,0.128,1.36,527.0,18.25,21.4
453.64875,18.34,523.4,0.519,2.18,239.0,0.77,9.0
1.65746034,4.572,22.9,0.193,0.54,1663.0,1808.13,9.1
0.637487312,1.9626,211.3,0.81,1.75,2334.0,7053.67,25.0
372.086704,3.686,2494.0,1.266,38.4,283.0,1.51,18.0
0.755111225,3.164,168.0,0.694,1.38,1999.0,3759.62,76.4
4.30165843,2.1055,739.4,0.547,2.42,1009.0,244.48,88.3
9.97716876,5.908,252.9,0.002,2.53,1028.0,263.89,21.8
20.73989406,3.1505,616.1,0.777,2.11,536.0,19.47,44.2
1.433769925,1.8868,1976.3,1.268,46.58,1920.0,3209.29,112.6
12.4276185,18.56,147.0,0.303,1.14,768.0,82.45,12.6
19.9158863,6.191,143.2,0.748,1.41,728.0,66.31,28.3
10.72396374,3.8439,13518.0,1.25,39.84,783.0,88.64,127.7
0.734573766,1.295,68.4,0.044,0.86,2061.0,4270.04,11.4
39.4576228,9.557,244.8,0.967,2.8,658.0,44.26,41.6
1.926366998,3.98088,399528.0,0.498,53.63,1204.0,497.84,1093.2
17.8159689,3.6765,776.8,0.911,3.12,699.0,56.48,22.5
1.288066288,6.4616,10082.6,1.378,34.84,1310.0,692.0,230.7
1.65546056,3.52,125.1,0.109,0.9,1331.0,743.75,12.4
359.08368,15.67,618.7,1.262,29.15,268.0,1.23,10.8
9.31392071,0.971,163.7,0.1287,1.25,884.0,144.19,6.6
574.37064,11.89,227.6,0.7455,3.11,350.0,3.53,12.0
10.303356001,5.98633,520067.0,0.364,69.66,787.0,90.76,2039.1
4.24439049,3.282,174.0,0.949,2.07,1305.0,686.99,15.1
8.780603773,3.16989,90027.8,1.127,52.34,775.0,85.17,1406.9
45.3968385,4.477,1355.2,1.235,21.23,437.0,8.62,38.9
8.61733907,4.05563,185861.0,0.825,51.79,796.0,94.74,1542.6
10.06524317,1.369,1053.3,0.628,1.91,488.0,13.43,30.3
343.56446,18.94,179.6,0.433,1.8,298.0,1.87,8.4
4.822969318,0.8752,332.1,0.891,2.22,1060.0,297.73,36.0
13.57078281,3.3539,511.7,0.866,2.64,785.0,89.61,88.4
9.11500269,4.558,268.3,0.675,1.78,906.0,159.34,21.7
77.773042,2.285,432.6,0.558,15.03,955.0,196.5,7.7
3.7948721,1.713,305.1,1.168,16.1,1083.0,325.63,11.3
2.36436762,3.372,28.4,0.146,0.82,1752.0,2228.09,12.4
7.12594387,3.0014,192.4,0.898,1.79,997.0,233.31,47.1
12.07134205,4.3224,759.2,0.014,1.29,395.0,5.74,31.0
17.51191534,5.678,728.8,0.008,52.64,2246.0,6014.16,41.0
1.613001111,2.394,104.1,0.448,1.25,1680.0,1878.1,19.3
1.559360638,5.4458,280066.0,0.647,94.2,2234.0,5905.62,419.9
112.48226,1.923,195.7,0.5181,1.37,386.0,5.23,5.2
422.255426,4.974,1935.0,0.3769,5.09,277.0,1.39,17.4
12.2885046,2.807,342.1,0.632,3.22,913.0,164.61,12.0
60.049737,20.17,16650.0,1.217,28.92,320.0,2.47,17.5
78.0998908,8.422,656.9,0.528,3.37,480.0,12.52,23.8
383.61248,12.263,619.3,0.4658,2.3,248.0,0.9,10.2
10.265613245,5.67553,150465.0,0.667,61.45,1000.0,236.6,5640.0
17.47702,54.52,138.3,0.0012,0.93,676.0,49.24,2.9
5.30873978,3.018,127.5,0.173,1.08,1042.0,279.21,16.7
15.358767771,4.1223,14638.1,0.487,10.89,662.0,45.46,812.6
1071.232624,16.1784,19045.6,0.216,9.27,129.0,0.07,544.2
498.391282,6.135,1590.0,0.959,17.14,339.0,3.11,49.7
8.18504859,4.673,97.6,0.601,0.93,892.0,149.41,12.5
18.5084526,6.596,758.9,1.258,29.33,683.0,51.32,30.1
33.0063185,7.118,278.1,0.39,3.13,778.0,86.38,38.2
28.51117639,4.5941,1844.6,0.77,3.27,423.0,7.55,145.5
0.87630504,1.11,170.9,1.207,22.24,1911.0,3156.02,25.2
10.00653012,5.344,936.1,0.862,3.52,876.0,139.21,71.9
43.142257,61.73,283.2,1.179,37.88,706.0,58.68,30.5
0.66882716,1.069,68.2,0.514,124.42,13184.0,7165673.12,6.2
2.18660188,1.585,122.3,0.828,0.98,1099.0,345.07,14.2
4.72674037,2.9267,273.1,0.657,1.56,1028.0,264.08,287.8
0.7088055,3.6789,17575.0,1.238,41.08,2035.0,4055.22,195.6
3.34465934,10.796,57.6,0.005,1.17,1559.0,1396.11,24.3
12.4244306,26.15,214.1,0.98,1.59,714.0,61.31,15.5
14.3641542,2.629,89.2,0.2764,0.98,795.0,94.33,6.5
6.73808701,2.591,92.9,0.148,0.73,786.0,90.19,14.4
98.7179332,6.593,7320.0,0.588,6.99,360.0,3.97,124.4
11.7489907,4.043,36.7,0.1228,1.01,1114.0,363.51,12.5
1.29019586,3.741,86.5,0.044,0.78,1530.0,1293.44,11.1
3.48412874,1.422,161.6,0.106,1.16,1132.0,389.41,13.3
4.32744048,4.539,22.0,0.2789,0.58,1254.0,585.32,8.0
8.589562,9.885,245.4,1.138,15.95,891.0,148.61,14.0
8.32651854,5.483,267.9,0.782,1.8,938.0,182.69,27.2
3.38557445,1.879,121.9,0.129,1.63,1476.0,1122.9,13.1
0.955297055,1.7405,846.1,1.193,18.16,1550.0,1367.42,67.3
5.71489488,2.0705,292.5,0.0125,1.41,908.0,160.68,21.2
4.800653901,9.0419,15304.4,0.785,16.91,1347.0,778.45,298.0
1.814128042,3.0646,2063.6,1.246,426.98,3773.0,47891.79,163.9
2.236100588,1.8643,27241.0,1.427,55.59,1255.0,586.38,43.0
2.189097,5.768,3001.0,1.246,13.92,647.0,41.37,13.5
3.125821128,2.2163,5025.4,1.269,110.58,2087.0,4481.76,245.2
1.332564478,6.0325,1071.5,1.248,27.04,1618.0,1627.5,119.6
1.287097944,1.94,106.1,0.382,0.89,1631.0,1678.58,12.3
23.08902241,1.7012,598.3,0.32,1.24,338.0,3.1,57.4
429.60143,18.11,1001.4,0.025,2.74,223.0,0.58,12.2
575.95408,8.618,1210.0,0.0868,2.92,194.0,0.33,11.4
3.120828136,2.1878,16456.0,0.784,14.16,1303.0,680.79,113.5
2.790643481,0.6871,202.0,0.787,0.99,816.0,104.74,20.2
670.645531,53.412,18090.6,0.701,14.14,196.0,0.35,642.7
3.964333304,4.7136,25886.2,0.094,37.09,1680.0,1881.78,408.5
11.18719905,3.252,353.6,0.387,1.55,667.0,46.65,21.9
229.948531,1.813,154.2,0.35,1.09,301.0,1.93,6.1
5.33459393,2.642,226.3,0.158,0.79,627.0,36.55,14.7
6.790120801,6.0437,2302.3,0.486,9.86,1434.0,998.97,526.1
19.672324,4.812,649.9,0.721,4.07,908.0,160.98,20.6
2.426304127,2.6624,185.4,0.694,1.41,1302.0,679.12,97.0
15.07277287,0.7794,345.0,0.891,1.73,635.0,38.57,13.0
363.448167,6.013,2124.0,1.259,37.03,285.0,1.56,19.4
1.606163631,4.92516,144603.0,0.901,130.46,2943.0,17727.93,1662.0
8.72585478,4.473,446.7,0.911,2.86,985.0,222.19,37.7
4.94402197,4.062,363.3,1.157,32.92,1419.0,958.29,33.0
200.79976002,7.6419,92642.0,1.016,48.77,303.0,2.0,930.8
7.19304935,3.407,255.3,0.017,1.59,995.0,232.36,19.0
30.960216668,15.4308,340408.0,0.58,62.08,527.0,18.3,4578.3
0.681401611,0.865,103.6,0.147,1.07,2218.0,5713.41,12.3
536.52197,4.458,293.9,0.14,3.0,273.0,1.31,9.7
9.521644639,2.3569,1491.3,0.023,2.16,495.0,14.2,79.2
20.8392148,2.3321,177508.0,0.894,51.9,584.0,27.45,197.6
2.466070972,1.9559,704.5,1.223,24.3,1260.0,595.8,42.6
4.6126736,3.0643,133.2,0.755,1.6,1294.0,663.8,34.3
1.146934644,1.7247,256.2,0.405,1.39,1554.0,1382.04,19.7
71.59889,10.53,654.0,0.6496,4.49,645.0,40.96,5.7
1.070982122,1.255,43.4,0.563,0.98,2122.0,4811.39,9.0
8.04963472,6.00488,279647.0,0.671,95.98,1247.0,571.1,5246.5
16.73869035,2.398,996.8,0.578,2.56,576.0,26.06,20.4
0.608074963,0.879,117.5,0.11,1.15,2362.0,7350.47,10.8
34.4359387,5.82,424.5,0.017,2.78,652.0,42.68,52.6
40.8065333,13.135,313.9,0.016,3.71,772.0,83.75,54.8
14.66769462,2.4462,29862.0,1.169,145.18,1552.0,1370.6,86.5
509.997402,8.481,1267.0,0.0254,2.62,182.0,0.26,35.3
4.442517008,2.43922,25341.5,0.936,26.08,1258.0,593.85,396.2
6.998099523,2.0488,20285.0,7.361,588.66,853.0,125.22,192.3
9.88047978,2.78458,18541.0,1.02,23.6,860.0,129.45,534.5
20.28281916,36.048,2797.5,0.719,22.46,1141.0,401.55,306.7
331.5972732,14.404,8322.1,0.02,10.89,294.0,1.76,355.0
2.17811908,1.468,74.0,0.3437,0.8,1412.0,938.51,9.8
4.86634094,1.885,366.7,0.895,1.94,881.0,142.39,15.2
0.93479255,4.5838,247.5,1.2,24.75,2040.0,4108.03,78.3
14.38682567,2.1417,569.6,0.021,2.54,776.0,85.46,61.7
0.566810701,6.19,200.0,0.982,1.49,1921.0,3220.92,45.9
9.034190783,1.5501,577.6,0.846,1.8,586.0,27.87,82.1
456.55308,4.435,116.2,0.673,1.48,270.0,1.26,7.3
12.4232158,17.67,261.5,0.245,1.3,685.0,51.91,23.6
1.22578134,2.235,99376.0,0.985,53.32,1701.0,1973.12,86.8
0.933735579,3.892,351.4,0.565,10.28,3696.0,43890.28,27.1
10.71253475,2.7186,1198.6,0.72,2.02,485.0,13.09,31.2
9.524076544,10.4891,198399.0,0.313,151.0,1390.0,882.28,1942.5
25.9522913,10.977,557.8,0.142,2.03,567.0,24.49,14.0
5.42586901,2.5342,259.0,0.1,1.48,973.0,211.66,26.1
1.632916419,1.5599,209.2,0.136,1.13,1237.0,554.07,31.0
370.2402,31.46,1272.6,1.239,29.24,270.0,1.26,20.5
0.566769068,3.011,40.0,0.773,1.06,2661.0,11897.94,14.9
0.742957911,0.6688,843.3,0.162,1.47,1026.0,262.51,45.3
1.20693963,6.881,20.0,0.701,0.97,2847.0,15568.09,24.3
3.403743926,1.5017,815.9,1.075,10.77,1101.0,346.98,59.5
14.658013949,3.03316,129645.0,1.141,121.59,855.0,126.35,3361.5
119.40817159,9.3537,18563.3,0.915,16.26,328.0,2.72,508.4
1.289590179,1.3541,286.0,0.401,1.38,1448.0,1040.23,18.9
0.885131111,3.377,93.2,0.715,0.9,1818.0,2579.83,23.4
3.74781242,5.241,5367.0,1.258,38.04,1172.0,446.47,44.8
495.06538,21.09,417.0,0.341,2.0,236.0,0.74,13.2
280.1604956,2.8637,12946.0,1.04,19.25,237.0,0.74,54.5
114.336052,14.077,239.8,0.529,2.09,429.0,8.02,13.0
1.303570451,2.28163,332340.0,0.548,235.58,2720.0,12920.56,573.2
161.4746786,10.572,828.2,0.746,3.25,343.0,3.27,47.8
18.8262877,2.344,795.8,0.198,2.34,591.0,28.85,19.9
5.2443332,11.268,29.9,0.775,0.58,1054.0,291.25,13.5
366.24282,15.76,733.7,0.235,2.4,237.0,0.75,18.2
444.89411,7.937,363.0,0.2991,4.7,386.0,5.25,13.2
6.042029838,8.0666,132864.0,0.689,23.94,729.0,66.7,312.5
3.35184041,1.9855,345.3,0.091,1.88,1294.0,661.69,20.0
0.438153876,1.3885,164.8,1.124,14.0,2407.0,8008.07,33.4
24.714790706,5.06776,208732.0,0.781,112.24,901.0,155.67,5148.8
3.1748772,7.089,1741.0,0.94,8.8,1410.0,933.1,98.6
7.51514595,3.54486,117463.0,0.84,35.8,842.0,118.99,1676.8
2.1890751,2.365,94.8,0.048,0.87,1399.0,906.2,12.6
56.7769831,6.864,884.3,0.703,3.21,491.0,13.74,33.6
46.1842039,4.758,1394.7,0.013,1.83,273.0,1.32,26.0
2.316171991,4.03025,251484.0,0.7,49.53,1288.0,651.03,2338.3
35.2330694,3.674,352.8,0.139,0.97,288.0,1.62,14.5
9.86869589,2.876,5915.0,0.984,21.68,1332.0,743.72,15.8
0.99014722,0.9394,321.1,0.329,1.34,1433.0,997.75,23.0
1.16015259,1.3433,170.2,0.748,1.4,1751.0,2229.29,48.4
29.6193891,4.9595,314.7,0.046,1.74,580.0,26.79,42.5
1.061934313,3.194,607.0,1.218,15.14,1104.0,352.77,70.0
5.274819905,4.6688,108965.0,0.99,100.89,1646.0,1733.91,902.5
396.048721,16.376,931.8,0.978,13.52,370.0,4.43,39.4
1.099291188,1.765,282.6,0.077,1.37,1414.0,947.02,19.8
109.6469948,6.568,899.7,0.797,4.85,428.0,7.95,26.7
0.759763198,3.083,202.5,0.571,1.2,1752.0,2227.19,30.8
2.630090609,13.6817,516932.0,0.285,83.5,1551.0,1371.02,1694.6
1.21374652,3.371,28.9,0.57,0.59,1880.0,2945.61,17.4
19.5906103,6.745,297.0,0.529,2.64,819.0,106.48,24.9
0.78430061,2.952,254.7,0.659,1.14,1566.0,1416.91,20.5
20.867855659,5.73122,82601.4,1.045,53.53,716.0,62.09,2768.6
2.908454772,2.6005,64325.0,1.113,40.85,1153.0,416.75,252.8
114.90862419,7.66397,196112.0,0.78,42.78,259.0,1.06,1179.7
5.959695593,1.8383,151.2,0.626,1.13,937.0,182.4,4.7
57.0599992,7.463,66168.0,0.194,22.31,455.0,10.11,751.5
3.578780566,2.91089,11382.2,0.079,10.43,1145.0,406.6,1838.4
50.5715805,3.726,1282.6,0.074,2.74,406.0,6.44,19.9
7.16520428,1.705,433.8,0.142,2.31,1034.0,270.34,17.6
184.77271,9.568,951.4,0.04,2.41,268.0,1.21,21.0
2.73987398,4.15886,20632.2,0.703,34.83,2113.0,4705.3,1454.3
36.0054414,3.262,117.5,0.745,3.33,1024.0,259.71,14.6
22.24814617,4.1483,613.7,0.868,2.72,609.0,32.58,74.2
76.7324556,6.243,685.7,0.462,3.08,473.0,11.86,34.3
2.89223998,2.521,44.3,0.017,0.7,1287.0,647.55,17.3
12.7372371,3.358,100.8,0.364,0.87,697.0,55.82,12.9
9.06687613,3.381,367.2,0.928,1.9,725.0,65.52,14.6
31.33046135,5.176,5073.8,0.798,6.5,481.0,12.61,117.2
289.788624,2.857,473.9,0.6187,5.51,537.0,19.6,6.6
0.958116585,2.3496,2374.1,1.275,49.16,2271.0,6312.99,296.0
2.79123954,2.843,154.8,0.709,2.22,1771.0,2322.96,25.3
3.573202801,2.88,2975.0,0.053,5.81,1210.0,507.91,362.1
6.1082945,3.493,61.1,0.63,1.06,1267.0,608.39,10.8
40.7150498,8.587,563.9,0.638,2.2,516.0,16.76,56.4
25.70280003,3.1644,5623.8,1.27,33.1,562.0,23.68,67.9
3.770590654,2.029,314.4,0.24,2.13,1272.0,619.65,37.1
1.962282625,1.45,68.3,0.169,0.81,1448.0,1038.36,12.9
5.25419589,2.9878,461.8,0.007,2.12,1093.0,338.15,26.1
32.532521502,13.3991,83468.4,0.237,24.35,535.0,19.39,1595.1
0.525154153,2.1441,747.5,1.226,23.61,2073.0,4391.51,116.1
4.639602084,3.4636,25079.0,0.634,19.96,1285.0,643.95,131.0
17.918743061,4.36387,118355.0,0.252,56.94,942.0,186.0,4696.8
0.5366497,2.887,105.4,0.042,0.92,2142.0,4982.76,10.6
13.13747785,4.8655,212.8,0.8,1.85,825.0,109.68,43.1
12.5722897,4.765,86.5,0.252,1.09,886.0,145.82,12.4
0.566805859,3.835,61.1,0.724,1.25,2858.0,15850.69,21.5
2.974163938,1.7423,90282.0,0.736,34.74,1266.0,605.99,88.6
3.84822189,2.013,203.9,0.368,1.72,1283.0,641.53,17.6
81.737872,6.6923,628.8,0.02,2.16,385.0,5.2,135.4
2.179924994,4.87581,253149.0,0.711,60.99,1448.0,1040.63,4541.1
0.566793614,5.723,31.4,0.9476,21.63,7584.0,781981.98,79.8
122.358116,10.768,352.8,0.255,2.15,407.0,6.46,12.2
12.58229808,6.375,118.7,0.044,1.53,917.0,167.41,62.1
5.37493289,3.9567,155.8,0.228,2.12,1413.0,942.35,49.0
2.696354974,5.39585,245988.0,0.324,80.71,1815.0,2560.78,2717.0
17.23232894,4.5568,509.8,0.395,2.79,817.0,105.47,64.1
1.013922622,1.6393,34957.0,1.178,31.98,1392.0,883.9,79.8
372.30881,3.874,535.2,0.1243,2.09,249.0,0.91,14.9
1.07383154,4.846,31355.0,1.198,137.54,3791.0,48979.38,137.3
5.349553819,3.0278,831.0,0.092,2.55,919.0,168.99,60.6
4.79179893,2.9283,123.9,1.209,26.26,1249.0,575.43,46.3
4.645382149,2.0271,565.5,0.154,1.33,629.0,36.9,40.4
107.7214092,8.042,1396.2,0.003,4.75,421.0,7.39,30.5
2.022658,3.343,135.7,0.419,1.15,1482.0,1139.1,17.4
12.64504291,9.117,200.4,0.931,1.55,741.0,71.28,32.7
19.0231361,3.431,401.6,0.698,2.04,647.0,41.5,19.7
18.84497113,4.9442,4143.4,0.895,5.35,552.0,21.89,79.8
2.192009479,2.9453,1475.6,1.248,35.9,1446.0,1030.69,131.2
3.254277742,2.9903,159.9,0.303,1.38,1301.0,675.56,58.6
1.228721184,1.041,465.6,0.208,1.62,1324.0,728.99,26.4
6.9131732,4.73,39.1,0.264,0.91,1209.0,505.0,12.5
10.405998015,6.5036,14488.8,0.324,11.23,833.0,113.94,745.2
1.215181097,1.295,39.7,0.1356,0.87,2230.0,5844.41,11.8
2.2502073,2.203,260.1,0.268,19.94,3637.0,41377.92,7.8
0.631795416,1.0703,145.2,0.433,1.88,2797.0,14547.08,24.7
0.849277809,3.137,690.8,1.187,20.11,1781.0,2366.84,17.1
13.7872627,5.747,75.1,0.921,1.55,894.0,150.64,23.9
2.172042913,8.0331,154381.0,0.881,100.79,2169.0,5231.88,583.6
76.421501,7.218,578.4,0.015,2.81,455.0,10.11,23.9
1.50179931,3.275,100.1,0.256,0.72,1229.0,540.71,19.1
0.933746709,3.435,18.6,0.057,0.36,1893.0,3026.99,14.3
2.02487934,1.621,145.8,0.3797,1.0,1284.0,643.17,7.7
1.19563447,5.3934,8245.0,0.861,14.94,1988.0,3686.75,105.8
4.593594819,2.6391,1455.2,1.022,8.85,1125.0,378.37,83.5
14.086776961,10.1279,106837.0,0.603,65.6,1197.0,485.09,1856.9
0.532087933,3.45028,510366.0,0.279,74.83,2247.0,6002.61,1069.5
22.84156293,2.5997,2940.7,1.267,30.0,557.0,22.78,47.6
0.558841234,0.7918,280.9,0.307,1.33,1787.0,2412.15,26.3
15.45158184,2.406,85.3,0.636,2.02,1285.0,643.83,21.0
0.542636318,1.2536,74.6,0.056,1.39,2659.0,11844.28,17.3
13.73474071,2.769,746.4,0.941,2.71,634.0,38.11,31.0
24.3344939,6.557,323.1,0.017,1.74,647.0,41.3,18.1
1.790518325,3.34624,61541.9,0.643,32.19,1850.0,2761.65,2493.3
0.979442525,1.0348,469.3,0.388,1.64,1567.0,1420.01,27.0
0.504296702,1.4145,5995.4,1.2942,50.41,2694.0,12445.73,231.8
62.127677128,5.25005,37430.2,1.158,38.61,402.0,6.15,990.3
15.85231085,4.8707,437862.0,6.286,679.44,725.0,65.17,252.4
0.527679032,1.395,84.1,0.284,0.79,2115.0,4714.94,14.8
21.78769087,4.498,507.7,1.192,71.95,1042.0,278.24,38.1
1.411627439,1.0814,515.2,0.853,2.99,1966.0,3523.63,53.1
15.27443889,6.0765,206.7,0.153,2.17,896.0,152.62,40.3
1.89124187,4.415,105.8,0.198,0.93,1312.0,698.9,20.8
3.273699006,3.07626,6862.8,0.733,22.36,3060.0,20728.79,1293.1
440.584562,10.534,65.9,0.062,1.67,505.0,15.38,16.1
198.232389,1.919,416.4,0.0297,2.28,352.0,3.64,5.7
2.325185422,7.2871,268.5,1.247,81.88,3738.0,46102.7,256.3
2.617028373,2.046,499.4,0.146,1.57,996.0,233.23,30.8
3.94660745,2.705,309.4,0.278,1.4,981.0,218.91,12.7
33.8677783,3.72,894.8,0.787,2.31,394.0,5.69,23.8
59.3627946,13.972,233.6,0.001,2.23,566.0,24.33,51.5
9.91937693,4.326,186.7,0.163,1.32,838.0,116.43,18.8
5.462689263,3.2605,4184.6,1.298,36.25,1024.0,260.14,82.6
7.45306683,4.7617,46552.0,10.337,1044.28,932.0,178.53,84.3
41.0283424,9.8052,541.4,0.011,3.92,691.0,53.8,66.5
3.105507835,1.7458,904.6,0.799,2.68,980.0,217.91,178.6
0.882131829,6.8106,3620.9,0.968,8.13,1963.0,3510.31,70.6
9.76734503,1.6585,569.1,0.9,2.67,791.0,92.46,21.1
11.703109303,2.0467,4201.0,1.279,37.3,811.0,102.47,126.6
9.94602357,3.3862,994.5,0.035,3.12,807.0,100.34,51.0
1.312459403,1.459,36.9,0.732,1.65,2824.0,15018.33,13.9
7.203855862,2.5418,1765.9,0.037,2.25,509.0,15.87,101.1
4.494498254,1.9742,248.2,1.149,62.11,1667.0,1824.84,39.3
5.18560081,4.054,252.6,0.012,2.34,1314.0,705.79,27.6
1.231361934,5.433,471.0,0.972,2.93,1839.0,2707.51,94.7
0.824000125,0.855,183.1,0.7697,0.42,746.0,73.09,12.3
2.534740757,4.85013,364349.0,0.51,52.52,1230.0,541.27,675.7
29.72722,3.45,1010.2,0.744,3.02,557.0,22.7,19.4
10.768391927,12.5252,107382.0,0.001,52.8,970.0,209.25,2085.7
37.6333868,4.49,1661.7,0.338,2.25,299.0,1.88,18.6
2.178150857,1.931,162.5,0.58,1.11,1282.0,636.74,37.4
0.939740093,3.682,106.5,0.5488,34.87,7200.0,635197.09,14.3
11.567974732,5.96595,416030.0,0.458,45.65,628.0,36.66,2341.5
61.4911479,9.745,58702.9,0.681,22.76,438.0,8.7,1421.7
455.77076435,5.1149,341.1,0.802,5.34,419.0,7.28,11.6
81.0637895,3.001,476.0,0.584,3.01,511.0,16.12,19.4
0.814278961,2.087,72.0,0.451,0.76,1762.0,2284.94,13.0
4.959319244,2.22739,9802.0,0.831,12.21,1103.0,349.4,696.5
288.94276,11.43,160.6,0.2515,1.05,265.0,1.16,6.7
3.183961388,3.7875,39268.0,0.677,37.22,1615.0,1608.01,339.2
179.609803,13.755,1273.0,0.711,5.47,389.0,5.41,184.6
6.8731664,6.8569,3753.8,0.055,13.44,1482.0,1140.56,535.5
65.583665567,5.01216,242398.0,0.72,41.22,371.0,4.5,1649.5
208.18711785,2.5404,394.7,0.321,1.99,307.0,2.1,4.2
2.98786272,2.5814,42789.0,0.621,17.82,1064.0,303.15,98.0
10.31872301,3.836,871.7,1.215,28.59,876.0,139.26,38.2
4.99473798,3.05,99.5,0.46,0.82,917.0,167.06,17.5
527.29093,14.305,200.8,0.2371,1.3,216.0,0.51,16.0
7.96431492,1.5342,746.0,0.189,2.44,805.0,99.42,44.3
40.24649897,6.0203,159414.0,0.877,97.54,768.0,82.27,420.9
0.635587392,4.7,147.7,1.151,28.58,2587.0,10637.41,40.9
281.509095,40.963,5948.7,0.626,85.77,685.0,52.05,182.5
1.480323978,1.833,166.2,0.617,1.46,1743.0,2180.25,43.4
1.89114441,8.724,49.9,1.088,6.57,932.0,177.97,16.7
0.56678228,4.725,146.8,0.153,0.88,1661.0,1814.33,15.1
5.729317577,1.1816,865.4,0.597,2.41,850.0,123.03,59.0
2.976012511,6.52033,449091.0,0.444,79.99,1476.0,1119.89,3630.4
4.942783419,3.25346,11144.7,0.566,10.62,1008.0,244.42,2040.7
111.0396205,25.751,9356.2,0.851,8.6,335.0,2.97,201.9
3.690317047,1.3784,465.5,1.151,20.23,1280.0,634.09,43.0
591.37382,4.35,245.0,0.1609,2.2,289.0,1.65,10.7
15.59466045,5.0478,867.7,0.266,2.74,718.0,62.88,49.2
3.04476607,9.568,272.6,1.159,15.7,1126.0,379.01,67.0
61.4913415,9.627,3692.4,0.92,4.57,323.0,2.58,70.5
21.294733865,7.60143,123177.0,0.957,71.55,771.0,83.71,2674.6
3.170626881,2.7189,14610.0,0.847,14.37,1314.0,704.88,113.2
48.5023669,1.053,740.0,30.612,906.03,192.0,0.32,5.5
10.828825742,0.7275,92.1,0.137,0.76,758.0,78.3,4.8
2.742590902,10.4143,680398.0,0.473,176.4,1960.0,3487.05,682.9
10.91274065,2.1801,1387.2,0.685,2.13,443.0,9.12,57.4
36.12895451,2.2348,3758.6,1.474,53.72,546.0,21.05,66.3
5.3235335,2.714,342.4,0.804,2.69,1167.0,438.71,14.6
0.566796775,5.471,144.1,0.974,0.61,931.0,176.94,32.2
30.360445359,6.0134,21124.7,0.359,10.99,459.0,10.47,1126.2
1.353771892,7.012,1349.1,1.203,430.99,4903.0,136609.48,76.7
4.51005082,2.1533,294.8,0.115,1.74,1063.0,301.74,21.5
1.371288853,1.4528,66.2,0.953,1.15,1837.0,2695.6,16.9
2.97599368,4.023,55.0,0.243,0.79,1395.0,894.1,13.0
1.226223959,2.1689,56.1,0.005,1.0,2024.0,3973.86,18.9
14.53260546,2.4212,328.9,0.112,1.69,746.0,73.37,29.0
1.245331397,2.566,38.1,0.649,1.61,2678.0,12115.45,26.5
45.680876,2.293,350.3,0.206,14.5,1215.0,514.91,3.7
3.74785307,3.444,145.9,0.217,9.04,2440.0,8389.62,17.0
12.08353781,7.90317,43086.6,0.749,50.33,1310.0,696.82,3799.5
3.796488133,11.0659,3007.6,1.306,40.83,1233.0,547.94,193.4
5.03505665,1.804,151.5,0.911,1.63,1141.0,401.23,16.6
18.1373788,3.844,310.8,0.945,1.41,433.0,8.31,11.3
1.818939148,1.644,331.2,0.56,1.82,1549.0,1364.15,39.3
0.77957913,2.457,70.4,0.183,0.71,1819.0,2585.39,11.1
13.15140223,5.439,97.8,0.872,1.87,1008.0,243.84,25.5
4.09667624,2.19,302.3,0.142,1.42,938.0,182.9,16.2
13.54208867,4.9406,28869.0,0.985,26.65,727.0,66.01,137.6
322.48381,22.99,1023.4,0.938,3.5,259.0,1.06,27.0
4.30656389,4.1107,257.0,0.894,1.95,1177.0,453.2,39.8
108.546946,7.567,711.3,0.055,29.67,985.0,222.7,15.3
1.434200327,5.968,3097.3,1.208,44.76,2410.0,7985.65,39.1
6.08003714,1.308,184.0,0.254,1.07,808.0,100.72,17.7
13.5631157,5.438,336.4,0.704,1.75,733.0,68.41,15.4
2.112395777,2.7714,262602.0,1.285,115.26,1419.0,957.45,243.2
6.11784972,3.458,60.5,0.391,1.05,1211.0,509.24,25.8
0.934926138,3.1925,131941.0,0.905,58.67,1957.0,3455.76,1149.3
8.27745764,2.713,197.2,0.261,2.46,1088.0,331.35,17.3
1.008917105,1.4577,338.5,0.545,1.51,1636.0,1698.88,34.2
106.247882,13.78,397.4,0.586,2.01,377.0,4.75,24.0
10.526294577,2.5211,9768.0,0.644,8.24,713.0,61.16,482.3
0.597933473,1.918,106.0,0.562,1.24,2564.0,10196.42,26.0
2.362348096,3.5979,724.7,1.219,89.55,2104.0,4625.06,103.6
1.41435861,2.285,56.8,0.189,0.74,1578.0,1458.2,9.5
19.37070781,2.2466,653.2,1.2,108.54,1180.0,458.92,38.4
2.025580416,4.48448,44998.1,0.434,43.23,2102.0,4618.62,987.8
7.2949175,41.04,182.8,1.132,11.67,763.0,79.99,18.9
37.078668,4.403,147.4,0.5101,0.8,419.0,7.27,6.9
0.566801447,2.352,16.2,0.615,0.57,2633.0,11321.32,13.8
1.34155642,1.6462,58.2,0.259,0.74,1642.0,1715.26,23.7
165.40574995,13.6363,66402.0,1.091,112.86,514.0,16.56,4958.6
8.480305,6.19,304.2,0.766,1.33,661.0,45.21,11.5
419.75224,4.154,754.0,0.3316,2.82,257.0,1.03,6.3
1.33258375,4.081,60.9,0.746,0.84,1727.0,2096.92,16.4
22.913446297,4.11699,251835.0,0.709,81.61,811.0,102.27,6512.7
297.71402,13.413,1374.5,0.8328,45.69,706.0,58.76,16.3
60.0853848,7.007,432.2,0.79,2.4,485.0,13.07,51.7
3.166353562,3.3129,1473.4,0.032,3.82,1273.0,621.92,128.3
3.103730697,6.93402,369228.0,0.539,75.28,1340.0,763.25,5143.6
286.1755875,16.1025,328544.0,0.598,63.23,276.0,1.38,765.3
0.94773253,1.7645,11306.0,1.186,45.58,2321.0,6862.81,103.9
26.964501,3.792,601.7,0.006,2.2,573.0,25.56,20.1
4.592401261,4.96038,87426.1,0.272,52.18,1678.0,1872.74,5784.8
4.618309224,3.6752,1191.0,1.247,25.43,947.0,190.56,68.5
0.623441636,1.46001,19340.5,1.2127,29.19,1711.0,2025.22,164.7
6.1469956,3.3153,249.6,0.083,2.04,1164.0,433.72,25.8
2.243380573,1.1196,821.7,0.915,1.99,822.0,107.6,38.9
66.1544958,6.945,1972.0,0.8526,3.33,315.0,2.33,42.7
6.412512953,5.2677,1156.4,0.553,3.89,1069.0,308.76,183.1
13.7223682,5.1231,571.1,0.009,2.23,746.0,73.16,97.9
328.84846,5.45,901.0,0.5355,2.23,219.0,0.54,6.0
226.8904775,7.558,3136.4,0.731,4.53,236.0,0.73,46.8
10.368552685,4.37878,153233.0,0.978,61.14,845.0,120.48,3170.1
7.047106212,3.16223,69626.0,1.077,119.64,1846.0,2744.25,548.5
1.031100362,2.9759,129157.0,0.293,27.35,1584.0,1491.65,178.5
14.48584765,3.1365,457.1,0.93,2.88,784.0,89.16,52.2
16.09196369,2.8943,415.8,0.546,2.13,718.0,62.74,84.9
91.078624,10.304,738.6,0.901,3.26,415.0,7.02,20.8
27.4784659,7.5,83.2,0.008,1.52,736.0,69.3,12.3
42.3520039,7.773,512.6,0.659,6.3,938.0,182.91,30.5
17.46087931,2.2641,812.4,0.594,2.32,568.0,24.6,22.6
4.00770453,5.50884,168776.0,0.835,92.08,1699.0,1969.22,1753.5
0.784512952,2.4623,586.0,1.234,25.48,1952.0,3432.93,44.4
4.15246118,2.5755,223.4,0.639,7.62,1941.0,3354.56,24.5
0.580724809,1.82,64.2,0.292,0.75,2191.0,5418.89,16.9
20.35971899,2.1521,345.7,0.925,0.8,276.0,1.38,26.8
0.894172544,0.8302,86.2,0.162,0.68,1461.0,1070.89,16.9
0.552834211,1.2887,145.7,1.045,18.09,3107.0,21895.36,30.0
10.9938268,5.0746,419208.0,0.471,52.69,627.0,36.46,469.5
22.52907,1.373,327.1,0.3668,1.39,532.0,18.89,4.8
0.885123683,3.3865,113.3,0.708,1.14,1961.0,3477.17,42.0
22.342964828,6.66405,5612.8,0.031,9.99,785.0,89.61,1118.9
5.69919592,2.3906,159.4,0.007,1.16,964.0,204.18,35.3
5.50811352,2.9516,40380.0,1.215,34.03,778.0,86.57,100.5
3.55650403,6.862,132.3,0.846,0.56,580.0,26.66,11.8
20.4853893,10.229,89.5,0.834,3.6,1015.0,251.16,17.9
14.83340944,3.927,783.0,0.399,2.54,694.0,54.74,19.1
4.9883873,9.059,507.6,0.944,3.28,1236.0,550.52,42.4
9.705693,7.702,140.8,0.941,2.07,1001.0,237.46,14.2
381.782641,4.52,367.6,1.204,55.75,384.0,5.12,8.6
10.60052083,4.509,60.9,0.729,1.09,987.0,224.28,17.4
13.32354078,3.873,116.6,0.225,1.32,872.0,136.61,16.3
3.479425638,3.4479,19550.0,0.612,12.86,1166.0,435.85,123.3
24.85466504,9.182,776.2,0.746,7.61,1095.0,339.33,88.0
0.660629055,5.894,231.6,1.173,17.38,2032.0,4040.43,103.3
2.382652873,1.8888,705.4,0.682,2.74,1237.0,553.53,45.5
4.34573349,2.246,73.5,0.512,0.86,1151.0,415.52,9.7
44.616751,7.831,239.7,0.618,2.31,693.0,54.56,28.4
4.220965778,3.0854,2260.0,0.705,2.62,595.0,29.68,157.8
5.14108479,25.93,611.2,1.225,25.74,1038.0,274.55,57.0
262.71162,7.72,1449.0,0.019,3.69,272.0,1.29,7.0
440.7843755,21.693,2579.0,0.424,7.23,308.0,2.14,181.0
28.714216138,6.0624,43701.9,0.919,42.19,794.0,93.74,1230.7
6.397185875,5.8638,18887.0,0.755,15.02,981.0,218.59,394.7
124.922516,11.942,498.7,0.943,3.37,407.0,6.45,24.4
85.272459,13.31,767.8,0.965,3.85,443.0,9.1,18.9
3.81371423,1.973,281.0,0.306,1.37,1029.0,264.63,11.4
16.2254975,6.471,120.4,0.273,1.21,788.0,90.93,20.3
1.036592136,2.296,2118.2,1.25,293.01,4194.0,73013.77,150.6
3.719809197,3.5317,2958.2,1.279,87.21,1873.0,2912.21,373.9
42.3006282,4.372,507.9,0.269,2.54,558.0,22.94,23.8
2.97606298,4.124,72.2,0.363,5.65,2615.0,11065.06,17.8
10.161023528,3.1627,1653.9,0.716,4.62,904.0,157.97,111.1
91.05641908,6.7282,57607.6,1.112,53.1,431.0,8.13,701.1
11.8150174,2.834,1003.0,0.875,3.48,762.0,79.66,10.5
1.89124738,4.697,410.0,0.452,1.2,989.0,225.34,17.4
0.789160884,0.9268,215.1,0.376,0.91,1244.0,564.46,23.6
0.933746783,4.255,417.5,0.007,1.3,1309.0,696.63,62.8
31.005392846,3.073,560314.0,0.305,141.82,682.0,51.25,1236.1
13.174807933,3.37392,71070.9,1.065,51.06,811.0,102.2,1812.6
1.908525084,4.169,218.9,0.015,3.74,3191.0,24558.81,26.9
7.45301717,3.685,551.5,0.035,37.37,2595.0,10730.53,18.3
0.851678507,2.028,67.9,0.418,0.85,1840.0,2698.28,9.1
1.166835206,2.17596,15527.2,1.257,96.28,3457.0,33728.08,388.6
19.3073774,3.437,31.7,0.0275,1.21,1054.0,292.25,6.6
1.103971357,0.926,317.9,0.52,1.37,1471.0,1109.79,21.7
7.81153999,5.984,912.8,1.271,23.56,718.0,62.96,41.3
3.75574267,2.2911,417.4,0.127,1.58,977.0,215.46,27.9
12.42618005,28.1949,1522.8,0.935,3.48,551.0,21.8,113.1
156.51657398,12.2259,113337.0,0.995,61.44,367.0,4.31,2016.1
20.35509657,5.33265,25079.5,0.503,17.53,720.0,63.6,1703.2
313.19875,8.603,721.0,0.36,1.95,216.0,0.51,9.6
379.42818,11.24,403.9,0.006,1.89,252.0,0.95,11.1
63.571688,6.01,591.0,0.7182,2.14,399.0,6.02,5.4
13.61165024,7.617,95.5,0.112,1.46,958.0,198.73,31.6
2.629870555,6.606,101310.0,0.705,34.05,1291.0,659.45,1026.0
0.954873008,1.0613,33.0,0.578,0.81,2325.0,6913.47,1.5
54.35635067,6.4345,10510.4,1.142,38.81,566.0,24.18,628.1
35.080928,6.92,100.7,0.712,1.21,610.0,32.63,7.6
0.876826336,3.6097,138366.0,0.481,37.24,2042.0,4095.0,1338.1
0.796815149,1.0727,55.9,0.524,10.23,5480.0,212663.45,4.8
1.914158508,3.2917,7829.2,0.942,13.63,1646.0,1730.47,124.6
29.8042694,3.107,1046.5,1.237,24.73,505.0,15.34,17.9
1.752450163,3.0255,55.5,0.728,0.79,1552.0,1372.36,3.4
135.4978256,6.769,5038.1,0.804,6.01,295.0,1.8,73.2
9.455586047,8.42272,115171.0,0.791,178.47,1972.0,3576.17,1876.9
8.667822346,4.9658,2121.9,1.276,67.37,1303.0,681.39,187.6
11.17931581,3.103,90.6,0.381,1.81,1159.0,426.61,12.0
0.691561191,5.23,1901.0,1.0183,5.91,1460.0,1074.31,3.4
10.6816951,3.605,307.8,0.646,2.3,897.0,152.75,21.9
15.79196594,7.2772,203.1,0.032,2.4,910.0,161.97,77.3
58.3437362,22.482,1266.8,1.246,93.55,779.0,87.03,75.0
2.25353739,5.74622,182828.0,0.82,96.65,2056.0,4215.56,904.8
3.989144446,20.7947,630524.0,0.252,60.26,996.0,233.19,2055.9
363.706662,8.553,1624.6,0.9315,5.26,283.0,1.51,43.7
3.75938475,1.188,133.1,0.505,3.1,1677.0,1868.97,11.3
1.169010526,1.1717,165.9,1.13,91.91,3766.0,47688.8,37.1
2.613020421,1.9588,599.7,0.891,1.5,713.0,61.24,31.1
2.549562652,1.6999,495.1,0.047,1.11,682.0,50.9,43.7
0.888584158,2.25012,412710.0,0.453,43.7,1211.0,507.14,691.2
16.7525077,3.174,338.3,0.763,3.65,801.0,97.43,18.2
449.557346,17.227,1193.1,0.69,55.33,721.0,64.05,28.4
8.3806973,3.028,650.8,0.5317,1.91,701.0,57.04,4.6
9.32867952,1.572,354.4,0.035,1.62,806.0,99.6,12.7
69.2002312,5.679,2271.5,1.276,45.24,585.0,27.66,30.0
1.023471798,2.3499,861.4,0.974,3.78,1727.0,2103.09,63.0
1.72086129,2.0243,10184.5,0.725,13.25,1647.0,1743.61,1654.9
6.996926239,2.7374,1317.4,0.022,3.21,888.0,147.07,101.6
0.935086665,1.12,71.2,0.4742,1.18,2431.0,8250.8,13.1
7.834433676,2.89,2018.1,0.714,3.47,689.0,53.33,246.6
86.67856052,10.1289,8244.1,0.291,9.83,434.0,8.41,318.3
3.40165617,1.9617,155.9,0.906,1.34,1236.0,552.42,19.9
20.4972755,8.536,242.9,0.966,2.96,843.0,119.42,22.8
26.0841212,6.141,259.7,0.092,1.35,598.0,30.24,13.8
0.589049151,2.25397,61953.4,1.094,39.51,1959.0,3495.15,1227.6
0.53633519,1.0547,444.1,0.489,1.81,1974.0,3603.58,29.9
8.65312868,3.376,508.6,1.185,20.38,857.0,127.5,22.6
1.258274109,1.92467,14159.9,1.244,25.98,1207.0,502.19,669.1
17.4453133,5.14,327.7,0.23,5.38,1066.0,305.55,12.2
12.720370263,2.7306,1180.1,0.787,4.75,934.0,180.23,485.5
4.02378908,3.237,32.1,0.715,2.24,2504.0,9293.19,36.1
40.4286676,7.102,916.1,0.872,2.92,494.0,14.08,40.9
1.060996585,2.6494,41142.0,1.141,64.99,1968.0,3542.31,339.5
395.23753,18.494,1298.0,0.629,3.17,225.0,0.61,13.4
3.661326482,2.5714,17846.0,0.812,12.07,1023.0,258.6,424.6
25.69581456,4.0251,1130.8,0.68,1.7,314.0,2.3,45.1
3.951405455,2.1862,2453.9,1.276,31.44,1133.0,388.71,117.2
9.02930689,3.1449,1019.8,0.024,2.57,757.0,77.75,53.9
0.626431697,2.0171,37224.0,1.145,34.05,1709.0,2003.98,174.0
0.635441862,1.9827,147609.0,0.872,56.3,2118.0,4750.98,317.1
8.37159554,5.252,98.0,0.983,2.39,1292.0,659.25,16.6
0.83620025,3.7127,331275.0,0.56,65.64,1932.0,3299.29,145.4
29.19899219,5.1227,2047.2,0.043,4.15,540.0,20.05,171.0
25.3239215,70.405,1379.7,1.218,19.02,484.0,12.94,214.5
9.61375316,4.654,797.9,0.604,3.27,931.0,177.26,108.6
34.6506368,10.287,502.5,0.973,12.35,1191.0,476.15,21.6
43.797829003,7.70289,415020.0,0.489,93.43,668.0,47.15,1375.1
424.623345,9.666,5132.1,0.819,8.13,265.0,1.17,60.2
1.729338354,6.8524,140158.0,0.887,139.36,2230.0,5838.68,379.7
1.97515457,2.633,66.1,0.027,0.92,1504.0,1207.0,9.2
3.024092505,2.8021,7765.0,0.424,12.14,1489.0,1162.54,1225.3
4.030466786,2.7734,2908.3,0.033,4.48,970.0,209.11,227.4
10.35586478,2.8431,660.9,0.178,1.92,620.0,34.93,49.5
2.638432816,2.42989,48488.0,0.863,49.77,1933.0,3299.02,529.4
2.936527336,1.771,352.3,0.524,1.92,1209.0,505.22,34.7
23.8990075,15.955,293.4,0.153,3.26,823.0,108.3,61.5
5.186737262,0.8023,712.7,0.825,2.4,860.0,129.37,25.7
86.1160885,6.058,875.2,0.016,3.11,441.0,8.93,17.8
110.9215892,5.282,498.0,0.905,3.71,443.0,9.12,48.2
22.34293693,7.0813,2691.1,0.001,2.92,399.0,6.01,35.3
1.527491117,7.9136,33546.0,1.164,27.85,988.0,224.31,298.6
8.75209691,2.3742,1367.6,0.017,1.83,451.0,9.76,44.8
0.93374911,3.504,57.8,0.505,0.66,1793.0,2442.7,8.4
0.572079631,2.27811,127786.0,0.793,29.45,1716.0,2036.56,578.2
3.60082855,1.938,296.3,0.395,1.36,927.0,174.45,17.9
0.687772143,2.56725,40368.3,1.166,46.27,2097.0,4569.67,679.8
25.33709016,9.664,2279.4,0.824,3.47,414.0,6.93,120.3
20.131477716,3.2806,8243.2,1.279,39.89,670.0,47.49,427.5
3.07155284,4.0935,86.0,0.855,1.65,1556.0,1389.97,27.2
3.46724809,11.01,1317.3,0.953,2.52,841.0,118.15,107.0
10.116144515,2.70314,58143.5,0.879,17.21,549.0,21.56,1144.8
2.586878667,6.1614,25480.0,0.651,19.84,1666.0,1823.52,261.3
317.74527,17.54,206.6,0.787,2.1,336.0,3.03,13.6
22.5968256,6.179,142.9,0.062,1.3,670.0,47.7,22.2
1.906633332,3.0825,268.0,0.98,2.72,1847.0,2745.66,83.3
138.944022,10.611,530.2,0.195,2.57,384.0,5.13,28.0
2.816504904,2.50587,16813.7,0.105,12.21,1219.0,521.13,1406.8
8.981014925,1.8478,1059.3,0.097,3.14,880.0,141.77,198.3
10.21418792,5.8201,303.8,0.016,2.29,957.0,198.34,78.6
12.39894005,4.262,702.9,0.975,4.06,890.0,148.37,50.7
11.637858887,11.8851,427948.0,0.473,77.01,895.0,151.54,2637.0
14.1798187,2.505,459.9,0.1601,1.88,711.0,60.35,11.2
13.81020318,3.048,1309.7,0.791,4.56,833.0,113.75,46.2
18.0541469,4.587,283.1,0.175,1.51,635.0,38.57,19.3
16.7364755,2.151,1147.0,0.9,2.73,464.0,10.99,9.9
7.15681552,2.5882,867.0,0.45,2.47,782.0,88.23,47.7
1.018360336,7.622,393969.0,0.553,107.0,2302.0,6627.64,967.4
24.2416103,5.137,323.4,0.069,1.61,596.0,29.92,10.8
40.244826,4.303,192.9,0.022,115.94,3302.0,28103.18,16.8
2.404556949,7.4918,408.7,0.97,4.69,1958.0,3474.41,147.1
439.1076969,26.2259,69792.0,0.7777,24.7,221.0,0.57,884.9
10.41572666,2.7719,825.3,0.682,3.01,797.0,95.64,69.3
24.7543849,3.39,593.3,0.709,2.1,491.0,13.7,18.0
22.1270885,4.472,418.2,0.956,3.94,721.0,63.98,12.6
1.33256167,3.743,59.5,0.402,0.63,1326.0,727.84,13.0
5.1348689,48.69,115.8,1.137,16.17,1040.0,276.25,36.1
0.739404894,1.753,246.8,0.077,0.94,1256.0,589.06,21.0
0.905675699,1.701,73.2,0.008,0.77,1780.0,2374.98,10.2
0.978046982,2.6137,838.8,1.227,129.67,3146.0,23083.37,105.2
0.962864171,1.6802,303.5,0.736,1.52,1666.0,1828.67,31.6
3.468073,2.361,243.9,0.143,1.29,1098.0,343.57,20.6
22.264806569,8.7941,19372.6,0.75,12.34,585.0,27.79,873.4
4.52158614,3.4702,106.2,0.203,1.31,1214.0,513.68,26.2
289.86046,11.103,234.5,0.3711,1.5,279.0,1.43,10.3
2.617280959,9.661,3089.9,3.651,395.94,1689.0,1918.98,262.4
174.510276,6.689,1530.0,0.024,1.74,186.0,0.28,14.8
0.883778461,1.6339,120.1,0.605,1.09,1934.0,3316.4,31.7
0.532086296,4.023,495.8,1.199,16.99,1790.0,2417.28,85.2
1.069842837,5.275,540.3,0.001,1.77,1433.0,998.07,65.2
0.925589891,1.967,400.8,0.616,50.6,6637.0,460202.18,20.6
0.766298172,1.78462,19400.9,0.813,15.64,2163.0,5154.54,368.9
33.8542586,12.689,253.3,0.1881,15.96,1326.0,730.99,10.0
15.37562369,3.3169,15337.0,0.692,11.01,600.0,30.54,166.0
41.43958662,10.5989,2793.1,0.355,5.5,516.0,16.72,141.1
184.6467208,18.9869,410274.0,0.492,72.8,320.0,2.49,1113.2
15.22895514,2.5967,1124.8,0.777,3.0,639.0,39.4,63.8
40.0306267,4.815,214.5,0.322,2.01,617.0,34.19,19.5
6.14728341,2.7645,119.7,0.188,0.79,770.0,83.18,26.8
241.07074582,9.88863,70291.7,0.418,76.53,699.0,56.58,4257.4
11.9615433,3.129,424.5,0.576,2.24,847.0,121.71,12.4
87.5177787,2.55,136.5,0.983,1.85,451.0,9.76,12.2
2.253551793,3.66,119.6,0.761,1.7,1812.0,2547.01,42.1
70.9672087,6.9623,784.7,0.545,2.84,438.0,8.66,69.3
5.2438269,8.235,128.6,0.228,0.76,743.0,72.18,11.3
2.17815196,2.445,245.0,0.32,1.09,1139.0,395.98,17.9
211.032819,7.119,1953.4,0.808,3.43,215.0,0.5,69.3
2.03746414,2.895,138.8,0.008,1.12,1474.0,1118.26,14.1
5.579631021,3.38646,118321.0,1.323,90.32,1108.0,356.56,1268.7
0.903583394,1.5942,1027.1,1.242,33.18,2162.0,5162.98,151.7
4.417692516,2.323,279.2,0.971,1.57,790.0,92.16,35.1
10.29767658,6.649,655.5,1.194,39.14,1022.0,258.09,57.0
0.94356284,5.721,13.4,0.569,0.76,3176.0,23945.42,16.0
17.99646148,4.65638,62755.2,1.091,114.45,1004.0,240.38,1951.8
191.239133,16.942,1061.2,0.876,6.47,401.0,6.14,36.8
5.663604992,1.4283,163385.0,0.785,54.55,1021.0,257.36,169.4
13.787520532,2.55435,12978.3,0.99,25.33,921.0,170.01,2126.1
0.783258387,2.2926,328.5,0.2514,1.28,1559.0,1395.69,28.5
8.679037,2.864,301.6,0.224,1.79,949.0,191.84,19.9
71.76236302,29.435,8591.9,0.052,25.76,665.0,46.35,1134.3
17.64830851,2.0873,763.3,0.653,2.43,579.0,26.49,23.8
1.26132769,1.244,109.7,0.289,0.14,447.0,9.46,9.9
7.75192755,3.5413,407.3,0.546,1.89,852.0,124.47,77.3
3.63898953,2.252,209.6,0.32,1.68,1238.0,555.71,16.0
472.6038,12.15,672.0,0.476,2.28,218.0,0.54,7.7
57.104588,11.5,144.3,0.087,0.98,425.0,7.74,9.3
5.55260695,4.1178,727.6,1.174,2674.69,6436.0,404932.04,60.7
14.8783945,7.491,322.8,0.749,1.63,692.0,54.19,22.9
1.634614356,3.4422,19761.5,1.229,44.22,1611.0,1597.73,376.5
1.217000383,1.3285,459.8,0.028,1.58,1314.0,707.61,26.5
293.5056071,3.4075,6824.0,1.341,48.59,265.0,1.16,51.0
0.659299289,0.6908,1118.5,1.2873,30.54,1979.0,3623.47,108.6
1.72128752,2.366,58.5,0.449,0.65,1415.0,944.49,7.7
6.53194024,3.3351,771.9,0.83,3.09,907.0,159.66,39.6
29.3493852,4.313,659.2,0.75,2.02,451.0,9.81,20.3
29.2214959,4.014,394.0,0.779,1.81,539.0,20.03,14.6
273.169948,2.701,283.3,0.3259,2.8,362.0,4.08,6.2
234.524445,3.9,876.0,0.741,2.33,226.0,0.62,6.8
365.5435,14.78,753.1,0.518,3.04,283.0,1.51,13.4
2.622134451,4.735,128.2,0.664,1.64,1548.0,1359.14,42.9
7.946367138,2.58667,278086.0,0.636,36.01,629.0,36.92,1228.9
2.35195525,5.98883,212828.0,0.511,59.62,1678.0,1876.0,1819.1
2.347479696,26.25,81996.0,1.051,60.5,1502.0,1207.51,261.1
45.9029768,5.0041,361.8,0.303,1.18,341.0,3.19,42.9
25.8730914,5.085,694.4,0.196,2.88,667.0,46.82,20.1
163.104677,2.129,576.0,0.575,2.58,337.0,3.06,6.0
0.974868896,1.6191,197.6,0.12,1.16,1612.0,1605.87,82.6
55.6391882,7.316,853.0,0.811,3.13,478.0,12.33,48.3
15.53753378,5.8262,209006.0,0.425,40.9,694.0,54.73,2807.8
1.275511306,1.889,69.3,0.011,0.84,1739.0,2160.97,10.3
76.957056,9.551,367.1,0.638,2.09,451.0,9.81,26.5
10.06478627,2.86,285.7,0.729,1.49,729.0,66.74,18.6
1.39772545,4.129,181.3,0.644,1.58,1763.0,2275.72,17.9
103.039788,14.197,1370.0,0.039,2.05,210.0,0.46,15.9
38.86848956,6.0573,1004.9,0.028,2.81,509.0,15.89,73.4
2.0248205,2.55,63.3,0.248,1.01,1625.0,1652.5,20.2
4.33643506,4.1445,108.5,0.641,1.75,1453.0,1054.56,48.0
21.5135234,77.983,1583.8,2.441,534.47,1006.0,242.54,171.5
345.7671,15.38,212.7,0.391,2.5,336.0,3.02,12.3
615.16033,3.958,267.1,0.1544,4.48,430.0,8.08,5.4
42.032096076,11.6768,391261.0,0.519,79.17,622.0,35.34,2164.4
52.069002,3.0089,558.3,0.275,2.92,524.0,17.76,25.6
7.886632468,5.2147,6331.2,0.048,8.99,996.0,232.07,392.3
0.50948306,3.14,74.6,0.3535,1.22,3024.0,19778.63,8.0
16.70920628,2.7052,839.8,0.855,2.27,500.0,14.73,40.4
39.2820405,3.344,157.5,1.241,58.67,823.0,108.22,6.9
5.71483873,2.748,286.2,0.134,1.26,842.0,118.73,18.0
28.597880332,7.71925,85951.6,0.356,74.25,1014.0,250.21,2526.2
1.33258458,3.222,127.0,0.422,1.25,1868.0,2873.72,14.4
1.041619932,8.1218,1840.5,1.237,30.94,1858.0,2828.16,374.1
5.776794344,6.33505,121544.0,0.366,129.2,2249.0,6048.96,8022.8
7.841066931,5.47901,342094.0,0.579,56.33,876.0,139.18,3314.7
4.286103033,2.6422,173359.0,0.544,25.8,686.0,52.42,397.1
357.82544,9.12,152.5,0.636,1.7,306.0,2.08,11.1
358.74318,19.76,760.5,0.151,2.25,224.0,0.6,15.9
13.62801048,3.5374,912.8,0.927,3.28,639.0,39.48,26.7
19.1187425,6.805,217.5,0.74,2.33,823.0,108.48,20.5
175.06586091,4.5181,45134.0,1.149,40.63,312.0,2.24,320.6
132.1331011,26.715,7956.2,0.606,75.08,809.0,101.41,284.3
4.13852825,2.281,256.5,0.185,1.3,954.0,196.51,20.5
1.23133063,3.7,78.9,0.051,0.54,1072.0,311.53,17.6
6.79685353,3.1702,393.1,0.62,2.01,985.0,222.91,29.8
16.23947096,4.0374,2590.7,0.043,4.14,598.0,30.14,123.8
4.85018974,5.676,64.5,0.985,1.1,1098.0,344.04,15.8
0.641069613,1.033,78.6,0.061,0.86,2196.0,5512.38,10.5
4.2059745,8.006,41.2,0.115,0.75,1263.0,601.3,7.7
351.204993,22.414,1257.9,0.777,3.57,258.0,1.04,21.3
14.53682228,3.195,1032.3,1.068,73.15,1596.0,1534.06,40.8
22.40777833,3.2881,661.3,0.147,1.15,319.0,2.44,33.9
0.812592362,1.5646,6945.8,1.007,25.84,2912.0,16928.43,226.6
0.93374699,6.168,172.1,1.167,103.98,3442.0,33070.3,25.5
11.3775281,12.918,1651.3,1.415,82.26,1177.0,453.61,38.2
3.77881664,5.819,47.1,0.628,3.99,2580.0,10473.57,22.2
36.8567758,7.495,714.1,0.05,2.68,549.0,21.4,43.8
8.70312154,4.807,32.0,0.886,0.72,945.0,188.7,13.0
1.732346403,2.2139,182.4,0.184,1.37,1546.0,1345.92,41.2
0.769127296,0.998,114.6,0.067,0.9,1917.0,3179.14,17.0
204.0329342,17.5623,411374.0,0.49,57.35,272.0,1.29,884.9
14.1959621,3.605,196.2,0.786,1.66,818.0,105.7,14.1
1.853209359,1.7543,12319.1,0.99,32.99,2100.0,4584.55,238.9
66.247851,4.04,666.0,0.2847,16.67,925.0,172.74,8.3
59.284064,5.42,424.4,0.556,1.81,401.0,6.14,13.1
1.83592242,5.9942,30745.9,1.189,46.3,1501.0,1195.13,1378.9
2.090811305,3.388,115.9,0.746,1.62,1642.0,1718.04,19.9
2.33211505,2.96723,105949.0,1.747,140.22,1594.0,1530.05,997.8
18.3027235,8.262,186.7,0.742,2.72,902.0,156.71,24.7
1.168310132,1.31,283.3,0.107,1.43,1577.0,1469.16,64.7
0.639721284,2.69771,465918.0,0.404,46.59,1505.0,1220.53,1012.9
0.895276162,3.0518,319082.0,0.618,172.25,2731.0,13121.22,932.1
39.238141571,6.07183,439208.0,0.459,90.93,656.0,43.69,969.3
12.282998287,2.7096,2794.7,0.047,2.83,431.0,8.14,137.2
2.99540439,6.172,223.2,1.179,65.37,2195.0,5493.46,45.6
4.859386384,2.2757,6044.3,1.259,38.33,1114.0,364.23,269.7
1.09206792,1.646,105.9,0.378,0.74,1320.0,715.46,7.7
0.546248198,2.1081,114528.0,0.946,54.23,2227.0,5820.72,263.1
4.421566535,2.1229,684.0,0.869,2.19,729.0,66.94,31.9
0.93377253,2.544,30.0,0.004,0.43,1644.0,1734.32,8.4
15.44428875,2.0791,3596.2,1.275,37.58,731.0,67.39,44.9
8.38395796,5.2,108.5,0.892,3.24,1285.0,645.64,14.1
10.99470891,1.5929,884.7,0.265,1.71,512.0,16.24,32.7
25.6416117,5.5,126.4,0.5744,1.76,803.0,98.5,4.9
1.48922187,1.882,613.6,0.393,2.5,1594.0,1524.19,10.8
4.36273233,2.2375,341.6,0.732,1.76,1023.0,258.7,25.6
19.55662003,8.087,298.9,0.606,2.45,797.0,95.35,111.0
2.892087553,3.16757,71631.0,1.062,47.55,1225.0,531.42,563.9
22.4765952,3.437,481.4,0.176,1.21,419.0,7.27,13.3
0.962825082,2.8464,118.1,0.088,5.18,3265.0,26811.24,40.7
10.30067919,4.885,271.8,0.004,2.2,1015.0,251.55,16.4
659.2907,22.106,338.1,0.982,4.66,322.0,2.53,27.0
0.828206212,1.737,132.3,0.615,3.88,3274.0,27125.5,68.1
14.53410833,3.3094,510.6,0.766,1.36,420.0,7.34,32.5
362.69427,9.7,439.9,0.0774,3.54,315.0,2.32,11.0
1.061934307,3.211,264.8,1.181,18.7,1696.0,1958.71,70.9
0.808106001,3.9174,7676.4,1.269,39.59,1978.0,3631.91,73.3
4.1749166,4.828,40.7,0.4759,0.61,1116.0,366.59,11.8
85.5692223,4.954,539.2,0.98,6.85,536.0,19.51,18.2
2.131225773,5.4932,2337.1,1.264,35.68,1555.0,1382.47,215.6
0.96283264,2.947,96.3,0.4963,0.74,1686.0,1908.55,16.4
0.764863517,1.16,150.2,0.235,1.04,1733.0,2145.14,13.6
2.27999662,5.7777,12831.0,0.739,20.74,2000.0,3775.07,366.8
54.6493679,7.962,432.5,0.018,2.64,538.0,19.86,15.1
3.684337918,2.1931,76.7,1.045,12.52,2481.0,8964.2,31.4
506.771836,10.535,195.2,0.1643,1.8,275.0,1.35,15.0
1.721313779,3.54768,534625.0,0.315,83.69,1627.0,1658.35,742.8
0.8170226,2.974,167696.0,0.843,57.56,1947.0,3416.07,240.1
151.31847,16.45,105.4,0.3788,1.13,373.0,4.57,6.0
2.990252395,7.8462,216437.0,1.117,89.85,1264.0,603.02,541.7
210.30644361,6.68665,46455.4,1.155,101.13,525.0,17.94,1081.7
27.3214242,4.836,279.6,0.983,3.61,705.0,58.35,14.9
1.868564038,1.192,176.7,0.456,1.4,1565.0,1417.56,17.2
3.855599139,3.183,1030.9,0.864,3.57,1158.0,425.74,90.1
0.51872711,1.252,714.1,1.199,19.07,1965.0,3537.27,93.3
1.08906057,2.743,76.2,0.29,0.75,1511.0,1235.96,10.4
31.5888979,3.438,360.6,0.194,2.59,682.0,51.02,27.3
19.230038188,7.04412,266180.0,0.694,186.53,1361.0,810.65,7232.1
11.00817635,2.013,1462.5,0.025,2.15,488.0,13.39,42.1
5.07442951,4.064,250.2,0.53,1.38,929.0,175.75,26.7
4.24153629,2.971,188.1,0.257,1.44,1177.0,452.95,18.0
4.350087749,2.6428,23593.0,0.986,24.77,1136.0,393.2,192.2
6.099032889,4.82208,55374.3,0.891,36.68,1183.0,462.81,2884.0
198.088873,7.955,1027.7,0.633,3.24,288.0,1.63,18.0
0.56676437,2.326,76.5,0.594,0.92,2267.0,6222.58,11.7
7.42697378,3.206,205.2,0.337,1.4,899.0,154.52,15.4
0.764017553,1.103,128.2,0.442,0.86,1589.0,1503.79,13.2
0.861643331,2.4318,232.5,0.994,1.88,1613.0,1599.85,41.7
12.19140405,1.8832,665.8,0.091,2.46,763.0,80.01,19.4
8.23983041,5.619,251.0,0.012,2.35,1093.0,338.17,29.4
1.489442254,5.51392,417901.0,0.455,115.45,2328.0,6938.66,2309.2
7.24022418,2.9153,864.9,0.507,2.14,716.0,62.1,48.2
2.283466438,7.7999,864260.0,0.457,218.79,2014.0,3883.24,1103.1
0.93374894,4.637,226.2,0.457,0.18,433.0,8.36,9.3
0.512407185,1.0579,329.2,0.301,1.03,1255.0,583.45,46.1
1.302061421,1.8238,1046.1,1.273,92.86,3345.0,29636.26,29.5
11.90352088,4.297,633.0,0.421,2.56,827.0,110.54,47.2
0.5402463,13.93,1148.0,0.9411,6.2,3249.0,26335.17,1.6
0.77544539,1.8764,6791.4,1.272,35.53,1883.0,2974.07,205.1
13.782522208,8.27762,248937.0,0.718,41.84,605.0,31.69,1524.1
7.56052209,3.8573,659.8,0.022,2.4,914.0,164.9,34.6
52.6615266,3.1592,1078.1,0.682,1.87,271.0,1.28,38.4
12.4258833,24.83,93.6,0.982,2.19,1006.0,242.04,34.4
26.8475962,10.068,254.1,0.457,3.2,800.0,96.89,39.2
34.7630543,4.309,293.7,0.731,1.75,554.0,22.23,24.0
0.514771509,1.256,43.4,0.222,0.57,2113.0,4749.21,12.0
593.19521,25.65,227.3,0.6192,1.63,234.0,0.71,7.1
1.151166776,1.0907,578.4,0.029,1.28,957.0,199.25,83.7
25.96190067,6.2732,350.3,0.02,3.25,850.0,123.11,37.5
0.791771167,2.4463,509.2,1.224,82.71,3419.0,32163.04,82.4
29.12436474,3.4209,6496.0,1.181,15.25,356.0,3.81,63.4
12.425580393,57.2012,1131.0,1.222,21.34,563.0,23.83,58.8
2.344138713,0.4495,110.8,0.104,2.43,1797.0,2469.65,8.6
15.43400996,4.2572,1785.9,0.707,4.3,721.0,63.79,59.7
12.3748247,90.01,390.9,1.185,81.01,1253.0,583.24,85.7
0.970085646,1.129,153.0,0.035,18.65,5119.0,162048.58,9.8
5.19492747,3.167,272.9,0.093,2.03,1238.0,554.37,16.5
29.92208104,2.7716,345.3,0.38,3.09,782.0,88.52,37.6
27.2106807,10.515,99.4,0.973,1.73,725.0,65.27,16.9
2.783883492,2.4546,903.9,1.255,67.17,1934.0,3304.55,86.1
18.95491633,24.249,867.5,1.228,71.39,1139.0,397.48,249.3
165.75597,8.45,57.3,98.6021,15049.8,398.0,5.96,12.8
18.936061,22.27,24.3,0.285,0.34,516.0,16.7,14.0
14.12809896,2.326,263.1,0.046,1.6,781.0,87.8,20.3
1.287622419,0.821,36.5,0.819,0.87,1957.0,3450.59,16.9
352.710091,2.901,1658.0,0.329,3.75,261.0,1.09,9.6
2.488812012,5.94523,131002.0,0.931,83.26,1852.0,2776.19,3290.5
0.698359996,1.4959,774.1,1.247,28.97,1990.0,3702.25,26.1
10.306982793,11.4277,341790.0,0.564,81.21,960.0,200.8,3691.9
559.28332,4.245,1360.0,0.3058,2.54,150.0,0.12,6.7
4.93913074,1.362,382.9,1.167,24.03,1182.0,461.47,22.0
16.48686712,1.431,987.9,1.198,27.45,760.0,78.99,22.1
5.32667299,3.4045,611.4,0.043,2.26,1007.0,242.97,34.1
2.892216772,1.3596,360.5,0.806,1.31,794.0,93.66,23.9
1.728521892,3.361,92.2,0.719,1.19,1678.0,1869.82,30.2
0.306937807,0.5925,119.2,0.005,0.82,2142.0,5019.53,29.3
0.626281766,1.1812,433.1,0.553,1.76,1711.0,2011.27,31.0
0.991659646,2.215,77.3,0.765,1.19,2102.0,4614.18,13.5
0.779609509,4.013,88.5,0.676,1.07,2097.0,4557.44,21.0
2.344512589,1.4116,58.9,0.803,0.97,1471.0,1106.25,21.9
6.54626149,2.75,655.9,0.644,2.19,810.0,101.78,24.8
3.275821982,3.0427,274.9,0.746,3.54,1730.0,2121.23,64.4
24.614775,2.395,229.4,0.089,1.28,574.0,25.69,10.5
1.71051215,1.284,42.2,0.057,1.04,2004.0,3820.16,11.2
0.687895191,2.4233,462.5,0.018,1.35,1391.0,888.72,60.9
0.759706632,1.0896,39.7,0.52,1.38,3834.0,51080.76,21.6
5.715425977,2.5242,908.1,0.348,2.47,850.0,123.03,59.4
0.892061734,2.24307,75590.0,1.079,46.75,1724.0,2090.54,398.1
27.40229859,6.8491,747.5,0.022,3.63,734.0,68.46,79.3
12.424747,25.24,139.0,0.976,1.35,691.0,53.94,30.7
0.706428634,1.75182,372128.0,0.393,47.64,1416.0,951.77,1066.7
95.254421,3.379,465.4,0.3116,2.2,413.0,6.89,6.1
16.23847733,3.9699,646.7,0.766,2.76,711.0,60.35,125.8
0.664074145,1.0925,212.6,0.525,1.19,1703.0,1998.48,20.9
27.08239734,5.0119,423.2,0.915,3.25,703.0,57.77,40.9
7.12684695,3.179,206.3,0.71,1.38,941.0,185.17,20.7
0.510804497,2.539,42.7,0.81,1.58,3622.0,40925.32,15.4
10.643110689,88.1118,316.3,1.179,31.72,1038.0,274.67,153.7
85.3514875,6.7504,4674.7,0.052,6.31,390.0,5.44,142.8
362.747593,16.45,132.4,0.3185,2.51,384.0,5.13,13.0
3.471399214,5.07707,92284.9,1.014,89.62,1558.0,1390.76,3230.4
12.180721266,4.15602,414950.0,0.479,63.25,742.0,71.88,1809.8
1.221204888,1.8511,111.6,0.6,1.1,1772.0,2334.4,27.3
23.58917143,5.073,1200.7,0.926,3.16,487.0,13.34,53.3
0.991105114,2.2137,286389.0,0.623,36.87,1257.0,589.31,273.8
0.762132307,1.22,63.7,0.399,0.75,1872.0,2913.14,11.5
3.749105745,1.9826,182.6,0.942,1.68,1160.0,428.25,38.0
452.40428,17.2,216.7,0.6038,1.58,256.0,1.01,8.2
124.091252,2.172,281.4,0.031,1.3,305.0,2.04,5.7
0.837898153,2.104,268.9,0.071,1.26,1478.0,1128.57,13.9
2.66831274,2.4141,266.2,0.333,1.48,1252.0,581.38,23.3
127.2824442,7.1545,8088.6,0.827,12.04,392.0,5.61,148.1
0.848483947,1.4451,1907.4,1.264,32.11,1908.0,3117.82,185.0
1.245342215,4.40308,234086.0,0.728,90.34,2341.0,7120.27,1178.5
31.13862664,5.2482,11427.0,0.889,12.88,582.0,27.22,163.7
3.796383639,8.6711,31.1,0.649,0.71,1323.0,724.17,24.5
65.7045275,3.3104,636.1,0.663,2.78,472.0,11.72,70.4
3.629442796,5.63,426.6,0.97,3.28,1434.0,1001.35,76.4
2.243569483,4.14769,66328.2,0.381,21.11,1364.0,817.05,1107.7
56.6993107,7.0706,5824.7,1.264,539.16,1261.0,598.36,76.3
77.395279,5.26,437.0,0.1748,6.16,646.0,41.24,7.9
3.167893418,2.1814,781.2,0.026,2.62,1221.0,526.23,64.8
98.353149,24.708,423.0,0.906,4.13,552.0,21.96,30.5
32.440339204,4.50984,287602.0,0.645,44.56,448.0,9.52,2177.0
0.691666384,1.9603,35.6,0.552,0.58,2031.0,4014.57,20.8
7.09520543,3.69044,232683.0,0.778,50.23,813.0,103.28,1959.2
14.170972781,3.7316,13496.5,0.579,20.88,1288.0,650.07,308.1
39.859505,7.987,155.5,0.398,1.62,597.0,29.97,13.9
21.22349325,4.9416,582.9,0.794,2.63,623.0,35.69,60.2
5.73865933,4.051,688.6,0.966,1.84,535.0,19.33,40.1
5.03728033,2.0619,76.3,0.96,1.55,1321.0,720.22,20.9
3.20539622,2.143,453.6,0.512,1.7,1000.0,236.11,20.6
80.292171,1.936,158.6,0.0606,1.33,459.0,10.49,6.0
1.873380717,10.1083,538716.0,0.27,89.79,1669.0,1830.27,1513.7
30.22910274,6.6751,443.4,0.77,3.49,755.0,76.88,71.7
24.5434566,7.2518,1151.3,0.042,3.08,616.0,34.07,64.5
4.029803201,4.4301,191073.0,0.17,47.58,1233.0,545.64,352.3
15.7455586,13.877,161.1,0.889,1.41,743.0,71.98,37.6
9.97682072,3.4873,966.8,0.022,2.85,802.0,97.85,31.3
1.4725859,2.953,84.4,0.377,0.93,1662.0,1801.98,13.3
15.06649901,5.9885,36348.0,1.018,56.44,932.0,177.96,154.6
8.77425786,2.2245,239.6,0.917,1.75,771.0,83.63,22.3
0.937406378,1.9515,5079.6,0.8735,7.09,1659.0,1790.11,138.9
406.45737,9.554,284.2,0.428,1.96,278.0,1.42,12.7
63.934965,12.71,1119.5,1.217,44.59,525.0,18.0,45.6
548.08441,17.66,560.0,0.1531,2.35,222.0,0.58,7.4
1.25383162,7.68,12.9,0.2204,0.47,2109.0,4677.63,9.7
26.737139497,4.68919,53516.1,0.734,29.28,655.0,43.59,4731.1
3.24417541,1.992,371.9,0.761,1.84,1047.0,283.66,18.0
16.2959916,2.116,369.6,0.213,1.83,678.0,49.81,15.7
3.41045981,2.866,136.2,0.971,1.06,892.0,149.88,22.5
27.4536146,3.747,136.4,0.765,0.95,457.0,10.34,27.5
29.66631669,8.412,668.0,0.019,2.83,644.0,40.68,95.3
4.553370029,3.2209,23692.1,0.951,25.84,1264.0,603.58,570.6
1.585673651,3.20763,44116.4,1.148,50.53,1648.0,1740.78,717.5
1.307761491,2.22271,13941.0,1.237,29.17,1298.0,671.75,531.5
7.37867551,3.349,125.1,0.513,1.11,933.0,178.68,22.3
2.404293523,4.4649,8150.9,1.364,888.7,4178.0,71976.93,471.2
1.2940561,0.97,51.2,0.394,5.27,4465.0,93976.84,6.4
16.54295261,3.8516,726.0,0.329,2.31,611.0,32.94,36.1
12.3860474,2.604,151.3,0.538,1.11,679.0,50.23,9.1
252.1638623,23.92,103788.0,1.149,50.74,242.0,0.81,864.5
54.31996151,8.5858,1975.0,0.497,6.07,584.0,27.4,291.3
10.08744556,2.9884,568.1,0.921,3.15,942.0,186.14,39.9
30.2541186,2.134,576.3,0.122,2.8,660.0,44.87,12.3
8.43639829,3.2451,345.5,0.51,1.5,742.0,71.51,76.8
16.66216657,3.8762,27442.0,7.444,843.45,834.0,114.41,114.5
10.21864532,3.802,445.3,0.416,2.33,920.0,169.13,26.6
2.48882685,3.487,80.2,0.711,1.05,1477.0,1124.85,14.2
0.745086745,4.29,270.0,0.626,1.29,1654.0,1775.23,61.4
0.502454299,2.31547,37454.3,1.17,43.95,2336.0,7025.25,873.6
348.68162,10.959,309.3,0.506,2.09,302.0,1.96,11.9
0.93374417,3.385,31.3,0.277,0.64,2126.0,4835.58,9.9
91.7732862,6.473,652.0,0.606,2.12,359.0,3.92,19.1
3.66115536,14.807,34.3,0.676,0.81,1466.0,1093.71,27.8
5.68879083,2.55,241.5,0.39,0.99,645.0,40.88,13.8
12.55111099,3.1293,494.1,0.519,1.34,480.0,12.56,33.2
9.69315023,5.6725,141.8,0.734,1.89,1017.0,253.08,45.1
200.762693,2.215,1920.0,42.778,15056.9,692.0,54.06,5.5
5.2438528,10.539,135.8,0.583,1.11,1016.0,251.99,17.8
44.714450094,5.7615,90229.6,1.032,50.54,533.0,19.09,2629.0
9.07098164,2.6903,1026.2,0.013,2.94,825.0,109.61,59.1
0.70544189,1.772,133.5,0.328,1.04,1960.0,3481.65,13.9
0.93705132,4.808,51.5,0.773,6.09,5094.0,159426.96,17.3
1.152216965,2.2245,12072.0,0.811,187.73,5283.0,183811.71,104.5
7.132351753,2.9674,744.1,1.206,49.34,1579.0,1466.12,91.2
24.2783801,4.564,714.4,0.717,2.03,432.0,8.27,13.6
361.51099,4.868,235.9,0.443,6.85,733.0,68.36,9.3
56.1886436,6.5272,346.2,0.873,2.56,503.0,15.13,35.6
13.254134073,4.34991,44979.8,1.051,58.51,990.0,227.51,2281.0
22.2508509,1.745,618.7,0.771,2.07,539.0,20.01,11.4
9.087508013,2.7597,140.6,0.511,1.37,987.0,224.7,2.5
29.00789166,5.0274,906.3,0.761,2.64,498.0,14.59,44.1
10.22215697,1.1939,238.2,0.911,1.72,806.0,99.68,13.6
24.3282251,6.158,1120.6,4.426,294.02,520.0,17.33,26.4
14.85890852,3.5252,3269.0,0.255,5.94,720.0,63.52,456.8
14.5567427,1.421,185.1,0.4308,1.38,783.0,89.02,8.9
528.10984,18.01,89.8,0.2535,0.77,201.0,0.39,8.4
2.821328194,5.02692,64776.0,0.537,40.0,1807.0,2520.03,1227.3
2.181555909,4.41739,85406.9,1.261,91.3,1730.0,2119.28,1548.2
30.6261927,1.107,162.6,0.386,1.55,655.0,43.61,6.6
4.64622383,2.5137,446.5,0.88,1.82,830.0,112.18,28.2
17.72724392,4.1073,16878.0,0.825,14.77,741.0,71.06,109.7
30.6113932,3.576,3472.0,1.264,19.68,317.0,2.38,37.5
223.1127475,8.9683,11538.8,1.266,46.33,332.0,2.87,224.5
37.183276326,14.0996,221205.0,0.003,55.0,594.0,29.41,2648.4
46.40626,7.0281,469.1,0.018,2.66,588.0,28.23,51.2
321.2124365,4.012,2358.6,0.873,7.25,310.0,2.17,81.7
56.637918,6.172,589.7,0.298,3.68,570.0,24.87,20.9
16.33269981,2.174,300.4,0.893,1.61,591.0,28.76,17.5
374.71687,52.986,1126.2,0.985,5.56,259.0,1.06,62.2
41.86539723,6.663,4309.3,1.286,31.14,500.0,14.79,103.4
4.750256809,1.9278,395.1,0.727,12.35,2090.0,4504.96,42.7
56.2590881,8.114,348.8,0.026,2.22,543.0,20.49,29.7
1.433339604,1.3665,305.2,0.902,2.08,1677.0,1873.33,39.6
6.09740316,4.635,568.5,1.2051,45.49,1826.0,2630.31,14.0
4.74254518,1.023,305.7,0.051,1.77,1118.0,369.34,13.2
0.503999678,0.5421,975.6,0.962,2.97,1605.0,1566.41,96.8
1.003049079,7.9657,219273.0,0.568,42.5,1714.0,2049.63,1766.7
17.72722648,4.1376,147144.0,0.381,35.18,692.0,54.32,922.1
12.36564669,3.644,388.4,1.22,24.89,804.0,98.51,22.8
3.905532605,6.8091,73081.0,0.002,21.37,1017.0,253.21,350.4
603.3102,8.025,517.9,0.3142,2.6,250.0,0.92,11.9
44.14579777,4.088,224228.0,0.864,62.24,504.0,15.25,434.9
2.723858181,1.4313,5497.0,0.913,7.13,900.0,154.53,23.8
18.646323091,8.853,231000.0,0.742,213.31,1194.0,480.54,2895.8
17.6717714,3.4202,918.6,0.86,2.44,513.0,16.38,36.2
4.618767792,5.9957,4399.1,0.766,7.48,1170.0,442.78,270.1
3.722775537,14.3309,107594.0,0.626,90.36,1731.0,2125.53,864.9
14.0328775,6.684,210.9,0.044,1.45,783.0,88.83,11.8
2.752359689,2.0722,791.9,0.436,2.54,1178.0,455.43,115.7
3.770551475,3.8077,12440.0,0.053,12.05,1302.0,679.75,100.8
2.858879267,2.3753,644.5,1.262,515.07,3638.0,41379.77,37.1
49.5387264,2.238,740.6,1.223,20.52,436.0,8.52,10.3
224.150923,12.455,348.6,0.019,2.41,369.0,4.4,34.2
1.219034103,2.4494,95697.0,0.455,40.46,1977.0,3621.09,319.1
21.6817115,7.18,73.5,0.27,0.89,713.0,60.99,6.9
5.0800579,5.207,222.8,0.636,3.95,1673.0,1851.94,56.7
0.566800113,3.315,104.0,0.751,0.58,1180.0,455.05,18.1
1.540379557,2.026,76.9,0.329,0.81,1581.0,1481.09,14.6
3.72020708,1.892,156.9,0.341,0.99,954.0,195.7,15.0
8.58599537,2.4078,818.0,0.316,39.03,2319.0,6831.52,36.9
11.59822233,2.5237,2804.5,0.679,2.65,396.0,5.82,71.0
0.566792595,2.637,19.9,0.068,0.5,2548.0,10020.28,9.4
1.081935491,5.136,202.9,0.0,0.99,1364.0,819.14,33.9
67.968656,7.948,321.8,0.317,1.71,443.0,9.09,27.3
5.877122485,4.71655,362900.0,0.547,125.68,1402.0,913.57,1210.8
24.955998503,2.76331,4856.1,0.996,36.91,1438.0,1011.42,555.6
11.60908533,2.2603,489.3,0.03,1.71,671.0,48.06,34.1
13.76710058,2.9105,684.8,0.806,2.24,595.0,29.55,41.6
9.12209336,4.347,906.8,1.236,28.17,863.0,131.35,22.2
10.73370737,7.6706,6155.3,0.895,18.7,1171.0,444.77,239.5
0.566796615,1.999,47.8,0.243,0.59,2077.0,4426.68,8.5
5.29731736,3.341,167.5,0.192,1.13,989.0,226.1,8.7
16.37198661,3.8449,4147.6,9.303,540.37,438.0,8.71,54.5
0.607538435,5.549,34.9,0.9849,1.34,3219.0,25377.69,30.4
3.65690909,2.064,107.4,0.217,1.32,1368.0,828.52,12.8
16.00496657,6.5047,377.5,0.013,3.71,1040.0,276.53,49.8
186.5168116,3.1968,5752.4,0.972,37.5,452.0,9.83,126.9
5.14892346,0.9613,2355.0,0.719,1.72,436.0,8.54,25.4
77.086191,4.77,942.8,1.227,29.77,464.0,11.0,12.9
47.878243,4.066,910.0,1.076,8.15,317.0,2.38,30.9
0.939375593,2.8424,100893.0,0.987,52.18,1936.0,3333.58,317.3
31.8245304,4.17,79.0,0.681,0.8,589.0,28.37,7.7
5.2439542,9.82,143.8,0.223,0.81,778.0,86.51,14.2
53.5292702,5.668,1086.1,0.346,2.28,348.0,3.48,34.5
7.16893064,4.6766,112.8,0.573,1.61,1187.0,469.56,36.3
0.56493412,2.57621,252639.0,0.691,33.4,1458.0,1071.88,1361.5
2.024143568,2.5273,239.4,0.513,1.94,1597.0,1535.09,88.4
33.67280658,8.2267,170.9,0.309,1.86,661.0,45.09,61.2
4.44709107,16.79,40.5,0.988,0.96,1228.0,537.35,22.6
349.85525,5.42,842.0,0.485,2.63,251.0,0.94,7.9
31.2543238,5.662,438.0,0.019,2.29,635.0,38.54,14.7
18.74072534,5.19791,125477.0,0.203,35.61,717.0,62.46,2964.7
0.740926358,1.0163,195.5,0.202,1.22,1873.0,2909.21,20.0
419.21314,6.385,2084.0,0.9597,5.06,243.0,0.83,9.6
4.89336495,3.485,138.3,0.218,1.6,1374.0,842.45,15.9
1.208524388,1.8478,4759.6,1.259,26.71,1286.0,647.48,181.3
0.847588864,2.246,67.1,0.507,0.91,2144.0,5000.82,21.3
4.069425638,2.0396,549.1,0.102,1.53,802.0,97.72,68.0
11.08260553,6.23,601.2,0.966,7.34,1108.0,355.64,51.3
3.2136904,2.205,55.8,0.57,1.22,1591.0,1515.7,19.2
44.8702042,4.199,636.1,0.436,2.56,536.0,19.5,16.4
57.2932309,4.878,773.6,0.021,1.95,355.0,3.76,15.7
16.01308419,3.2554,1121.9,0.799,3.1,593.0,29.31,33.2
0.93371211,4.76,126.2,0.119,0.75,1318.0,715.48,14.3
377.88909,9.259,92.8,0.1164,3.17,606.0,31.87,11.6
5.2439783,10.1,93.5,0.82,1.03,1068.0,307.32,13.1
7.38443269,5.7351,349.8,0.594,2.42,1042.0,278.67,23.7
15.03366411,3.272,374.9,0.01,1.7,669.0,47.32,22.2
0.968980781,1.517,118.5,0.065,1.08,1844.0,2730.51,12.8
362.85801,17.03,151.6,0.626,1.9,353.0,3.66,10.1
23.6270348,11.481,8433.0,1.096,21.71,560.0,23.17,78.4
7.81285862,4.098,117.3,0.03,1.68,1196.0,483.06,32.3
117.93110803,5.8796,8506.6,0.615,10.36,418.0,7.2,212.5
0.711966971,2.0221,6227.5,1.268,33.34,1855.0,2808.98,392.2
36.136968,15.42,152.0,0.296,1.3,600.0,30.69,10.4
21.4054422,11.721,409.3,0.943,11.64,1087.0,330.0,60.9
7.143708297,5.83451,202685.0,0.162,44.78,943.0,187.0,2368.6
5.93719982,3.95,175.6,0.748,1.47,1059.0,297.14,37.0
1.594745374,1.9604,15044.5,0.514,11.3,1539.0,1329.42,1009.3
485.91276,2.42,1368.0,0.598,3.61,230.0,0.66,7.0
368.5224,36.29,1330.2,1.22,26.7,260.0,1.09,22.7
0.575445783,0.8463,29.3,0.144,1.3,3478.0,34528.16,3.2
2.565717939,1.7084,1941.7,1.313,180.8,4607.0,106664.85,45.8
2.735152701,0.1046,283.3,0.955,3.27,1679.0,1875.08,4.7
55.1866213,9.133,375.5,0.225,2.47,568.0,24.56,36.2
26.2347447,3.536,196.5,0.985,2.76,754.0,76.31,22.0
17.40208965,3.745,616.5,1.216,16.37,422.0,7.49,20.9
212.760495,3.703,195.8,0.036,2.8,485.0,13.13,9.2
3.374684854,4.48335,80917.0,1.04,49.25,1163.0,432.73,658.3
1.112207126,1.35,54.7,0.402,0.73,1797.0,2467.09,13.0
19.27153892,2.7594,1219.8,0.031,1.93,393.0,5.66,37.1
24.68662378,15.168,8052.3,0.643,48.04,1149.0,412.55,210.9
21.05349939,7.1605,496.6,0.008,2.75,731.0,67.48,39.1
3.763041531,1.6011,354.5,0.76,1.63,948.0,190.67,37.9
2.086075752,2.2647,3657.8,0.914,10.3,1845.0,2747.42,102.2
12.851722103,5.71731,42518.6,1.15,47.26,781.0,88.01,1537.8
0.536654028,2.783,41.0,0.62,0.67,2299.0,6574.04,21.8
0.92225589,4.227,33.0,0.992,1.29,2206.0,5614.19,7.1
60.2976774,14.2561,315892.0,0.596,63.57,481.0,12.63,1215.8
1.06378861,1.072,251.5,0.466,1.61,1650.0,1761.19,21.5
0.843400322,1.7606,43.7,0.489,0.65,1941.0,3371.24,23.8
33.8845825,6.538,224.1,0.961,1.74,533.0,19.13,17.2
17.6700291,6.693,348.4,0.932,2.89,778.0,86.37,25.0
4.885488596,5.16165,7458.4,0.361,16.66,1496.0,1182.79,2590.1
3.93276627,2.9403,234.9,0.37,1.5,1140.0,399.84,30.7
7.00821787,3.812,116.4,0.156,1.29,1062.0,300.58,19.2
24.4972683,5.43,449.1,0.817,2.74,722.0,64.25,19.5
1.015044104,10.994,158.2,0.984,1.98,1979.0,3627.61,33.6
2.163569702,7.60963,54518.0,1.116,85.64,1996.0,3760.06,1513.2
10.63624422,5.055,231.7,0.978,1.58,756.0,77.02,24.7
0.366197145,1.2335,275.3,0.319,51.34,9983.0,2335438.28,16.7
0.566800287,3.487,73.9,0.648,0.88,2260.0,6188.18,23.3
3.295701024,1.8268,1745.7,0.267,2.81,875.0,138.38,114.7
524.14139,11.603,403.7,0.1508,1.88,237.0,0.74,9.2
238.561202,11.9,260.2,0.732,5.75,568.0,24.55,16.4
20.73376301,5.8043,104599.0,0.993,54.58,663.0,45.6,97.3
4.18224416,6.209,57.2,0.99,1.07,1206.0,500.7,13.8
183.836254,13.088,1046.2,0.956,51.64,852.0,124.46,15.7
7.81100952,3.231,126.7,0.816,1.36,906.0,159.24,15.8
57.2488518,6.083,1455.6,0.022,3.19,431.0,8.17,29.8
10.26547688,3.733,399.6,0.69,1.81,770.0,83.13,20.1
19.56313723,6.8575,5536.0,0.908,9.73,706.0,58.71,157.8
2.19635512,9.65516,266552.0,0.702,82.04,1793.0,2448.43,2132.0
0.759762021,4.912,227.0,1.183,24.2,2280.0,6419.35,65.3
26.39432897,3.573,1510.9,0.602,3.07,489.0,13.49,48.2
6.71425632,3.339,283.5,0.965,5.76,1565.0,1416.6,46.5
15.95541913,3.9851,762.6,0.314,2.18,573.0,25.54,39.0
1064.2680956,11.5521,22771.7,0.447,33.63,281.0,1.47,1171.2
0.758354475,4.56811,581782.0,0.279,149.44,3123.0,22401.95,1560.5
0.651784374,2.0141,2779.3,1.224,33.65,2090.0,4500.59,195.2
1.463148937,11.04,168.0,1.0653,15.82,2371.0,7470.01,66.6
1.970340203,1.7901,403.2,0.859,3.97,1599.0,1540.07,56.3
1.7592691,2.381,140.4,0.564,1.21,1519.0,1254.94,13.5
539.214259,3.464,300.6,0.001,2.04,265.0,1.17,7.8
72.6549842,5.503,389.3,1.141,34.52,699.0,56.33,22.1
20.733748565,6.28773,417340.0,0.479,69.8,661.0,45.06,2236.7
0.93373458,4.364,127.7,0.574,0.93,1573.0,1446.48,27.8
9.50150926,6.852,509.5,1.237,25.77,843.0,119.55,34.8
10.04378351,5.548,437.9,0.953,2.94,951.0,193.39,28.8
27.0779813,138.54,347.5,0.957,2.03,597.0,29.98,139.4
0.937923475,3.164,40.4,0.515,0.52,1588.0,1503.05,12.0
91.172033,6.676,368.5,0.005,1.58,360.0,3.96,7.3
10.9294815,5.893,196.9,0.197,1.21,770.0,83.14,14.3
15.6937855,5.149,367.7,0.2227,1.99,755.0,76.79,14.2
4.51436096,3.0083,230.7,0.118,1.84,1231.0,543.73,28.4
29.9756697,2.987,258.0,0.8708,1.84,591.0,28.85,12.0
42.2011587,8.479,178.1,1.225,37.39,671.0,47.85,15.9
7.748094239,3.5957,2472.1,0.517,5.52,964.0,204.39,113.2
1.544928892,1.43586,5817.3,0.918,13.43,1997.0,3765.46,1109.7
3.47021401,2.289,1105.2,0.076,2.4,933.0,179.02,8.3
0.579516759,1.342,27.0,0.638,0.6,2484.0,8953.61,9.8
16.6658994,4.1934,754.2,0.429,2.85,702.0,57.31,60.8
117.634213,3.82,253.1,0.5206,3.78,513.0,16.34,8.7
49.6075771,2.9575,626.7,0.764,2.12,402.0,6.17,44.9
68.8861017,5.925,143.9,0.241,1.47,501.0,14.91,19.5
1.811966339,3.792,408.1,1.24,95.19,2573.0,10360.38,36.3
350.65158,7.976,248.1,0.004,1.31,243.0,0.83,8.2
13.0267964,0.785,356.6,0.93,2.08,643.0,40.51,11.4
172.178768,1.19,501.0,0.2431,2.29,349.0,3.51,4.7
23.9210408,5.174,158.3,0.936,3.01,1020.0,255.65,21.9
209.238576,2.245,154.7,0.2683,1.43,354.0,3.72,5.4
368.49828,14.903,581.9,0.1772,1.86,214.0,0.5,18.0
1.8912501,7.648,731.0,1.24,23.5,1159.0,427.26,31.6
43.798566,6.401,290.4,1.182,48.52,721.0,63.8,26.1
47.9869119,5.342,859.3,0.873,3.35,493.0,14.01,25.7
8.097050622,5.6736,65620.0,0.592,24.01,891.0,149.48,404.9
0.503201954,0.167,43.0,0.3279,2.99,3550.0,37526.28,8.0
0.82484293,1.383,618.6,0.03,97.92,8138.0,1040816.86,10.0
15.663886949,2.4775,5144.4,0.985,27.36,1060.0,298.77,175.9
180.921729,8.99,742.4,0.025,2.3,302.0,1.96,16.2
20.686460198,37.7424,136154.0,0.002,184.22,1210.0,506.27,1656.7
4.80912667,7.9331,134093.0,0.471,44.3,1270.0,615.74,1033.2
3.486318703,2.7904,60135.0,1.138,54.53,1201.0,491.1,190.7
5.77957133,2.5213,396.6,0.946,1.5,598.0,30.22,18.9
0.56679293,3.814,101.1,0.18,0.86,2064.0,4264.42,22.1
1.63345402,3.817,359.0,1.19,24.87,1750.0,2211.18,7.4
8.214204254,4.5905,74177.0,1.092,42.29,798.0,96.12,613.1
33.1981761,4.709,336.7,0.826,3.21,678.0,49.9,11.8
8.939461148,6.19136,357832.0,0.558,153.32,1407.0,926.24,2427.5
2.936587946,1.8952,279.6,0.863,1.77,1190.0,473.18,20.1
0.8903331,2.643,134.1,0.322,20.96,5714.0,251387.46,10.8
384.847556,9.969,189.9,0.059,1.09,220.0,0.56,12.3
1.332560589,4.2427,566.6,0.009,1.4,1086.0,330.32,108.8
13.08424286,3.0401,662.0,0.701,2.71,739.0,70.51,51.2
18.9257333,6.149,188.5,1.155,16.74,639.0,39.47,16.2
3.635723653,2.1862,80.0,0.677,1.23,1478.0,1126.72,43.1
1.398890216,4.9641,66012.0,1.123,57.48,1784.0,2389.78,204.0
1.278555003,1.4247,1478.0,0.979,5.19,1515.0,1241.92,93.8
244.58323,12.822,408.3,0.483,2.33,328.0,2.72,7.1
0.824181335,2.4864,224.7,1.174,18.2,1912.0,3155.32,40.2
47.4497134,10.675,206.4,0.016,1.61,551.0,21.82,16.9
0.93372261,3.052,31.2,0.534,0.59,1949.0,3430.76,8.2
1.075158342,1.295,30.2,0.157,20.09,6988.0,565413.02,8.0
2.44926655,2.988,108.2,0.253,0.76,1033.0,269.06,10.7
88.821421,9.35,393.7,1.6227,234.99,634.0,38.13,7.8
89.465468,9.88,67.9,0.931,2.57,549.0,21.43,5.7
130.4194187,4.165,2290.9,1.258,57.51,473.0,11.79,90.4
3.1339356,4.477,203.7,0.768,1.58,1315.0,704.95,21.4
0.536551592,4.89,153.2,1.102,12.88,2377.0,7584.36,26.2
50.440285363,12.2001,85309.1,0.658,51.5,673.0,48.36,2499.7
451.86579,13.47,80.0,0.379,1.85,464.0,10.97,12.0
0.665025941,1.7542,104.7,0.448,1.11,2174.0,5246.66,26.5
1.26227317,3.30141,7342.5,1.247,369.2,3790.0,48665.04,1159.9
9.17617167,4.2642,206.9,0.107,1.66,960.0,200.99,34.3
2.67596808,2.021,420.6,0.115,1.57,998.0,234.19,17.5
20.55331441,5.3136,678.3,0.795,3.19,749.0,74.49,40.6
20.5696575,4.263,401.5,1.298,28.96,650.0,42.09,22.2
12.49117388,2.848,189.9,0.747,1.36,763.0,80.08,17.0
417.829033,15.05,500.8,0.279,2.19,248.0,0.9,8.9
26.7838935,4.584,365.3,0.036,1.59,523.0,17.69,20.9
2.845736321,11.5703,3127.0,1.294,402.16,3058.0,20649.68,297.8
0.566791946,2.77,125.7,0.982,1.54,2160.0,5129.25,14.1
8.268081087,3.47103,71479.3,1.099,50.31,863.0,130.83,1320.5
47.3128645,11.444,217.4,0.967,3.71,658.0,44.26,17.6
251.0597249,5.1095,7419.8,1.264,44.2,301.0,1.93,110.3
419.92898,14.55,233.5,0.0299,1.51,255.0,1.0,7.5
0.93374635,3.074,34.3,0.096,0.63,1895.0,3029.67,7.3
27.8923345,2.204,139.6,0.0465,2.1,807.0,100.41,9.0
6.142812722,6.0751,96593.0,0.477,31.9,994.0,230.71,316.1
1.7609276,5.189,57.3,0.29,1.53,2860.0,15818.72,26.1
34.9168399,7.343,500.0,0.026,2.39,602.0,31.13,15.4
8.387210055,1.6477,4952.0,1.284,72.52,1211.0,509.55,180.6
241.0122,1.19,216.1,0.4046,4.41,600.0,30.56,4.1
3.04033046,1.8411,10858.8,0.736,8.99,1021.0,257.29,568.2
7.73590441,4.4389,465.3,1.205,21.3,884.0,144.83,59.5
323.2575,17.26,286.8,0.034,2.01,293.0,1.73,20.0
4.52977632,26.752,1582.2,0.968,12.22,2264.0,6213.27,55.2
1.33261458,5.161,1335.3,0.936,3.65,1208.0,505.52,17.5
1.50178705,2.936,86.7,0.359,0.93,1617.0,1619.24,13.4
284.063137,8.297,1628.1,0.888,6.36,321.0,2.51,53.5
1.274841686,3.5903,50253.0,1.128,63.68,2025.0,3957.46,353.0
507.48249,8.19,232.1,0.7261,1.22,189.0,0.3,9.7
90.4117992,7.106,1265.0,0.849,3.96,413.0,6.86,35.4
215.737826,7.257,8476.0,0.916,8.71,231.0,0.67,36.8
523.36921,1.007,9918.0,1.0046,17.45,240.0,0.78,8.4
4.093578461,2.5833,538.6,0.93,2.85,1182.0,461.07,36.4
1.50635409,1.5155,2211.7,0.86,4.53,1452.0,1054.12,181.1
7.84931877,3.747,68.2,0.107,0.81,925.0,172.98,12.6
116.170346,2.656,435.2,0.6637,1.68,320.0,2.49,6.0
10.44331991,2.743,1159.8,0.23,2.66,667.0,46.94,51.7
3.88673217,20.491,761.7,1.223,21.04,1050.0,287.4,119.0
7.65270746,79.8969,641.1,0.97,3.21,989.0,226.81,254.3
24.2758992,4.59,702.2,0.441,2.25,580.0,26.68,17.0
2.44295727,4.0656,15298.0,1.242,44.35,1352.0,788.17,85.5
28.787257509,13.953,49618.4,0.559,91.26,971.0,210.02,1292.0
1.332545609,3.997,278.2,0.582,28.37,5080.0,157611.61,31.4
13.53953595,4.389,134.2,0.219,2.32,1079.0,320.19,21.8
17.445640466,6.08966,334158.0,0.588,63.46,682.0,51.15,4093.9
19.0054098,1.843,542.4,1.228,28.47,758.0,78.19,20.2
13.691790011,5.64674,97563.5,0.269,49.2,994.0,230.66,8326.3
1.231363214,5.8101,4774.7,0.969,10.75,1699.0,1973.12,112.7
80.7060641,6.8899,11851.5,0.956,15.47,428.0,7.96,268.1
1.196548464,1.2592,224.6,0.332,1.25,1414.0,945.12,16.5
5.803127153,4.9041,58570.0,0.006,19.04,886.0,145.32,639.3
33.2948005,2.997,215.7,0.03,1.46,600.0,30.67,6.6
101.26336282,17.8951,72792.5,0.944,44.0,435.0,8.47,3573.1
6.487525901,2.4536,20209.0,1.199,21.23,593.0,29.11,74.3
380.294204,12.351,730.5,0.519,2.27,229.0,0.65,15.0
12.874712426,2.2491,3860.7,0.932,11.26,926.0,173.5,218.5
0.782046543,1.9874,340464.0,0.633,43.07,1372.0,836.18,534.0
2.636899795,0.9105,426.2,1.519,49.84,1179.0,456.22,27.6
48.0506878,7.999,274.5,0.186,2.36,564.0,23.9,15.1
12.28351275,3.634,597.8,1.224,74.76,1342.0,765.56,23.4
370.46262,9.541,347.9,0.2421,2.03,284.0,1.53,12.1
16.87725775,3.7917,818.4,0.516,2.54,642.0,40.09,43.1
26.190289,2.148,51.8,0.109,1.05,793.0,93.35,9.3
32.003815635,4.31197,17120.2,1.226,180.25,960.0,201.25,711.4
4.067371428,5.8962,63446.7,1.51,68.81,978.0,215.71,1094.6
472.2265706,4.8732,156143.0,0.876,48.18,217.0,0.52,584.6
27.6775212,2.513,293.9,1.238,23.04,558.0,22.91,12.3
2.882424694,25.91,67298.0,1.051,399.44,2912.0,17023.71,416.2
34.525990182,4.47294,67161.4,1.087,54.35,607.0,32.12,1008.1
49.5674085,4.002,730.0,0.866,2.91,465.0,11.09,31.2
18.64932728,4.4056,893.6,0.08,3.12,701.0,57.13,46.1
2.49777454,5.241,78.7,0.778,2.14,2264.0,6214.34,51.1
8.79618433,3.3781,286.3,0.05,1.77,938.0,183.26,27.0
10.44635944,2.749,354.2,0.967,2.18,812.0,102.77,34.4
2.846517614,4.228,2154.4,0.931,1.88,528.0,18.32,58.0
117.033521,6.822,770.4,0.188,2.68,349.0,3.49,21.9
11.931131598,5.56983,300506.0,1.037,93.46,831.0,112.47,5606.7
436.42852,13.8,163.9,0.3772,1.26,245.0,0.86,9.2
20.38174802,3.7922,1597.1,0.295,3.16,528.0,18.36,46.8
108.593113,7.989,338.2,0.007,1.68,374.0,4.64,24.3
8.096939227,2.8833,142891.0,0.786,68.48,1194.0,481.48,177.9
1.73513619,2.2741,952.6,0.045,3.27,1554.0,1372.87,473.2
1.345078434,10.19,3025.0,0.9526,12.16,2324.0,6894.58,27.7
646.28789332,5.39144,58605.3,0.004,43.47,304.0,2.03,1107.1
4.81886153,6.223,1318.6,0.924,2.96,803.0,98.29,86.3
228.196872,3.525,145.3,0.5034,1.42,353.0,3.66,6.9
0.924821319,2.594,122.4,0.401,1.1,1963.0,3514.31,24.3
13.6471211,8.331,75.0,0.617,1.25,913.0,164.06,14.7
7.346159047,6.5974,121807.0,0.945,44.48,835.0,114.57,2541.2
0.875267982,1.6038,11701.0,1.258,39.19,1910.0,3157.34,44.9
13.24931848,4.4859,647.6,0.62,2.86,806.0,99.54,87.8
1.327471395,5.2334,5673.8,0.897,7.08,1395.0,892.4,218.7
14.40090414,4.1682,379.6,0.872,2.71,828.0,111.24,41.1
7.981187121,1.8071,7609.5,1.036,18.75,966.0,205.88,202.1
25.951984,20.585,2340.2,1.266,36.8,626.0,36.39,131.4
41.3701638,29.254,6907.1,0.653,59.95,1133.0,389.15,91.3
1.72853003,3.819,99.1,0.776,2.43,2492.0,9100.75,24.0
199.21638,9.23,62.5,0.5,2.36,706.0,58.73,10.6
13.55480534,2.288,48.3,0.497,0.62,679.0,50.41,16.5
18.692860599,3.88584,51256.5,0.116,14.81,528.0,18.4,1281.9
31.578651216,2.12791,2125.4,0.04,4.52,570.0,24.94,324.3
0.843651274,2.80468,305452.0,0.405,39.98,1553.0,1371.12,1509.3
12.435190544,3.8305,71.9,0.321,0.52,545.0,20.93,4.8
17.7337356,5.558,217.3,0.514,1.24,597.0,29.95,17.0
11.37936986,2.6255,1023.5,0.911,3.95,806.0,99.68,37.9
98.1020983,1.225,184.4,0.1865,1.97,525.0,17.96,6.9
0.566813677,2.458,61.2,0.449,0.77,2269.0,6276.41,11.5
7.964440392,9.1701,68454.0,0.001,18.98,755.0,76.69,693.8
3.0447752,7.35,74.9,0.383,0.68,1061.0,299.07,8.6
18.3602239,2.352,574.6,0.1819,2.04,637.0,38.9,12.4
374.93999098,17.0849,235.1,0.64,4.67,381.0,4.99,8.4
8.4804737,6.157,337.0,0.33,1.85,930.0,176.51,14.5
5.94373492,1.847,301.0,0.197,1.14,674.0,48.82,13.2
9.296746368,6.88069,213838.0,1.623,400.4,1552.0,1370.16,4407.8
631.632,16.13,295.1,0.4544,1.56,201.0,0.38,8.6
3.88258905,2.741,57.8,0.553,0.78,1158.0,426.41,13.2
1.22775877,2.7545,46148.0,1.111,48.79,1859.0,2809.86,292.7
15.86624787,4.25,77.3,0.858,1.31,879.0,141.18,28.4
384.356448,3.872,715.7,0.848,3.03,255.0,1.0,13.2
0.867719291,6.323,2651.8,1.27,37.79,2106.0,4662.2,157.1
0.721335207,1.509,31.8,0.103,0.54,2162.0,5166.26,12.0
11.961308501,4.6414,310679.0,0.616,51.58,696.0,55.37,1907.8
0.293630085,2.3857,2017.7,1.2329,26.35,2503.0,9283.34,170.0
367.19796,15.92,146.1,0.0858,1.08,253.0,0.96,10.7
140.251943,6.576,567.7,0.323,1.84,271.0,1.28,11.9
2.10433534,1.1168,242.1,0.872,0.79,662.0,45.34,20.7
0.827351796,2.1885,44.7,0.544,0.9,2208.0,5583.73,30.6
16.78175788,3.7386,908.0,0.502,2.25,545.0,20.82,118.8
19.668404822,21.1764,352808.0,0.0,42.91,555.0,22.36,1834.5
3.138580493,4.16343,233337.0,0.619,59.24,1281.0,635.61,2387.8
3.371796653,3.4421,366901.0,3.219,306.28,1155.0,419.47,560.2
1.404674486,5.056,155.5,0.8171,0.86,1126.0,379.5,20.7
5.66815821,4.9064,119.7,0.177,1.85,1336.0,752.7,27.3
7.68478504,2.447,274.1,0.045,1.47,830.0,112.06,21.4
224.469892,2.952,458.6,0.2691,2.35,323.0,2.58,5.5
0.969602551,1.728,111.0,0.415,0.69,1334.0,750.09,10.4
14.4359459,3.414,107.3,0.613,1.46,884.0,144.45,22.0
1.33256944,3.89,20.6,0.456,0.46,1624.0,1636.72,18.8
25.9518536,14.755,2017.9,1.25,24.6,494.0,14.09,79.4
379.63135,16.78,1036.2,0.1257,1.67,168.0,0.19,13.8
10.88242209,5.51934,206811.0,0.788,63.14,894.0,150.98,4284.2
12.314402323,5.8903,393895.0,0.506,75.21,864.0,131.33,2540.6
4.045057186,2.9954,752.7,1.292,30.33,1126.0,381.17,62.2
24.30784323,2.6054,677.1,0.425,2.14,532.0,18.87,35.6
2.97136658,2.716,233.3,0.349,1.52,1200.0,490.13,25.6
3.15722086,3.762,49.7,0.001,1.41,1791.0,2436.47,17.4
5.15448142,3.228,697.5,0.933,2.94,964.0,204.1,48.1
73.7502765,13.309,233.1,0.127,3.78,677.0,49.76,33.9
0.785473311,1.3911,339.6,0.389,1.61,1769.0,2325.64,57.0
30.9587224,4.411,342.0,0.765,2.34,686.0,52.49,13.1
6.373454978,3.9377,6084.6,1.284,51.6,1169.0,441.1,258.1
0.784294574,4.18831,212526.0,0.764,87.26,2651.0,11702.6,1751.1
0.97705114,2.33,20.1,0.603,0.77,2501.0,9261.1,7.4
58.873429,17.487,226471.0,0.0,76.18,679.0,50.35,106.8
0.93371631,4.344,61.3,0.401,0.7,1743.0,2180.39,10.3
0.568874717,1.2177,378.4,0.05,1.49,1796.0,2473.19,50.4
3.689920099,2.6557,426.7,0.151,1.89,1147.0,408.99,35.6
0.643002821,1.02608,2671.5,1.261,36.82,2188.0,5409.39,295.6
0.577844035,4.291,320.4,1.194,18.93,1980.0,3647.63,94.0
28.5057217,6.324,755.8,0.695,2.55,555.0,22.43,20.8
5.082523739,5.04732,276277.0,0.269,61.88,1266.0,606.33,5286.2
56.5732318,4.188,688.5,0.942,2.69,356.0,3.79,21.6
1.04588635,2.833,102.7,0.204,1.1,1972.0,3582.91,13.2
2.40435335,4.07,70.6,0.746,3.05,2454.0,8577.88,27.1
438.00974,11.46,79.2,0.8575,0.73,197.0,0.36,8.6
31.827649,1.639,520.0,0.785,4.98,668.0,47.21,16.4
0.723947772,2.125,242.7,1.148,52.16,3192.0,24641.6,17.7
2.30120705,25.08,1688.1,1.262,28.64,1254.0,583.42,132.5
5.70070626,1.6408,379.8,0.664,2.03,1035.0,270.62,15.2
2.617284592,9.5545,231450.0,0.743,162.67,2013.0,3885.11,1215.2
252.0792347,3.9808,5582.6,1.283,41.07,318.0,2.42,104.1
30.86436512,2.9557,551.3,0.851,2.23,527.0,18.22,51.8
51.1658019,4.637,259.2,0.817,1.51,398.0,5.96,12.2
20.413812,5.806,496.4,1.158,16.5,586.0,27.84,11.6
1.433262401,6.2205,428557.0,0.382,136.47,2691.0,12427.14,599.8
7.64970832,6.625,55.4,0.898,1.43,1144.0,404.99,28.5
0.865959015,1.9058,291274.0,3.068,144.5,1162.0,434.65,620.8
3.044770796,10.0134,1695.0,1.252,24.54,1076.0,317.36,203.5
1.13357304,2.849,33.1,0.739,0.59,1836.0,2688.01,12.0
3.989544192,1.591,190.0,0.085,0.93,903.0,157.1,26.2
13.52252364,3.987,690.6,0.216,2.11,652.0,42.82,22.4
21.41624083,7.081,314.5,0.081,2.09,748.0,74.2,42.7
18.45848388,3.3703,535.3,0.832,2.5,632.0,37.81,41.5
469.61309,13.709,1234.7,0.906,3.24,200.0,0.37,18.2
1.005205893,1.63,97.5,0.137,0.85,1682.0,1893.23,15.0
24.669192732,7.03515,7382.3,0.073,77.76,1485.0,1150.61,603.0
29.74454668,23.2842,66894.0,0.337,20.06,455.0,10.1,765.0
2.90060781,2.563,124.8,0.47,1.58,1645.0,1727.31,20.6
0.715802309,1.5586,2208.6,1.251,25.52,1656.0,1787.96,137.7
6.96352699,3.192,68.1,0.09,1.4,1298.0,669.78,17.4
0.893040969,1.0981,741.7,0.009,1.24,893.0,151.14,87.8
8.59481851,3.254,336.5,0.617,1.75,854.0,125.48,37.5
8.209514329,4.14104,141387.0,1.079,149.52,1371.0,834.79,6579.3
3.495457889,6.9796,114625.0,0.965,84.49,2051.0,4186.71,724.0
1.506503686,5.02151,477104.0,0.401,178.15,3250.0,26341.29,3289.1
46.270524872,8.93033,66244.1,0.859,35.98,572.0,25.29,4607.4
1.33259275,4.014,79.1,0.833,0.97,1703.0,1983.27,15.9
17.157236,11.284,110.4,0.238,1.55,844.0,119.87,23.6
5.72716067,2.23,310.9,0.447,1.4,794.0,93.96,16.0
23.737952838,8.50818,95883.6,1.004,53.27,620.0,34.94,1221.2
1.815632406,3.35773,61573.6,1.04,108.78,3429.0,32652.55,1413.9
16.54081386,2.5996,370.0,0.688,1.57,570.0,24.87,32.8
0.530799654,3.487,318.5,0.0126,2.92,3102.0,21896.26,12.5
371.4589776,10.0734,456.6,0.037,2.22,283.0,1.51,10.8
7.4185369,1.451,14.7,0.053,0.81,1963.0,3511.86,5.2
260.02265,12.009,2060.7,0.842,3.13,217.0,0.53,25.7
5.2438982,7.881,162.2,0.644,1.24,1026.0,262.14,18.7
4.8538404,3.198,196.4,0.943,1.72,1052.0,288.7,15.4
4.903321801,2.8887,334.5,0.016,2.37,1247.0,570.65,84.5
0.778705577,6.445,54.5,1.1716,59.33,4233.0,75864.33,104.9
9.18244299,4.318,87.6,0.257,1.24,1052.0,289.74,20.3
3.290114076,1.5151,645.3,0.203,1.49,802.0,97.96,30.3
1.389947459,1.193,1213.8,0.437,3.39,1665.0,1816.13,136.4
41.6980186,5.7047,440.8,0.002,2.03,537.0,19.61,43.4
2.48658617,2.7189,42122.0,0.079,24.39,1461.0,1077.69,91.6
2.58083264,2.1729,270.2,0.16,1.31,1130.0,386.18,17.5
66.6504521,5.744,536.9,0.433,1.56,308.0,2.14,27.1
5.9371708,4.954,157.1,0.4778,1.17,945.0,188.41,10.1
31.43284649,5.3541,178874.0,0.815,57.21,577.0,26.19,154.0
205.5833309,6.0353,24872.0,1.215,42.69,323.0,2.58,216.1
2.392630668,1.3705,101.5,0.909,1.33,1418.0,955.41,20.5
32.9045733,4.402,662.3,1.232,28.34,568.0,24.63,19.7
6.282033445,8.3777,181787.0,1.777,144.85,1029.0,264.78,1178.0
18.75470238,3.0331,995.3,0.034,1.67,382.0,5.03,33.2
8.467706136,4.05376,77323.6,1.054,43.98,844.0,120.02,976.0
460.77905,15.541,239.3,0.324,4.24,387.0,5.32,12.7
1.33254212,3.848,37.4,0.662,1.45,2694.0,12477.61,10.6
7.2593226,6.1394,247.5,0.366,1.57,967.0,206.88,40.1
6.96704926,3.73,213.7,0.906,6.14,1774.0,2341.58,18.6
8.8249556,2.976,121.1,0.21,1.1,928.0,175.17,8.6
1.267693801,3.57993,333641.0,0.589,64.84,1606.0,1572.85,713.8
1.954525966,2.0944,392.8,0.673,2.38,1540.0,1331.18,43.1
0.566795196,2.18,14.8,0.227,0.35,2066.0,4277.24,13.1
443.66,7.99,360.7,1.194,33.2,331.0,2.85,6.3
17.6604653,2.837,309.2,0.689,1.76,690.0,53.57,11.3
10.42360821,5.404,878.3,0.001,1.67,515.0,16.64,18.7
476.39752,12.13,287.8,0.2293,1.82,261.0,1.09,11.1
230.385488,3.134,568.1,0.2423,10.13,522.0,17.57,9.3
39.6766071,5.04,611.2,0.639,2.29,473.0,11.85,24.9
12.37646897,2.7075,1709.0,0.468,2.53,483.0,12.87,81.2
45.29422297,6.83,477.1,0.025,2.26,524.0,17.75,134.8
1.381257093,1.125,92.3,0.351,1.1,1728.0,2110.47,11.0
22.8245144,6.617,322.7,0.279,3.36,946.0,189.46,15.9
1.33255087,3.565,123.3,0.415,1.19,1728.0,2107.29,14.0
2.35574505,1.796,266.9,0.5,1.34,1093.0,338.4,17.0
155.046089,10.205,2238.0,1.271,444.08,1101.0,347.12,36.7
6.47539108,2.7048,530.6,0.486,1.92,793.0,93.41,28.1
4.13592927,2.377,156.2,0.168,1.43,1226.0,535.42,15.2
6.97106919,3.9125,452.8,0.044,2.07,946.0,189.16,41.7
0.567493852,1.35349,7984.0,1.275,65.47,3024.0,19665.18,1219.8
26.1363443,6.613,362.2,0.187,2.8,782.0,88.29,38.1
1.72929014,3.609,84.5,0.089,0.86,1497.0,1187.75,9.6
2.52123022,4.739,145.9,1.158,9.68,726.0,65.58,8.9
3.93766786,4.655,24.3,0.226,1.36,1947.0,3388.82,16.8
1.6783263,2.5123,146.3,0.91,1.57,1659.0,1797.15,76.1
1.336109338,1.7419,2204.3,1.28,35.19,1727.0,2106.49,150.0
4.44737112,19.45,224.4,0.978,2.06,1068.0,307.65,93.0
3.7789374,10.767,56.0,0.6778,0.48,860.0,129.06,15.1
60.0546149,3.435,326.1,0.3355,5.24,694.0,54.88,11.8
207.24785,6.159,809.2,0.21,1.56,189.0,0.3,13.2
3.044771557,11.0593,487818.0,0.295,231.93,2816.0,14849.39,3684.9
0.5667638,1.73,64.5,0.158,0.75,2178.0,5335.09,2.4
6.10027621,4.7476,766.6,0.015,2.59,990.0,227.15,43.2
0.566805887,5.2317,1.7,0.762,0.08,1554.0,1368.32,0.8
51.0674355,4.374,597.5,0.482,2.44,499.0,14.69,18.7
1.061002863,1.962,142.4,0.337,1.06,1679.0,1883.03,15.7
20.99757968,2.454,1131.8,0.277,2.97,582.0,27.2,44.7
87.455958,18.257,1604.9,1.262,70.11,728.0,66.26,118.9
25.5638626,4.685,1124.9,0.85,4.0,671.0,47.94,31.6
461.13781,12.91,408.2,0.003,1.26,173.0,0.21,7.4
2.161583501,4.0537,50163.0,0.715,29.61,1646.0,1741.01,239.2
3.723552982,3.5632,40143.0,0.629,18.83,1176.0,452.71,145.7
16.71987303,3.317,523.1,0.437,2.52,767.0,81.63,19.2
2.045166206,6.84312,263637.0,0.661,131.41,2422.0,8125.86,1488.6
3.525632539,2.59959,22335.0,0.12,11.58,975.0,213.12,1996.7
10.43547031,3.4167,210.2,0.174,1.22,759.0,78.35,36.7
39.4420781,7.029,172.4,0.42,2.51,682.0,51.14,15.2
0.755101141,3.371,76.7,0.523,0.19,680.0,50.92,13.4
4.887806806,2.4078,4676.0,0.561,5.71,918.0,167.54,116.1
7.891448838,4.2854,10344.6,0.306,12.63,1028.0,263.54,1955.1
0.56678694,1.959,61.2,0.213,0.63,1920.0,3194.49,8.3
0.874236216,2.352,58.4,0.2375,3.46,6177.0,344046.45,11.1
47.1607932,4.003,723.2,0.028,2.58,503.0,15.07,13.6
4.469754641,1.813,553.9,0.494,2.26,1103.0,350.69,37.1
8.07394097,2.455,1056.0,0.928,1.59,420.0,7.33,16.0
386.370512,11.007,1336.4,0.01,2.96,209.0,0.45,13.1
0.533628226,5.772,81.8,0.9385,2.41,3885.0,53849.23,35.3
18.11993039,4.2309,1506.9,0.206,2.95,563.0,23.77,60.7
16.85592593,2.309,871.5,0.038,1.7,408.0,6.52,19.5
0.607191908,1.30166,17368.7,0.917,12.44,1759.0,2251.28,961.9
2.440839436,0.968,509.5,1.253,21.29,986.0,223.8,14.4
17.73842886,3.0049,605.5,0.845,2.47,596.0,29.74,29.8
1.411230023,1.4325,388.2,0.851,1.71,1164.0,436.04,89.3
12.4260002,30.1966,468.6,0.971,2.39,706.0,58.88,47.8
7.12766417,2.491,229.2,0.125,1.21,784.0,89.24,16.0
2.168451063,1.458,466.9,0.207,2.41,1558.0,1389.18,45.5
5.94228603,2.169,250.0,0.097,1.23,797.0,95.34,7.5
590.44065,7.55,125.7,0.2858,1.62,291.0,1.7,6.9
135.58607679,5.54241,363134.0,0.549,89.83,429.0,7.99,6788.8
6.521209629,2.7975,760.4,0.514,2.54,932.0,178.27,69.8
51.3283527,9.357,692.3,0.582,3.06,546.0,21.06,34.7
1.902208647,2.19877,2343.5,0.116,4.45,1346.0,778.26,363.2
9.72675447,19.6214,6641.6,4.676,995.22,1363.0,815.99,366.4
7.03902016,3.8633,529.8,0.015,2.45,1051.0,288.92,54.3
51.92920654,5.2637,3425.8,0.398,8.49,574.0,25.6,81.8
3.664964374,3.9058,90827.0,0.552,30.98,1184.0,464.89,437.8
10.78438513,1.408,233.6,1.18,75.04,1397.0,900.7,15.6
4.75400072,2.5394,748.7,0.672,2.0,775.0,85.23,141.4
7.244778994,3.3873,99147.1,0.522,25.68,818.0,105.76,1761.4
23.81490574,1.9948,79201.0,0.772,63.1,847.0,121.57,444.4
1.124033822,5.5728,247561.0,0.719,98.04,2547.0,9953.28,792.9
12.643303542,5.48853,236718.0,0.739,34.94,443.0,9.07,2907.6
8.45805119,2.998,258.7,0.697,2.52,1117.0,367.05,18.3
0.523629052,3.443,122.0,0.045,46.33,9801.0,2181689.59,61.4
63.9354965,13.321,1250.6,1.2,2637.6,2590.0,10631.01,57.6
6.337614357,1.742,1807.4,0.972,9.57,1351.0,787.89,132.7
24.61480613,2.6602,1798.0,0.435,4.2,586.0,27.93,68.4
5.660669429,4.6483,737.8,0.477,3.24,1115.0,365.53,201.1
368.48518,11.26,301.8,0.5758,1.98,283.0,1.52,13.7
6.24667547,11.261,396.8,0.877,14.93,1902.0,3095.83,63.6
8.689301216,2.563,1117.0,0.029,2.92,782.0,88.24,70.9
12.713794177,2.44093,36718.7,0.485,2.31,181.0,0.26,2981.3
0.566799927,4.71,145.1,0.188,0.77,1649.0,1738.27,28.9
8.2344072,2.808,59.2,0.812,1.49,1263.0,601.05,11.5
704.962626,18.003,2319.1,0.8495,4.53,178.0,0.24,96.1
2.245738777,8.61629,483487.0,0.397,99.05,1737.0,2156.25,2121.8
332.74984,14.77,518.1,0.1296,2.55,302.0,1.97,8.7
7.36272124,1.3287,429.3,0.253,1.86,901.0,155.72,17.8
0.933747751,3.9236,76.6,0.741,2.07,3112.0,22250.69,49.5
180.71809,10.85,31.2,0.8856,1.28,546.0,20.98,8.6
0.902222843,2.0516,29.7,0.508,48.23,10340.0,2710661.9,5.1
16.21774917,4.9274,758.3,0.336,2.22,664.0,45.87,80.3
0.865759153,0.8408,191.6,0.38,1.53,2100.0,4616.69,18.7
4.76702759,2.013,163.4,0.077,1.19,1046.0,282.97,14.3
43.9311596,12.9395,9304.4,0.855,58.37,902.0,156.74,1070.3
41.477908,10.45,29.9,0.5122,1.09,849.0,122.73,9.6
18.610092584,4.98308,50833.5,1.258,55.23,686.0,52.24,1309.3
0.621361411,1.0628,45.0,0.017,1.12,2913.0,17004.65,24.6
0.73093905,2.8437,451.1,0.018,1.45,1488.0,1159.62,52.4
13.84984567,7.2783,84.6,0.012,1.45,977.0,214.98,35.2
5.448321078,2.2213,529.4,0.614,2.17,978.0,215.95,55.1
9.93962361,3.432,300.1,0.934,1.93,722.0,64.29,21.5
6.581477136,3.0896,2318.9,0.137,4.56,881.0,142.63,116.2
13.12162167,3.6138,196.9,0.807,1.99,913.0,164.48,32.7
28.7850347,2.102,102.9,0.2978,2.5,993.0,229.66,6.2
10.7769944,2.616,185.6,0.069,1.15,752.0,75.83,11.3
1.085229874,0.652,238.1,0.439,1.37,1632.0,1675.45,7.6
6.400157105,2.0004,743.2,0.898,2.52,810.0,101.72,49.1
2.633852528,2.0206,259.8,0.204,1.38,1131.0,387.43,23.3
350.34114,16.97,1363.8,0.01,2.5,202.0,0.39,16.4
2.212877035,4.66961,376200.0,0.518,69.18,1507.0,1221.98,2731.0
6.877446033,1.3692,1632.3,0.79,2.05,484.0,12.95,39.6
14.6134781,5.266,72.8,0.086,1.12,901.0,155.87,15.2
3.055171082,1.6798,8665.3,1.204,35.24,1358.0,804.33,143.2
1.33256952,2.915,163.5,0.463,1.06,1461.0,1076.99,16.5
4.06844957,2.8349,79.8,0.55,0.98,1170.0,442.08,29.3
1.061937837,2.31,52.0,0.125,0.68,1757.0,2252.16,16.3
10.217121652,4.35647,205223.0,0.786,81.1,994.0,230.53,3617.5
6.238535444,3.5255,401.6,0.008,2.53,1185.0,465.61,274.5
85.3162004,2.7441,1902.6,0.972,6.34,423.0,7.57,32.6
27.6853358,4.661,1660.7,0.897,3.11,461.0,10.67,49.3
17.1369408,6.416,362.1,0.03,2.05,775.0,85.15,25.4
10.6761592,4.594,151.0,0.403,1.79,1049.0,285.79,14.1
0.93373591,4.517,35.1,0.21,0.57,1904.0,3116.05,10.8
7.698431197,5.43677,42548.8,1.149,42.72,878.0,140.16,942.6
7.436016459,4.16284,106527.0,0.433,31.39,968.0,207.61,742.1
1.58826263,2.655,78.9,0.021,0.47,862.0,130.67,8.5
2.69634575,3.785,185.2,0.54,1.46,1287.0,650.06,35.4
11.83271013,6.152,176.3,0.548,1.17,728.0,66.51,12.7
0.905677864,2.2432,3670.4,1.321,325.51,3989.0,60020.95,107.4
20.0983676,5.207,157.8,0.02,1.58,775.0,85.34,20.9
0.947730124,1.1171,152.5,0.473,2.82,3914.0,55681.21,18.0
30.4838006,2.6,18441.0,1.222,23.87,315.0,2.32,9.4
51.07926451,6.3729,736.8,0.017,2.75,503.0,15.17,126.8
37.1083458,4.112,366.5,0.612,1.71,492.0,13.84,7.9
21.0871953,5.92691,8894.7,0.065,14.43,873.0,137.06,556.2
11.300987626,10.5199,325703.0,0.606,97.12,1019.0,254.84,5027.8
4.871223664,1.5916,6462.0,0.706,1.56,341.0,3.18,50.5
29.5422566,13.902,879.9,0.959,3.15,515.0,16.56,39.5
6.14631207,3.803,891.1,0.937,4.79,1260.0,594.72,20.3
75.378956896,7.70352,539175.0,0.273,58.76,365.0,4.17,1886.6
1.35337091,2.2396,104562.0,0.579,26.69,1444.0,1031.53,303.0
121.5991278,15.1596,10537.0,5.011,379.63,358.0,3.87,297.0
0.572937573,2.576,80.8,0.7866,1.57,3271.0,27058.33,32.0
512.11636,9.557,315.4,0.5008,1.47,198.0,0.36,10.9
24.70932686,5.0698,29265.0,0.928,25.1,662.0,45.33,284.7
13.2970695,3.283,219.7,0.03,0.91,515.0,16.64,14.9
9.80321143,4.4617,813.4,0.663,2.99,896.0,152.12,53.1
2.866680334,1.1264,712.4,0.968,2.93,1045.0,282.64,43.0
0.584310213,2.1801,809.4,1.209,23.09,2053.0,4190.91,91.9
3.187087241,7.2897,129093.0,0.665,928.96,4037.0,62743.06,197.0
0.535224793,3.3402,228.7,0.017,1.09,1783.0,2385.75,48.8
379.08202,33.87,1609.1,1.181,23.99,253.0,0.97,23.2
12.20951755,4.1808,538.1,0.779,2.61,791.0,92.68,45.5
28.1117095,1.689,119.4,0.1158,1.19,599.0,30.39,6.5
5.8957069,56.84,129.7,1.3087,32.41,1002.0,238.37,24.1
13.667809025,2.7993,127.7,0.212,0.91,705.0,58.32,2.6
5.50817321,3.6845,226850.0,0.739,39.18,768.0,82.55,268.7
8.46184728,35.525,411.2,0.965,4.92,1511.0,1233.13,142.4
42.070868,1.293,386.2,0.2878,1.82,469.0,11.43,5.7
3.57551429,2.364,92.8,0.462,0.89,1061.0,299.19,16.6
4.14451656,2.3421,391.8,0.004,1.48,864.0,132.08,22.8
480.03759,16.25,717.4,0.2596,1.14,109.0,0.03,9.0
0.615787196,3.067,110.6,0.7452,3.5,3886.0,53910.99,23.9
8.2904597,2.6002,173007.0,0.426,23.96,594.0,29.41,297.2
19.74733983,3.4444,480.7,0.595,2.62,754.0,76.57,47.1
1.79683793,7.911,223.3,0.979,3.37,2397.0,7783.32,27.9
1.318347743,0.871,113.2,0.427,1.23,1861.0,2827.4,10.6
1.953285321,1.67598,1520.3,1.312,151.56,2927.0,17363.68,237.7
0.953734449,1.7616,1240.4,1.262,47.65,2672.0,12038.6,120.5
4.49876511,3.7362,460.0,0.312,2.1,1133.0,389.62,29.5
3.224486463,4.61686,403734.0,0.421,79.08,1456.0,1060.42,1905.1
2.806243488,1.6271,599.6,0.043,1.41,771.0,83.53,22.4
11.63486009,5.466,292.3,0.053,2.61,961.0,201.96,18.4
55.25178622,6.094,39873.6,0.978,27.32,444.0,9.15,585.0
2.66588544,5.004,167.0,0.276,0.98,1041.0,278.03,17.2
91.3514816,8.707,210.0,0.008,1.57,428.0,7.93,25.5
0.824851807,1.93637,30099.2,1.185,78.0,2539.0,9801.46,642.2
5.640676975,2.8354,1453.3,0.033,4.59,1125.0,379.36,145.9
5.233450136,8.57374,430422.0,0.457,70.33,1050.0,287.6,3921.8
8.643550046,3.1273,67298.6,1.076,38.21,779.0,87.16,849.3
148.666527,4.353,319.4,0.2782,6.81,559.0,23.08,8.6
47.3186631,10.465,263.4,0.189,2.1,598.0,30.22,36.2
27.009807384,1.96698,67898.0,0.949,22.32,330.0,2.82,541.3
2.352273912,1.7389,318.6,0.095,1.29,1019.0,255.03,20.4
5.06318803,13.8913,662677.0,3.4,302.18,908.0,160.52,1602.7
2.525591777,1.6545,603.3,0.701,2.75,1406.0,926.16,40.9
1.28619671,1.114,137.2,0.874,1.27,1646.0,1740.01,5.9
15.60862948,6.6957,34356.0,1.171,39.42,648.0,41.71,186.0
16.38489988,3.0249,1127.1,0.001,2.0,433.0,8.35,28.9
0.9438885,2.592,35.8,0.649,1.45,3158.0,23572.82,8.3
1.08908149,2.262,130.7,0.31,0.69,1131.0,386.2,9.9
471.37787,16.91,102.9,0.0666,1.31,267.0,1.2,12.2
373.74691,28.37,622.3,0.834,2.65,260.0,1.08,16.2
5.554227226,4.77434,142313.0,0.174,31.71,930.0,176.7,1517.7
22.71443351,6.0875,575.1,0.816,4.01,766.0,81.57,74.4
7.170710381,2.9225,863.3,0.188,2.73,890.0,148.09,89.3
0.84986054,1.3875,6571.5,1.26,67.45,2260.0,6185.9,100.1
4.206070484,10.6988,119812.0,0.949,172.66,2547.0,9955.22,508.0
0.597933142,3.47133,284383.0,0.634,63.46,2161.0,5169.99,1490.3
47.1484324,3.1347,1113.8,0.668,2.58,391.0,5.5,54.5
1.736952453,2.40641,8079.2,1.276,33.46,1395.0,891.96,505.6
20.55848388,1.449,677.3,1.334,36.9,624.0,35.76,20.8
4.13443512,3.1402,686.0,0.762,2.77,1160.0,427.65,40.2
25.2034128,4.515,697.1,0.168,2.42,600.0,30.62,22.3
47.0568476,5.2232,1531.2,0.027,2.84,411.0,6.72,38.0
0.536544193,2.918,159.5,0.267,0.9,1745.0,2199.75,25.3
65.4317194,12.2384,153407.0,0.885,59.22,490.0,13.58,1146.6
1.69999106,3.289,95.6,0.388,0.55,934.0,180.38,10.6
76.6139446,10.22,498.7,0.851,2.61,466.0,11.12,28.6
11.702203927,2.75173,28998.7,0.967,57.95,1240.0,560.24,2184.7
15.60865244,6.26,311.4,0.985,6.17,1419.0,958.55,46.9
1.022028468,8.866,1344.5,1.247,26.91,1649.0,1755.39,184.5
14.64613058,5.688,593.5,0.561,2.22,694.0,54.95,30.0
81.4160138,14.175,762.3,0.911,4.63,522.0,17.53,54.3
159.05846,10.08,194.3,0.7004,1.54,376.0,4.73,6.3
0.93373718,2.582,18.9,0.29,0.48,2097.0,4570.22,8.4
3.619309734,3.0504,206.6,0.116,1.47,1156.0,422.53,47.4
0.589458602,0.8278,158.4,0.086,0.98,1848.0,2736.51,17.3
29.5390897,4.139,403.3,0.213,2.51,714.0,61.49,18.8
50.467024395,8.96181,103144.0,0.973,52.88,523.0,17.63,1435.1
23.58444746,5.5545,429.2,0.711,3.0,730.0,66.96,42.8
7.053934488,1.7244,511.5,0.899,2.36,840.0,117.33,56.3
1.547426532,16.1346,532.9,0.947,3.62,1973.0,3587.69,210.1
195.613824,23.777,1651.9,0.891,10.65,467.0,11.24,102.7
376.554588,3.182,481.0,0.0963,2.0,247.0,0.88,5.4
21.1285655,3.852,176.7,0.36,2.88,935.0,180.55,12.5
9.10969334,5.3181,126.4,0.761,1.32,873.0,137.45,47.8
0.571940563,0.9031,54.3,0.792,1.88,3320.0,28727.59,22.8
15.582794732,3.76683,52760.0,0.759,14.0,397.0,5.86,439.3
0.93373761,3.303,58.7,0.041,1.0,2073.0,4359.29,9.7
1.621668852,1.7517,7662.0,1.194,32.76,1598.0,1546.28,67.8
2.553924603,9.835,1680.1,1.258,32.67,1352.0,789.69,100.5
10.66489514,3.159,292.6,0.308,1.76,865.0,132.15,25.3
5.40597608,2.79,461.0,0.013,31.78,2818.0,14885.1,23.5
9.948701373,3.2922,2749.5,1.277,29.19,704.0,57.93,103.1
2.382951591,1.8876,391.6,0.479,1.86,1253.0,583.01,41.4
1.205412526,1.537,109.2,1.092,12.6,1988.0,3681.8,17.2
1.731079436,1.8419,11974.0,1.404,56.05,1541.0,1332.5,36.2
11.2580745,23.516,713.3,0.955,2.14,497.0,14.44,55.4
10.5007712,14.522,183.4,0.034,5.68,1378.0,852.28,45.3
9.08590495,2.0718,2121.3,0.978,6.28,861.0,130.1,50.5
66.5576728,10.532,214.2,0.254,4.96,757.0,77.68,21.3
7.334073405,2.7308,326.9,0.559,1.42,870.0,135.81,2.6
34.9897847,4.208,498.5,0.034,1.14,292.0,1.71,11.5
105.6552651,9.39,1366.9,0.371,4.22,407.0,6.51,42.3
0.537110149,1.7976,92.0,1.106,32.19,3195.0,24545.75,41.1
1.55400389,1.7664,465.8,0.016,1.59,1313.0,704.5,82.1
4.2055797,19.4,100.5,0.9883,1.8,1345.0,773.19,71.7
2.5212708,2.706,163.3,0.3286,0.81,1003.0,238.81,7.8
22.673145675,6.6324,65410.8,0.605,30.92,684.0,51.67,912.0
293.70696,11.03,1575.0,63.9417,6140.44,274.0,1.34,11.2
1.33256256,3.088,174.9,0.137,16.03,4529.0,99175.88,11.9
42.02646,2.553,190.0,0.7156,1.5,561.0,23.47,6.0
110.29512684,16.5339,176336.0,0.248,37.88,362.0,4.06,2084.3
0.9337465,3.629,49.9,0.167,0.63,1863.0,2852.33,11.6
9.84883968,5.7425,22012.0,1.25,63.42,1134.0,390.19,236.6
34.2685741,4.8251,699.3,0.677,2.44,477.0,12.2,38.2
15.95995611,4.3149,523.2,0.526,2.27,721.0,63.95,70.9
2.621706694,1.941,4572.0,1.279,34.68,1288.0,648.75,24.3
3.886795001,1.7574,471.3,0.119,0.97,571.0,25.26,41.8
9.058487716,4.14334,127971.0,0.213,20.51,547.0,21.15,2098.9
0.962835804,4.9844,14328.4,0.836,458.02,7100.0,602806.92,209.2
7.155547398,4.5711,2568.8,0.883,48.93,2049.0,4166.27,124.6
26.951237675,8.27486,86749.2,1.04,146.33,1082.0,324.38,1451.7
0.759766456,5.323,480.5,1.238,29.02,2128.0,4850.1,73.0
58.64379,24.44,182.1,0.226,1.05,437.0,8.59,12.0
3.70122061,2.523,327.4,0.178,1.62,1087.0,330.02,19.6
368.70839,6.08,957.0,0.5958,2.87,267.0,1.21,12.2
374.514471,6.629,440516.0,1.0492,139.55,295.0,1.79,130.3
3.549386251,2.4342,50664.0,0.818,24.15,1142.0,402.76,108.2
41.74598855,4.6125,421.8,0.049,2.4,584.0,27.58,110.5
44.2018402,4.949,235.6,0.348,1.14,409.0,6.59,18.6
49.18394185,11.3364,1646.2,0.035,8.2,669.0,47.4,355.7
29.015852933,7.19844,71432.1,12.223,1183.06,592.0,29.11,1268.8
0.536650344,2.878,25.8,0.7718,1.57,3380.0,30860.16,7.0
25.706001174,10.969,464960.0,0.43,67.11,579.0,26.55,2008.1
13.93291548,2.6239,131.6,0.908,1.66,852.0,124.53,28.9
2.50012775,28.2,49.9,0.9917,1.66,1977.0,3611.69,17.6
386.59946,3.305,380.7,0.2307,1.89,259.0,1.06,5.8
3.30040818,4.462,98.8,0.008,1.43,1543.0,1341.9,19.3
0.93376962,7.023,125.8,1.142,16.3,1937.0,3343.62,28.5
354.7897,12.62,81.0,0.449,0.47,134.0,0.08,9.2
6.58738839,4.758,258.5,0.523,1.35,871.0,136.02,15.7
267.970682,11.48,357.7,0.008,1.7,280.0,1.45,10.4
21.131609,13.66,73.5,0.0731,0.94,659.0,44.45,6.5
2.453236139,1.6691,1723.2,0.496,2.26,737.0,69.36,158.0
3.60011712,2.396,50.2,0.025,0.5,938.0,182.81,21.6
231.364508,4.747,1488.0,0.6598,2.45,202.0,0.4,9.2
2.158398259,8.1633,93038.0,0.996,101.02,1829.0,2649.52,217.0
8.512037736,2.1861,597.8,0.005,2.14,839.0,117.11,102.2
76.45315813,5.1822,9662.2,1.26,22.89,291.0,1.7,151.8
35.2340413,11.874,465.5,0.2713,2.21,602.0,31.14,14.7
197.37704,18.71,226.2,1.277,84.37,815.0,104.45,15.1
12.90467523,3.28,412.4,0.553,1.49,545.0,20.91,21.2
1.98663794,4.7585,63156.0,1.105,134.5,3234.0,25932.61,193.0
1.662710314,1.83,85.9,0.577,2.16,2307.0,6700.6,23.8
0.885129679,3.156,177.3,0.651,1.21,1780.0,2373.06,21.2
0.542498653,4.257,54.9,0.3422,2.25,5157.0,167191.11,19.8
7.863361238,3.42771,18156.7,0.869,22.7,1057.0,294.86,723.3
6.882686062,5.47323,373662.0,0.399,60.49,921.0,169.85,2842.2
16.07673148,2.205,488.0,0.108,2.14,724.0,64.75,19.3
7.86335883,3.4303,467.3,0.995,7.84,1195.0,482.18,74.3
0.571038347,1.1267,242.1,0.876,1.65,1897.0,3069.59,38.2
0.544962596,1.085,247.9,0.459,1.03,1719.0,2074.18,18.3
5.26648126,1.964,97.8,0.403,1.07,1155.0,420.53,16.0
14.762889172,6.52705,79329.6,1.046,53.72,759.0,78.43,1779.1
7.57571414,2.357,418.5,0.413,2.45,1075.0,315.8,12.8
1.161947482,4.46886,129896.0,0.815,68.69,2174.0,5300.4,2435.4
3.381607,7.627,440.6,0.088,117.25,6037.0,314164.85,16.6
53.100942624,2.2868,19981.1,0.988,24.02,464.0,10.93,1108.5
1.045492348,2.933,28.7,0.708,0.83,2291.0,6522.69,21.7
110.9643706,12.831,1283.2,0.729,2.11,239.0,0.77,42.1
0.705174384,1.11196,375227.0,13.5485,366.76,751.0,75.23,222.8
2.105238039,5.23595,94675.0,0.83,75.1,1966.0,3523.25,1071.9
0.566803996,3.399,141.6,0.123,0.64,1350.0,786.1,23.4
0.960843605,3.22,141.7,1.143,19.15,1904.0,3120.32,25.5
8.35389523,2.2514,1041.6,0.023,2.52,790.0,91.9,43.4
259.34304,16.04,349.7,0.447,6.04,449.0,9.65,13.1
7.1091096,10.67,156.7,0.663,1.08,855.0,126.12,13.0
12.75934489,3.5889,882.1,0.657,2.58,633.0,37.95,70.4
62.8917493,6.831,791.0,0.632,2.5,384.0,5.13,22.6
6.198273591,7.53837,47302.6,0.343,19.81,985.0,222.23,2561.1
94.219289,24.312,1025.9,0.173,2.15,285.0,1.57,37.6
2.17812769,1.645,61.7,0.533,0.78,1421.0,963.16,10.4
37.8658964,4.782,395.2,0.18,2.01,543.0,20.61,25.9
37.8145252,9.109,412.5,0.845,3.04,626.0,36.25,57.9
0.824180121,2.839,208.1,1.171,17.8,1912.0,3155.32,39.7
0.566797404,4.109,69.4,0.119,0.64,1890.0,2993.84,18.8
16.79716262,3.83,1023.8,0.899,2.75,503.0,15.19,21.2
297.113395,4.529,275.4,0.0322,5.37,509.0,15.89,10.1
358.96844,21.71,807.8,0.151,2.7,263.0,1.13,13.3
137.75960504,9.1713,83298.0,0.776,49.52,396.0,5.81,885.9
178.4129899,2.9298,37510.0,0.936,33.24,361.0,4.0,535.1
24.31574009,4.1344,643.3,0.653,2.8,683.0,51.53,42.5
20.5311708,5.67,284.6,0.547,1.39,568.0,24.52,9.8
43.5428781,3.6768,5447.0,0.984,17.47,688.0,53.04,52.1
6.312508525,2.7455,1286.0,0.029,2.0,575.0,25.94,112.5
567.71329,12.85,259.4,0.4247,3.28,325.0,2.64,6.6
320.347208,7.159,262.8,0.548,1.58,274.0,1.33,8.8
8.589644815,9.49469,269518.0,0.686,140.07,1412.0,940.15,5324.6
30.69537638,5.6634,19941.0,0.846,19.39,662.0,45.29,186.8
0.677374687,1.8361,76.7,0.132,0.9,2099.0,4572.56,38.7
4.43529675,2.117,181.9,0.353,1.15,1026.0,261.33,9.6
94.225938,22.08,530.4,0.213,1.93,348.0,3.48,25.4
0.545544979,1.954,92.6,0.604,0.93,2240.0,5913.74,24.8
19.40669392,5.27765,464521.0,0.424,57.97,597.0,30.05,1496.8
0.91849333,2.399,58.7,0.276,0.93,2205.0,5576.7,13.0
3.1877519,14.836,452.3,1.178,19.66,1141.0,400.3,83.2
4.800232532,3.57105,277001.0,0.669,48.67,941.0,184.84,893.6
125.602323,7.105,925.7,0.065,2.89,360.0,3.95,23.3
8.50698069,2.938,295.5,0.816,1.9,900.0,155.42,20.7
16.85825609,2.0728,759.6,0.763,2.51,576.0,26.05,21.8
2.279523364,1.6202,126.8,0.033,0.87,1123.0,374.78,16.7
1.260258822,1.8594,1130.7,0.791,3.57,1569.0,1435.82,128.2
28.86236571,5.4033,449.2,0.778,2.53,623.0,35.56,64.4
4.31978105,7.204,65.8,0.7702,3.87,2111.0,4693.13,23.5
379.11996,7.22,1107.7,0.483,2.74,221.0,0.57,9.2
26.44439337,3.9783,1843.5,0.03,3.91,562.0,23.54,88.0
165.739861,24.9393,7343.4,0.263,57.54,692.0,54.1,527.8
5.45298742,2.1328,86.0,0.879,0.92,904.0,158.12,21.0
1.827660875,3.986,46676.8,1.026,42.1,1664.0,1811.72,890.3
30.971766472,8.31171,228680.0,0.763,51.72,523.0,17.73,3245.9
45.5827119,3.193,76.5,0.253,2.42,957.0,198.31,9.6
173.06929,12.84,576.7,1.1262,30.29,518.0,17.08,19.9
113.556471,2.383,278.7,0.1828,6.76,651.0,42.48,7.6
1.569066598,2.7803,147.2,0.097,1.68,1849.0,2763.39,48.7
13.2274753,6.356,229.8,0.803,1.94,867.0,133.34,16.4
14.07969236,1.375,169.5,0.544,2.08,931.0,177.81,26.2
360.76458,21.22,383.7,1.7475,60.3,216.0,0.52,10.0
8.667826242,5.06514,43491.0,0.822,37.51,1225.0,531.63,4638.1
2.900613144,3.7357,165475.0,0.334,38.63,1289.0,650.9,617.7
3.180027898,3.5797,120.3,0.196,1.53,1458.0,1066.86,50.4
42.1406089,5.083,895.5,0.045,1.85,349.0,3.49,21.6
11.523067458,3.8757,507.3,0.0,3.13,927.0,174.81,142.0
0.823014905,3.5426,850.5,1.247,22.17,1482.0,1136.75,130.5
3.74788208,4.183,153.4,0.09,0.94,979.0,216.97,13.6
381.85852,16.121,362.9,0.024,8.3,453.0,9.93,16.0
6.256352128,2.3512,3289.3,1.269,30.76,918.0,167.92,120.4
0.609662423,4.24033,140917.0,0.799,110.14,3834.0,51214.99,3250.1
1.587485742,7.7489,246568.0,0.259,41.52,1460.0,1070.86,996.8
1.99042642,3.083,133.8,0.067,1.17,1539.0,1327.48,25.3
3.54553077,4.143,119.2,0.143,1.62,1448.0,1039.47,18.1
2.115511511,8.5116,25805.0,1.278,36.16,897.0,152.34,153.3
3.546531809,2.2746,442.7,0.633,2.18,1212.0,510.26,26.4
0.638437699,0.3028,286.8,0.904,2.48,1709.0,2024.34,25.8
2.03742712,3.939,36.0,0.791,0.9,1812.0,2550.21,11.4
561.08191,14.94,229.1,0.4298,1.93,255.0,1.0,9.8
3.314947362,1.8007,1398.2,0.799,3.94,1155.0,421.03,123.5
2.55549176,9.083,113.8,1.228,23.35,1312.0,701.68,24.3
0.53936593,5.434,145.0,0.988,9.19,5016.0,149399.93,57.6
348.61891,3.567,689.0,0.282,2.4,253.0,0.97,5.8
40.1097817,5.2096,732.0,0.016,3.11,556.0,22.65,40.3
12.27057043,3.002,295.5,0.026,1.67,811.0,102.25,18.7
40.8366307,4.956,264.8,0.363,1.5,496.0,14.3,18.7
1.012672041,3.0512,1197.6,0.957,5.89,2337.0,7026.31,237.4
38.35312,2.9,3090.0,0.017,5.57,557.0,22.73,8.6
488.67353,12.35,691.0,0.432,2.03,188.0,0.3,8.2
48.507991,8.984,288.9,0.944,2.06,511.0,16.08,11.4
5.40426917,2.5315,860.6,0.229,2.85,1073.0,312.93,40.5
15.288709179,5.00366,512474.0,0.372,54.56,509.0,15.84,1758.7
4.60300256,2.6848,302.5,0.072,1.32,848.0,122.02,22.2
9.449438672,5.5479,12867.3,1.243,60.59,1152.0,415.72,231.4
4.583520948,2.7055,3812.1,0.045,5.39,1038.0,274.98,99.5
9.3281912,3.991,45.2,0.044,0.59,788.0,91.02,13.7
1.51918335,5.45573,499989.0,0.336,128.17,2517.0,9460.59,899.3
5.263415218,2.1446,1030.7,0.853,3.77,1103.0,349.4,117.0
5.07538255,1.7,163.1,0.919,1.74,1154.0,419.23,16.0
5.77675928,6.789,3522.5,1.272,32.77,954.0,195.79,141.4
44.96407458,4.981,811.6,0.11,2.0,379.0,4.89,88.0
10.45839865,3.154,306.8,0.009,1.25,609.0,32.45,18.6
0.73240662,4.33,329.0,0.8618,3.65,3191.0,24515.44,15.3
1.507099289,4.8361,1282.0,1.265,26.56,1448.0,1037.46,142.7
1.08070294,3.363,145.6,0.688,1.04,1565.0,1419.52,17.6
2.17489806,4.599,74.8,0.76,1.08,1496.0,1187.26,29.3
370.35639,12.75,732.2,0.414,2.82,268.0,1.21,13.0
8.48032079,5.791,170.7,0.004,0.95,759.0,78.45,14.7
0.789171236,1.734,73.4,0.417,0.69,1527.0,1291.41,9.0
1.89140138,9.52,557.6,1.222,25.67,1377.0,849.6,12.4
3.2828024,3.2532,142.5,0.159,1.79,1467.0,1093.39,24.4
7.061149921,3.33515,131257.0,0.912,43.71,842.0,118.87,631.5
2.493237866,2.644,259.2,0.975,9.48,2241.0,5975.48,20.7
13.4256161,11.781,142.3,0.5971,1.66,987.0,224.45,12.5
12.76220558,2.0688,653.8,0.955,3.18,721.0,63.86,17.4
8.8109721,4.822,24048.0,1.227,47.94,881.0,142.58,26.0
396.349253,2.685,413.1,0.0384,2.39,293.0,1.73,5.7
64.617518,5.796,2486.6,0.9,5.4,383.0,5.09,61.9
1.558544209,3.3727,225588.0,0.507,35.12,1182.0,460.09,421.6
92.263742,8.605,296.9,0.273,2.22,469.0,11.42,12.2
19.7352868,5.097,319.4,1.417,49.24,743.0,72.08,17.1
23.832382513,7.06068,278997.0,0.664,63.78,623.0,35.58,2389.2
20.6579443,8.798,98.2,0.188,1.27,728.0,66.27,14.1
3.50474265,8.2852,88625.0,1.049,200.24,2689.0,12355.55,977.2
1.56859048,11.591,280.6,1.198,23.41,1693.0,1935.28,43.3
3.517494725,1.5639,532.8,0.742,1.42,704.0,58.08,52.6
16.84183355,2.6194,822.1,0.688,3.08,699.0,56.43,23.6
1.10601182,2.577,52.9,0.532,0.77,1903.0,3093.39,15.5
1.077467951,2.1125,75.7,1.181,31.06,2339.0,7064.38,47.4
15.96532718,4.5837,482.2,0.674,3.33,872.0,136.42,144.2
5.93919041,2.285,424.5,0.107,3.7,1357.0,801.92,15.9
68.538296,3.627,1087.0,0.002,25.77,1031.0,267.17,11.3
384.09781,12.55,100.1,0.016,1.63,330.0,2.8,8.7
0.971933156,1.9265,4786.0,1.42,50.75,1754.0,2240.48,223.1
3.951383138,1.0582,405.7,1.217,23.51,1083.0,324.78,23.9
12.4252735,20.756,84.7,0.171,2.37,1299.0,673.53,36.6
23.6421965,5.018,1102.2,0.022,2.9,595.0,29.65,97.2
1.20320092,1.9197,2807.1,1.274,49.25,2124.0,4809.16,250.8
372.54353,21.83,1106.0,1.7826,74.14,226.0,0.62,11.9
375.17737,20.52,1230.0,0.405,3.64,264.0,1.15,13.7
198.7106251,8.638,2094.8,0.026,3.56,258.0,1.05,62.1
0.523632451,1.99,8.1,0.738,1.08,5313.0,188657.97,13.9
75.681309,11.62,107.7,0.6194,1.64,560.0,23.25,9.1
0.364860478,1.4736,112.6,0.267,0.68,1993.0,3703.08,23.5
11.8061737,4.472,88.1,0.905,2.87,1407.0,926.72,10.1
7.9320191,8.18,125.1,0.5896,1.04,811.0,102.05,8.8
1.195515364,6.08509,396401.0,0.475,156.91,2640.0,11494.67,4630.1
0.984941669,1.9724,81.4,0.045,1.49,2335.0,7044.68,22.9
3.521050679,3.5323,4879.8,1.266,256.2,2434.0,8306.9,337.2
17.44486016,4.445,826.9,0.871,3.24,679.0,50.32,46.0
214.881456,9.581,759.2,0.023,2.68,286.0,1.59,16.1
18.9985279,4.529,430.7,1.3,43.17,792.0,93.03,16.9
1.570919281,3.2232,65124.0,1.083,59.12,1797.0,2473.29,316.9
13.74883059,6.0968,425.9,0.658,3.63,975.0,213.84,167.6
1.105123883,3.001,66.7,0.685,0.83,1755.0,2235.64,20.7
0.562563871,1.591,34.6,0.36,0.69,2626.0,11201.45,16.4
2.81401302,5.801,55.7,0.567,1.51,1723.0,2081.51,33.8
3.963787093,3.10316,25015.2,0.95,28.11,1389.0,880.12,584.8
41.7084063,8.567,330.0,0.671,2.19,608.0,32.24,24.3
1.33254971,4.69,158.3,0.741,1.36,1782.0,2377.19,35.3
4.62602867,0.643,346.9,0.739,1.65,1012.0,247.34,14.7
38.036729482,4.34617,82871.6,0.501,27.5,500.0,14.81,1300.0
1.574090323,1.5796,224.9,0.071,0.93,998.0,234.92,17.7
0.241842544,0.7257,203.3,0.3064,1.16,2689.0,12357.89,29.3
1.049468616,4.848,22.0,0.731,0.84,2808.0,14709.49,22.8
0.755103143,2.885,43.8,0.662,1.49,2927.0,17302.11,27.3
172.280975,12.24,313.8,0.602,1.6,301.0,1.95,10.2
241.647602,1.742,361.7,0.0404,1.88,300.0,1.92,5.6
1.428596987,2.1401,50.0,0.7017,1.62,2637.0,11425.1,26.1
16.371883638,3.44467,65927.0,1.066,70.73,840.0,117.9,639.8
1.74336627,10.405,451.0,1.855,140.49,2029.0,4006.15,20.8
18.87058705,3.4701,588.0,0.878,2.67,701.0,56.97,28.5
7.448375935,4.23892,152666.0,0.35,34.37,871.0,136.18,1837.9
466.9407,30.56,979.2,0.2921,2.9,230.0,0.66,13.7
0.588001053,1.1451,297.4,0.403,0.99,1188.0,473.45,50.9
183.854867,14.996,520.6,0.4202,2.4,345.0,3.36,10.8
2.64830047,2.6395,12668.0,0.873,126.54,3042.0,20225.84,79.8
1.306723495,6.606,12456.6,1.229,27.42,1170.0,443.02,311.7
21.858963291,6.32492,117113.0,0.969,114.63,925.0,172.73,2951.2
23.355341391,4.60672,38524.0,0.842,21.55,601.0,30.96,1144.3
10.32736351,1.889,126.9,0.754,1.25,838.0,116.56,9.7
56.0560754,4.685,1626.0,0.018,1.94,233.0,0.69,27.4
12.4258252,21.841,130.2,0.689,1.27,822.0,108.1,30.0
0.716709761,0.6969,68.4,0.986,1.42,2394.0,7725.24,21.2
3.268695042,3.45188,10091.4,0.065,16.91,1597.0,1539.0,1429.9
6.56226483,4.0144,260.8,0.643,3.07,1290.0,654.67,41.2
302.38867822,3.1229,41320.0,1.134,40.73,238.0,0.76,294.8
0.566796331,5.194,114.8,0.981,1.5,2411.0,7979.99,33.3
12.21828097,2.6969,1843.4,0.778,5.1,835.0,114.59,90.1
242.467406,12.808,340.3,0.173,1.73,286.0,1.59,23.2
1.560158562,3.4248,240156.0,0.712,45.91,1223.0,530.79,459.9
74.92768653,4.74,4119.2,0.796,6.39,409.0,6.62,161.5
9.95667035,3.534,586.8,0.949,3.41,946.0,189.48,16.8
12.4254241,24.98,378.9,0.938,2.17,755.0,76.9,36.0
22.78078241,3.3002,1925.1,0.008,2.17,328.0,2.73,46.4
5.76573396,2.924,248.0,0.708,7.47,1964.0,3518.78,22.2
16.3012727,3.974,259.5,0.88,1.54,557.0,22.73,19.7
31.3351094,6.071,264.9,0.706,1.99,666.0,46.53,16.7
0.552141897,4.985,105.6,1.091,10.04,2206.0,5602.43,42.8
7.51854537,2.845,286.7,0.13,1.42,784.0,89.41,19.4
10.10463142,2.369,114.6,0.571,1.59,1046.0,283.38,24.1
14.12847677,3.685,628.7,0.811,2.73,739.0,70.5,23.0
412.227551,4.303,819.5,0.1894,21.53,529.0,18.57,9.0
0.948950734,4.0245,2133.0,1.246,36.87,2103.0,4636.91,238.6
0.88512187,3.349,136.0,0.766,1.05,1659.0,1797.86,9.9
19.7639874,12.319,51.3,0.489,1.19,900.0,155.45,13.5
8.10363271,3.161,887.9,0.047,2.11,687.0,52.82,39.3
62.366706,4.32,95.4,0.1725,1.88,698.0,56.09,7.1
3.25058201,2.2537,218.4,0.684,1.19,962.0,202.09,24.0
149.526152,3.033,753.0,0.4364,1.69,202.0,0.39,7.6
0.958871144,2.74361,232350.0,0.533,45.91,1743.0,2174.51,1191.2
17.83367834,4.5112,326.9,0.013,2.43,866.0,132.94,154.5
1.183818383,1.393,84.3,0.17,0.91,1775.0,2337.65,12.7
9.7704486,2.4517,1897.8,0.09,2.23,460.0,10.59,58.0
12.607591424,29.1267,79.5,0.996,1.61,809.0,101.31,41.6
0.933749941,6.606,415.3,1.225,12.93,919.0,168.44,88.8
5.960400011,2.8617,828.3,0.8,2.85,890.0,148.26,126.1
13.28689997,3.2825,1039.6,0.017,2.78,715.0,61.8,41.3
0.952374508,3.006,204.8,0.013,1.13,1435.0,1006.13,33.0
6.399101307,4.7439,83326.0,1.039,51.77,1042.0,279.38,154.4
265.2996227,8.8452,100158.0,0.798,33.81,270.0,1.25,616.3
44.638983058,3.04001,36830.1,1.173,50.33,551.0,21.86,488.5
0.566803216,3.325,20.2,0.424,0.54,2642.0,11526.75,15.5
18.73577127,3.0356,567.2,0.785,2.1,568.0,24.66,81.8
366.31509,12.41,336.0,0.4314,2.87,353.0,3.65,13.0
5.2362026,3.148,2019.5,1.379,75.83,1378.0,853.62,28.2
0.618952198,2.8244,8324.1,1.282,4.96,497.0,14.29,259.3
25.166806,2.111,1350.0,0.65,2.72,483.0,12.84,7.2
0.938466959,1.3015,217.4,0.054,1.58,1876.0,2919.17,54.4
38.47674409,5.10744,173168.0,0.458,33.8,463.0,10.85,3487.8
4.33722007,2.4973,358.5,0.053,1.63,996.0,231.86,47.9
79.9201319,4.482,1326.8,0.623,1.81,217.0,0.53,21.9
25.30291816,4.4903,2105.7,0.04,3.95,535.0,19.39,117.7
3.652810043,1.5132,119.4,0.086,0.89,1015.0,250.33,6.0
47.93094546,2.6897,2144.4,1.272,68.02,905.0,158.41,221.1
2.248063246,5.1297,631.7,1.225,30.38,1566.0,1421.38,87.9
7.95825328,4.377,50.0,0.706,1.06,1074.0,314.15,14.7
30.8639476,8.864,256.5,0.907,3.01,743.0,72.05,63.0
2.666961614,2.4774,7583.4,1.276,40.68,1469.0,1104.26,249.5
3.185090259,4.80188,423276.0,0.465,92.5,1564.0,1414.18,1909.2
14.13175309,4.0136,1033.0,0.848,3.02,675.0,49.18,40.1
18.173045009,10.9113,69911.3,0.674,24.39,650.0,42.19,1820.5
0.786260569,4.556,877.1,1.226,15.72,1192.0,477.45,246.0
4.783002698,2.335,1008.7,0.003,2.5,886.0,145.48,70.6
1.51945182,2.95,13.7,0.599,0.5,1901.0,3080.82,9.6
2.464160779,2.427,116.7,1.169,36.93,1709.0,2018.62,27.3
0.447861451,0.8541,265.4,0.427,1.42,2263.0,6221.08,20.3
46.56675437,7.831,801.1,0.87,5.25,708.0,59.34,111.3
12.4239677,16.01,162.4,0.007,0.87,606.0,31.93,12.8
4.309381978,2.8977,310.7,0.034,1.89,1134.0,390.76,42.3
6.993576155,21.2695,2924.0,1.317,101.15,1605.0,1569.11,643.3
2.757584622,0.9267,563.1,0.093,1.01,615.0,33.79,19.6
206.309658,1.498,277.1,0.8152,2.36,361.0,4.01,8.3
10.980246199,3.74464,50078.0,0.733,21.94,821.0,107.47,1555.4
13.5437884,5.7076,6608.7,1.269,32.21,658.0,44.22,114.4
5.62978034,5.847,379.2,0.08,1.61,899.0,154.59,19.1
39.79220077,4.466,610.4,0.019,1.9,458.0,10.38,179.5
9.25801294,2.854,88.1,0.186,1.73,1229.0,539.51,12.9
7.4413445,2.8754,2234.0,1.286,43.5,1136.0,393.59,66.4
31.8055128,3.979,141.7,0.476,0.63,378.0,4.84,10.9
5.65378163,1.9483,366.8,0.439,1.82,1020.0,256.14,37.8
2.182515126,6.8413,114931.0,0.968,128.15,2703.0,12627.67,861.6
3.11604194,1.7763,345.2,0.195,1.59,1123.0,375.55,18.8
3.37487541,3.085,53.8,0.389,0.75,1287.0,649.96,8.3
0.648772102,2.614,31.1,0.368,2.6,3758.0,47393.05,15.0
18.0161227,4.016,499.5,0.023,2.39,768.0,82.38,16.7
25.150788449,7.72717,37582.6,1.025,39.12,686.0,52.23,1504.9
5.2972293,3.799,1210.5,0.022,47.7,2867.0,15961.1,31.8
24.0733775,19.612,1325.7,0.914,27.78,1263.0,601.46,76.9
3.115304946,4.88748,149524.0,0.89,61.66,1404.0,918.39,1398.8
76.81985465,5.16249,229165.0,0.728,46.61,379.0,4.88,2314.5
4.45342418,3.654,46.6,0.569,0.9,1331.0,740.51,16.3
0.782068488,1.239,115.7,0.279,21.02,6169.0,343029.57,4.1
4.85603482,3.078,76.7,0.134,1.05,1266.0,607.42,8.2
276.32360146,9.8964,81.3,0.706,1.21,352.0,3.63,4.6
14.49839316,3.7343,3271.1,0.91,5.16,607.0,32.22,125.6
421.42848194,8.60447,96654.3,0.356,54.16,335.0,2.97,3162.0
0.56678702,3.074,7.5,0.0063,0.27,2356.0,7279.54,11.2
2.88878583,2.977,40.9,0.242,0.84,1423.0,969.05,17.2
161.253747,25.322,2598.4,0.912,4.98,295.0,1.8,54.7
11.0317836,4.753,182.3,0.405,1.45,840.0,117.67,14.1
1.471060209,4.3708,148439.0,0.895,165.15,3693.0,43941.18,563.0
0.9628348,2.259,92.8,0.309,0.81,1648.0,1734.83,7.6
6.03355539,10.049,89.5,0.35,3.34,1598.0,1540.84,26.1
1.49131759,4.721,25.8,0.467,1.26,2475.0,8873.77,10.3
46.8776724,10.041,539.8,0.834,2.62,484.0,13.01,37.5
24.1738244,3.056,532.6,0.251,2.21,595.0,29.69,21.5
1.339670241,1.895,28.6,0.602,1.27,3448.0,33385.02,21.7
10.47548084,2.3024,1070.7,0.664,2.11,540.0,20.15,40.3
16.080657264,2.8701,3076.0,0.051,4.43,614.0,33.64,195.9
2.35197616,5.304,268.0,1.177,21.19,1444.0,1025.78,31.7
2.15045295,4.453,169.1,0.3604,24.27,4340.0,83894.63,25.8
5.19103699,4.222,290.1,0.117,1.92,1183.0,462.91,25.2
7.275040844,7.5377,3001.0,0.547,4.86,833.0,113.64,312.1
53.5991459,6.811,523.1,0.658,2.49,529.0,18.54,23.1
360.33012,15.16,1022.0,0.3698,2.34,200.0,0.38,12.2
12.591656377,5.53385,302584.0,0.629,49.21,642.0,40.23,3990.5
5.47665801,2.5482,648.0,0.788,2.01,741.0,71.0,32.1
0.544561598,1.6053,35.2,0.214,44.9,11804.0,4601339.96,31.1
143.2063047,8.9302,10565.7,0.379,8.9,308.0,2.14,138.8
3.58273837,1.523,360.5,0.143,1.64,1064.0,302.74,11.6
37.60936976,6.8615,27590.8,0.671,15.8,508.0,15.8,971.1
6.62761199,6.15281,227141.0,0.753,82.03,1204.0,496.41,4355.5
207.471349,7.469,229.2,0.3093,1.57,316.0,2.37,8.0
32.657035,5.953,620.4,0.007,3.73,767.0,81.91,17.9
4.816610903,3.82353,80226.0,0.431,26.15,1050.0,287.3,759.1
0.831741499,2.297,1231.1,1.298,41.62,2198.0,5501.14,110.9
0.948951607,4.3809,458463.0,0.959,115.31,1853.0,2796.38,437.1
42.88247951,9.7471,408.9,0.391,3.61,709.0,59.6,112.2
27.6652847,6.633,469.2,0.004,2.21,641.0,39.94,36.1
13.02363236,3.9734,607.0,0.032,2.3,743.0,71.85,50.5
2.005414293,1.934,59.5,0.874,0.65,1216.0,516.85,13.9
19.270825843,4.1281,6660.5,0.169,7.74,661.0,45.05,577.1
2.69636494,3.892,109.0,0.628,1.24,1406.0,925.14,22.2
14.78767172,6.1191,781.8,0.021,3.46,827.0,110.42,39.4
3.74785358,3.713,98.2,0.468,0.89,1093.0,337.14,18.8
6.99130452,2.1568,555.4,0.74,1.95,716.0,62.05,36.3
7.68433346,1.4346,1175.0,0.951,2.58,583.0,27.35,28.5
10.476258265,7.77203,120206.0,0.318,54.13,1077.0,318.44,8251.5
0.566798364,3.172,38.6,0.487,0.66,2272.0,6280.34,14.1
5.90608902,2.409,340.7,0.025,1.77,1012.0,247.83,9.3
44.637111,5.868,282.5,0.029,1.28,432.0,8.22,9.4
5.546083089,2.717,2211.0,0.902,22.27,2336.0,7027.09,56.4
3.47148164,4.679,122.7,0.719,0.85,970.0,209.73,9.5
19.35954117,12.8464,386979.0,0.328,101.44,942.0,186.12,3590.2
84.6877524,10.0248,347.7,0.017,3.37,611.0,32.96,95.1
25.9525478,21.328,478.4,1.228,74.69,865.0,132.4,57.0
5.194256813,7.25775,38851.4,0.378,41.77,1546.0,1349.96,2390.4
12.6119685,6.372,76.5,0.709,1.33,953.0,194.9,12.2
45.1178526,3.737,389.2,0.97,2.78,517.0,16.87,17.3
1.332561398,4.103,150.6,0.783,2.16,2276.0,6330.12,77.1
18.6848377,3.7965,1251.5,0.405,1.93,402.0,6.16,41.2
0.566795728,2.79,18.9,0.653,0.64,2755.0,13656.59,12.4
0.76647343,2.46345,199901.0,0.766,42.33,1628.0,1654.36,545.0
0.730956716,2.097,27.8,0.129,0.57,2192.0,5431.8,11.2
281.35877,7.74,278.5,0.0371,4.22,446.0,9.34,6.2
0.706430188,1.301,50.8,0.288,0.41,1473.0,1116.9,11.0
40.9905002,7.336,297.3,0.048,2.41,627.0,36.5,15.4
38.058140058,8.82403,308873.0,0.63,94.1,736.0,69.39,3602.0
3.609313059,1.7752,1375.1,0.408,3.26,1092.0,336.16,35.0
37.32030954,6.9616,4325.0,1.282,36.96,538.0,19.77,171.3
23.7832097,7.939,256.5,0.01,2.01,725.0,65.26,38.3
0.530972263,3.653,48.6,1.079,9.32,2373.0,7495.0,12.1
0.73094589,4.32,250.2,1.169,17.12,1922.0,3248.17,37.5
45.15535633,5.7845,6208.7,0.063,7.65,523.0,17.68,285.1
330.071558,4.295,616.7,0.681,2.94,286.0,1.58,10.6
234.240739,12.925,464.1,0.944,3.41,329.0,2.77,27.7
0.843379985,1.4474,343.3,0.696,1.7,1541.0,1329.99,53.6
0.592618966,0.811,91.4,0.083,0.86,2103.0,4626.58,14.9
1.247156944,2.6779,134761.0,25.224,26042.9,4120.0,68223.38,92.4
1.573020098,15.574,292.2,1.184,31.6,2113.0,4693.57,195.5
4.020628573,4.4085,20901.0,0.827,16.94,1232.0,543.92,282.6
11.36113254,4.1886,569.5,0.734,2.6,869.0,134.97,57.0
15.3825394,3.815,550.5,0.015,2.14,714.0,61.61,18.4
0.759764419,5.72501,393266.0,0.545,138.54,2715.0,12833.03,1728.1
13.3669309,3.733,12.2,0.4064,0.27,656.0,43.71,7.4
366.74866,12.446,419.1,0.663,2.35,281.0,1.48,9.1
2.800111267,1.0237,706.7,0.806,2.13,956.0,197.81,33.5
13.6396648,5.425,162.7,0.105,1.1,717.0,62.6,13.3
2.479948394,5.7219,150682.0,0.67,35.62,1169.0,441.85,489.6
0.934924739,2.052,73.8,0.309,2.29,3156.0,23533.0,20.3
16.00351679,4.001,668.3,1.209,18.01,586.0,27.83,29.9
35.945188,8.23,72.6,0.1278,1.5,789.0,91.51,4.1
2.489549075,2.4345,2829.7,1.33,59.57,1708.0,2007.56,160.6
2.17813954,2.063,28.6,0.054,1.0,2073.0,4372.75,9.7
21.86965714,5.5177,125.5,0.557,1.51,790.0,92.0,43.5
38.4769457,5.825,259.4,0.981,4.79,814.0,103.72,18.4
17.58751692,4.3773,1377.8,0.106,4.03,706.0,58.6,109.4
326.370361,4.526,568.8,0.4924,22.6,615.0,33.84,13.7
5.868066282,4.1246,436.5,0.801,3.6,1254.0,584.32,97.6
1.33256979,3.293,104.2,0.207,0.97,1692.0,1943.76,18.4
373.43233,16.5,166.7,0.0802,1.48,290.0,1.66,12.9
290.7778719,12.0525,225767.0,0.761,45.27,222.0,0.58,1836.8
10.61368712,3.498,559.8,0.024,2.06,785.0,89.65,18.9
3.40076682,4.7,21.1,0.256,0.69,1540.0,1328.5,7.4
11.01819178,4.635,545.7,0.883,2.64,840.0,117.97,22.0
0.755101928,3.044,119.8,0.464,0.91,1763.0,2287.46,18.1
23.34036251,2.054,615.1,0.25,2.21,601.0,30.94,18.2
4.24263096,2.582,187.6,0.201,1.1,926.0,174.24,15.9
1.540393027,1.75,526.2,0.343,2.17,1502.0,1200.85,72.1
7.305706326,1.4228,264.9,0.826,2.11,972.0,210.72,43.6
197.1455327,2.1145,5664.0,1.251,72.16,498.0,14.53,56.8
5.34264143,2.453,691.3,0.021,1.72,799.0,96.47,19.9
56.40651043,18.4332,102294.0,0.625,21.93,358.0,3.87,1597.3
122.713036,3.999,290.7,0.5737,1.79,393.0,5.66,6.5
8.13121389,4.2386,111.8,0.622,1.58,1117.0,368.36,55.3
0.85450941,3.723,13.7,0.4204,0.35,1928.0,3269.09,9.0
0.905679492,2.1164,2299.0,1.272,35.74,1882.0,2950.42,59.3
1.27228771,2.099,82.9,0.428,0.63,1275.0,624.11,9.5
5.014234733,4.589,6536.0,0.066,10.63,1308.0,692.13,794.3
163.692336,6.853,1138.0,0.028,2.75,274.0,1.34,21.0
22.95062278,4.4814,129.8,0.748,2.17,873.0,137.23,32.9
12.14684625,6.197,70.7,0.687,1.75,1097.0,342.49,27.1
391.33068,12.37,277.2,0.508,1.68,274.0,1.33,10.3
35.882272887,3.95004,101231.0,0.858,35.21,512.0,16.3,3096.9
3.13877646,1.6663,174.1,0.436,0.97,1022.0,257.32,20.2
1.877878538,2.39,47.5,0.248,0.78,1701.0,1977.35,20.6
1.11431205,2.112,160.4,0.141,1.07,1635.0,1691.99,15.5
1.332567005,6.3373,401.3,1.185,27.36,2007.0,3837.83,110.6
55.8224775,5.457,879.6,0.031,2.13,379.0,4.85,23.7
7.07162308,2.587,123.0,0.331,1.42,1162.0,431.05,16.9
5.910371418,3.88962,17219.2,0.065,12.62,1053.0,290.83,990.3
1.352576807,5.49531,317484.0,0.616,161.02,2866.0,15932.27,1365.1
3.78861833,2.808,143.4,0.183,1.23,1158.0,424.17,18.2
20.9794338,3.762,2388.2,1.284,24.76,520.0,17.28,32.2
2.06190864,1.9743,214.0,0.537,1.63,1463.0,1082.28,27.9
49.612757516,7.07603,130460.0,0.929,57.08,536.0,19.46,2070.3
1.213770423,0.5532,1821.0,0.83,0.78,525.0,18.03,111.4
0.761119678,1.43,1112.0,1.129,27.81,2977.0,18660.94,9.7
44.4304059,10.306,238.5,0.025,2.61,680.0,50.42,50.5
2.522590567,1.406,210.2,1.261,25.82,1205.0,499.07,18.5
1.673662758,2.3135,316.4,1.186,23.42,1729.0,2106.67,33.4
2.072177815,4.54864,293717.0,0.641,46.55,1204.0,495.23,590.7
1.831829703,7.289,40509.0,0.788,49.38,2078.0,4410.65,140.4
361.91436,8.68,228.2,0.6901,1.84,297.0,1.84,13.0
2.01948607,5.248,275.4,0.977,2.15,1430.0,988.37,27.9
49.788613011,7.41807,219219.0,0.753,32.57,271.0,1.28,1566.8
2.40435325,6.825,349.6,1.202,24.16,1359.0,806.18,23.3
1.341078755,3.86492,112151.0,0.309,41.8,1968.0,3533.56,1829.3
5.54867998,4.665,68.9,0.095,0.68,882.0,143.26,15.4
1.219034472,2.151,6923.8,0.075,9.82,1845.0,2734.97,99.2
1.08749101,1.6192,126.4,0.979,4.91,3081.0,21388.7,33.5
8.22241355,2.71,1468.6,0.246,2.28,558.0,22.86,67.0
4.18236124,6.70175,193983.0,0.809,69.37,1303.0,680.56,2666.0
0.570953851,0.998,76.1,0.059,1.01,2464.0,8688.17,8.9
17.734020239,7.27595,186680.0,0.837,93.52,892.0,149.48,2905.9
143.1188694,16.8109,255714.0,0.703,53.3,321.0,2.5,1638.0
1.79110997,2.0917,167.5,0.028,1.29,1549.0,1356.76,24.3
2.250826647,1.536,534.4,1.221,30.03,1489.0,1161.8,104.3
9.22961384,2.235,492.1,0.067,2.79,1021.0,257.11,19.3
1.181046137,2.6923,52609.0,1.165,37.78,1389.0,878.27,324.4
14.3400358,5.7,1706.0,0.006,0.68,248.0,0.89,8.0
0.566816802,1.981,94.0,0.414,0.68,1585.0,1483.43,12.9
244.547128,3.59,587.0,0.003,1.74,228.0,0.64,6.4
3.234699282,3.59385,10558.7,0.079,13.06,1356.0,797.62,3003.8
26.0164225,4.1768,41109.0,1.147,61.04,755.0,76.63,285.4
21.8660922,2.03,301.6,0.057,1.88,730.0,67.15,9.2
24.0884178,3.952,387.2,0.376,1.16,386.0,5.26,21.0
315.81065,23.66,541.6,0.094,1.82,212.0,0.47,11.6
8.1280933,3.727,224.1,0.357,1.39,875.0,138.51,10.7
2.3702932,1.666,224.8,0.003,1.29,1256.0,588.1,7.0
132.9955503,7.436,1275.4,0.703,2.51,241.0,0.8,29.3
5.801881299,4.21133,34469.8,0.81,62.9,2001.0,3784.87,3642.0
196.436796,8.556,631.9,0.019,2.33,292.0,1.72,14.4
78.4286313,3.7368,83303.0,1.388,85.77,425.0,7.74,112.6
2.29794819,2.84,83.2,0.108,0.98,1547.0,1352.14,12.2
12.18420006,2.5014,499.3,0.746,2.59,819.0,106.52,23.3
6.2089181,2.292,1664.0,0.6977,9.2,1378.0,853.5,8.4
1.88899036,3.486,59.0,0.011,0.83,1574.0,1449.92,18.2
23.96793669,3.827,1182.3,0.416,1.8,329.0,2.77,27.5
1.303861044,4.0541,598.2,1.258,27.85,1610.0,1595.19,140.6
22.36646466,5.228,986.8,0.4,2.32,536.0,19.45,32.1
47.0563327,4.807,762.0,0.361,2.57,497.0,14.43,12.1
0.679336747,1.2188,240.7,0.209,1.4,1883.0,2982.78,36.7
452.65206,19.87,175.1,0.646,2.41,345.0,3.33,17.0
10.26231992,3.568,813.9,0.945,1.98,509.0,15.89,17.3
10.3482112,2.089,255.1,0.093,1.29,724.0,64.97,8.4
21.30181863,3.8763,87.3,0.086,0.72,564.0,23.89,32.4
329.71491,12.11,337.0,0.0651,1.39,232.0,0.68,6.0
247.354914,8.677,1291.8,0.044,2.29,212.0,0.48,49.0
10.44087398,3.743,821.5,0.914,3.41,829.0,111.52,22.2
0.697996932,4.3323,9094.6,1.244,28.06,1604.0,1560.69,244.1
2.544594443,3.21373,348777.0,0.558,109.72,1608.0,1582.68,608.9
11.8693144,4.653,101.9,0.73,1.09,864.0,131.58,13.9
1.33250451,4.143,27.4,0.295,0.62,1993.0,3726.12,11.6
63.3278636,47.0744,11515.0,0.003,54.17,896.0,152.49,619.6
4.20253859,5.389,31.5,0.937,0.71,1136.0,394.08,8.8
2.032318856,1.1596,287.5,0.009,1.12,1011.0,247.21,20.4
2.54557259,5.636,529.0,0.038,1.97,1234.0,549.8,36.0
8.4803326,5.918,35.6,0.556,1.35,1390.0,882.07,11.0
6.49441464,2.344,357.3,0.911,1.75,732.0,68.05,17.7
1.213745575,5.5835,2012.2,1.246,21.69,1246.0,572.53,213.7
34.188302705,3.01179,118440.0,0.957,74.5,660.0,44.91,2594.9
2.28612573,12.408,301.6,1.188,22.63,1433.0,993.96,45.3
131.97827736,7.14981,345935.0,0.58,147.83,457.0,10.32,3766.3
265.299451,4.563,4946.0,0.88,7.1,270.0,1.25,34.3
0.760941405,1.773,186.6,0.26,1.18,1817.0,2591.44,15.2
20.06036336,3.3203,1494.7,0.556,1.96,361.0,4.0,35.2
122.3858681,7.123,711.1,0.101,1.72,269.0,1.24,46.3
176.2432946,5.0423,4981.4,1.271,48.15,353.0,3.68,86.6
2.637574744,5.4573,5423.5,0.909,9.16,1385.0,868.86,222.8
5.75321539,1.7948,733.8,0.921,3.14,920.0,169.44,31.8
2.618414643,4.99923,200864.0,0.356,109.33,2582.0,10502.8,3260.0
6.98472143,2.724,90.7,0.451,1.19,1059.0,297.15,11.7
15.64588656,3.959,572.1,0.033,2.18,710.0,60.08,26.9
16.28247625,2.9227,792.6,0.382,1.88,505.0,15.37,60.0
476.727302,9.327,1035.7,0.008,23.42,530.0,18.64,17.9
6.24564633,2.459,212.0,0.594,1.06,731.0,67.62,11.9
0.526887517,0.8971,119.9,0.292,0.58,1238.0,550.37,20.6
51.1319346,6.019,382.3,0.829,2.43,542.0,20.36,19.6
23.799939273,5.02319,60186.4,1.137,51.74,637.0,38.92,2065.8
0.645850521,1.2082,54.9,0.476,0.69,1941.0,3366.81,16.8
21.05647572,1.238,1293.6,0.938,5.05,732.0,67.74,52.1
1.926888595,1.235,130.0,0.589,1.31,1619.0,1622.18,11.7
24.70361995,6.9719,217538.0,0.206,30.13,464.0,10.99,268.7
379.65261,19.04,82.3,0.1971,1.2,330.0,2.8,8.0
1.855557556,2.35672,10570.1,0.554,10.05,1436.0,1004.89,1853.8
61.6174528,3.816,1350.7,0.091,3.36,424.0,7.67,19.5
16.832079803,7.79748,48374.6,0.218,61.35,1243.0,565.17,5156.6
19.80787763,3.453,616.3,0.054,2.08,624.0,35.89,20.1
2.12821621,3.146,25.9,0.098,0.7,1668.0,1831.55,22.1
22.7082375,3.503,298.8,0.032,1.72,677.0,49.67,22.0
1.99567242,3.58,18.0,0.564,0.75,2137.0,4939.44,14.2
35.58349688,3.9885,937.6,0.001,2.03,408.0,6.54,90.8
1.980356674,2.4743,271.9,0.713,2.1,1662.0,1808.41,71.9
9.080194398,8.18777,324573.0,0.614,76.4,1013.0,248.49,3481.8
11.87290814,2.5342,332.7,0.904,2.25,863.0,131.55,84.7
8.74192361,4.235,295.7,0.025,1.94,924.0,172.38,18.5
1.703347524,3.3039,504406.0,0.223,47.62,1202.0,495.27,1288.0
15.1408916,4.359,476.8,0.136,1.93,714.0,61.42,20.1
2.81753381,2.1551,3836.0,1.373,52.91,1494.0,1180.61,39.3
2.41349123,11.29,57.0,0.728,2.11,2348.0,7197.15,38.1
15.705388,4.871,283.7,0.6449,3.3,1181.0,459.41,10.6
12.8344771,3.846,281.0,0.956,2.55,891.0,149.42,35.0
8.27923132,2.355,164.9,0.187,1.08,815.0,104.49,10.9
14.8200596,3.902,184.9,0.059,0.96,552.0,21.92,21.9
420.92920358,17.3985,86013.1,1.033,62.76,293.0,1.74,1740.2
1.759208679,4.60837,362327.0,0.548,66.06,1475.0,1121.32,1967.2
1.061008464,2.8029,408767.0,0.477,32.58,1002.0,238.59,997.7
0.576441813,2.027,60.8,0.061,0.82,2471.0,8812.63,21.2
9.58405667,6.82752,119630.0,0.798,99.66,1212.0,510.85,2595.9
5.548250634,6.06772,42873.4,0.296,21.49,1088.0,331.99,1170.5
20.148807707,8.52557,526949.0,0.215,68.52,631.0,37.55,3487.5
345.1846728,6.5468,29988.7,1.179,44.91,257.0,1.03,687.5
370.47678,15.69,656.2,0.5386,2.37,252.0,0.96,11.8
2.189090653,5.2094,1027.1,1.238,23.25,1185.0,466.32,78.3
8.30783912,3.1516,777.5,0.019,2.15,751.0,75.09,66.4
5.859935955,4.0185,322.8,0.049,2.56,1246.0,569.5,186.7
13.0600399,2.851,106.8,0.495,0.8,630.0,37.3,12.5
3.016182013,2.8349,222.5,0.732,2.25,1449.0,1044.49,31.9
0.805259637,0.9779,341.8,0.332,1.93,2115.0,4732.34,50.2
46.6856205,6.3794,588.8,0.217,2.52,513.0,16.41,59.0
7.41084314,3.245,124.1,0.064,0.94,850.0,123.4,25.6
187.746606,5.885,1583.0,0.015,2.95,267.0,1.2,20.2
5.93821065,2.5128,522.5,1.646,61.63,996.0,231.93,33.6
4.88084456,2.5574,343.0,0.227,1.55,879.0,141.0,32.6
23.0295222,7.96,548.2,1.173,20.81,645.0,40.87,27.7
3.00912491,2.228,191.4,0.009,1.22,1177.0,452.27,16.5
8.58969597,8.471,245.1,1.197,20.8,882.0,143.02,45.9
3.27645723,2.219,323.0,0.001,1.71,1195.0,482.56,17.9
4.19577385,2.1557,874.2,0.521,3.02,1047.0,283.78,23.3
20.49041,4.369,661.8,0.011,2.34,625.0,36.01,23.3
20.67876365,4.6395,323.9,0.665,2.42,749.0,74.36,42.6
551.49832,40.92,1874.4,0.9478,4.89,215.0,0.51,37.0
5.92365747,2.6302,406.5,0.045,0.99,531.0,18.87,26.4
2.15681538,5.115,106.5,0.615,1.06,1473.0,1114.9,22.6
46.9026431,3.9264,821.3,0.645,2.6,458.0,10.44,40.6
1.057335679,1.5795,47337.0,0.262,14.59,1276.0,623.51,476.0
13.69942266,4.3409,1292.9,0.03,3.85,771.0,83.6,120.0
2.21396079,3.452,119.4,0.143,0.87,1123.0,375.04,9.6
27.50871575,5.9291,639.2,0.577,2.98,663.0,45.66,190.3
7.19552624,4.095,214.6,0.593,1.67,1037.0,273.05,15.6
5.169804269,2.153,1037.4,0.351,1.66,569.0,24.75,41.4
1.867281146,7.495,701.1,1.252,31.18,1561.0,1405.94,58.5
409.2452,13.06,531.2,0.0176,2.1,244.0,0.84,12.8
1.027904857,1.6381,2381.2,1.261,30.48,1653.0,1769.2,117.8
1.33258455,5.77,152.7,1.141,15.89,1680.0,1884.66,8.1
462.12345,8.46,699.0,0.2396,1.9,169.0,0.19,6.9
1.23521458,0.918,89.5,0.458,0.93,1713.0,2032.78,5.0
3.693951168,2.2534,28290.0,0.917,20.88,1148.0,411.07,173.2
0.616343903,0.7656,161.4,0.042,1.72,2513.0,9411.28,77.8
5.912273234,2.3254,961.4,0.17,1.73,585.0,27.72,62.8
11.973605044,4.3117,3822.9,1.3,38.2,820.0,106.83,172.9
4.393157678,2.4455,447.2,0.102,1.41,807.0,99.9,63.0
0.755105584,5.02374,250026.0,0.732,76.26,2412.0,7996.1,2158.5
313.09275066,14.3447,445612.0,0.395,47.52,207.0,0.44,1952.3
100.629443,1.708,355.7,0.0726,1.75,412.0,6.84,4.7
13.81504449,2.3244,1032.6,0.868,1.91,391.0,5.52,46.7
49.7700907,10.065,3529.2,0.655,5.12,455.0,10.16,109.8
10.29674097,2.7292,1011.8,0.298,5.75,1129.0,384.86,31.3
14.7966306,5.613,56.1,0.182,0.98,874.0,138.25,22.4
80.8723469,11.195,3604.6,0.527,7.59,452.0,9.88,160.9
2.991885335,7.4319,1356.9,0.95,3.94,1209.0,505.77,160.2
6.4802138,3.27,142.0,0.725,1.26,934.0,180.05,13.7
32.376183,4.4639,745.4,0.896,2.26,392.0,5.61,34.2
2.136834989,4.34882,346183.0,0.559,66.59,1415.0,948.25,644.7
9.6310258,5.255,297.2,0.951,2.9,1094.0,338.33,12.7
12.75800092,4.1828,187.9,0.011,1.49,822.0,107.96,41.7
7.61758198,3.545,85.4,0.234,1.0,1020.0,255.32,13.4
3.51575492,1.381,237.4,0.061,1.35,1033.0,269.57,15.2
146.931518,23.78,257.0,0.99,2.89,395.0,5.78,19.3
15.19423359,3.106,367.8,0.906,3.69,893.0,150.25,18.1
0.648868342,2.82428,34769.5,1.172,72.32,2882.0,16368.52,477.0
1.106560721,2.64151,253683.0,0.531,47.63,1782.0,2382.7,643.6
11.991000357,6.4648,375940.0,0.534,78.78,897.0,153.29,802.9
2.83401711,5.938,84.2,0.2794,0.93,1381.0,859.57,11.5
0.566799218,4.227,18.2,0.6858,0.79,3153.0,23364.03,19.2
0.708563091,6.347,414.5,1.196,15.38,1587.0,1501.41,90.8
2.31169425,8.689,38.4,0.628,1.76,3178.0,24113.62,16.0
9.93146307,5.678,398.6,0.037,2.41,931.0,177.83,26.2
7.47763833,2.5693,110.0,0.012,2.05,1346.0,776.56,26.2
225.66716,16.6,342.9,0.3037,1.94,331.0,2.82,11.7
8.45744892,3.2893,77.4,0.494,1.02,982.0,220.05,31.0
30.2111162,4.202,92.6,0.0666,4.44,1033.0,269.29,6.5
359.3259,9.836,246.2,0.2279,3.6,410.0,6.69,13.5
1.667482003,1.5931,545.5,0.052,15.15,3257.0,26549.71,50.2
1.87886973,3.876,181.9,0.657,1.04,1236.0,553.59,23.9
3.77359871,2.7282,176.0,0.0,1.29,1270.0,614.52,25.6
41.077590334,6.20583,134484.0,0.502,23.2,346.0,3.37,5518.2
4.5620407,2.8521,81.6,0.925,2.82,1533.0,1306.97,22.8
1.755843555,1.9425,386.0,0.893,1.94,1343.0,771.02,25.1
4.288515468,2.2959,3456.7,1.283,76.51,1722.0,2081.57,292.1
10.8632531,37.68,188.2,1.187,19.93,802.0,98.04,25.4
20.4074846,8.839,363.4,0.986,2.9,660.0,44.8,24.5
6.88595222,4.148,428.5,0.953,2.68,946.0,189.35,34.5
22.79020351,5.0394,617.9,0.036,2.57,634.0,38.27,47.7
0.734548624,2.207,58.6,0.747,0.84,2082.0,4454.22,25.1
19.7919389,3.787,383.7,0.954,2.58,736.0,69.48,22.8
13.07141889,3.0946,251.1,0.751,2.47,964.0,203.87,32.0
0.967427812,5.8883,9127.8,1.248,29.01,1419.0,956.61,323.4
1.616883373,1.6325,437.3,0.856,4.47,1774.0,2342.49,43.9
161.2529031,24.3711,94008.0,0.227,59.07,652.0,42.81,576.6
2.535389624,2.902,418.1,1.189,16.24,1113.0,362.73,27.3
4.190425659,2.8589,2877.4,0.458,6.21,1234.0,547.9,240.6
6.99205021,5.037,33.4,0.944,1.06,1194.0,479.87,24.4
1.012694226,3.6017,108504.0,0.534,42.51,2230.0,5846.79,185.1
30.130130001,13.4919,280751.0,0.631,83.75,753.0,76.07,2583.7
0.594310785,0.9994,112.5,0.161,0.91,2068.0,4338.76,15.7
17.13263125,3.0555,850.2,0.298,2.31,611.0,32.91,26.4
0.53482911,0.996,704.0,0.3597,0.54,753.0,75.82,9.8
5.19559398,3.748,116.0,0.054,1.18,1085.0,327.78,16.0
2.305097141,1.9378,5880.0,1.286,89.22,2753.0,13581.41,133.4
114.734287,3.724,242.9,0.3694,1.1,296.0,1.82,6.7
0.572513875,2.353,49.3,0.04,0.52,1779.0,2365.45,10.2
6.64754478,1.961,289.3,0.235,1.72,999.0,235.89,12.4
288.678554,9.197,242.5,0.717,0.96,172.0,0.21,10.8
4.9883872,9.142,638.2,0.939,2.59,990.0,227.27,52.9
5.97581754,3.065,962.4,0.941,3.86,1047.0,284.25,50.3
37.3228722,7.2146,307.5,0.608,35.34,1654.0,1769.88,42.6
601.13797,15.26,172.8,0.057,1.81,254.0,0.99,9.9
94.38163,11.87,91.2,0.593,2.04,537.0,19.72,7.5
29.4557841,3.451,533.8,0.018,2.19,598.0,30.3,26.6
405.65377,11.02,521.0,0.102,2.03,246.0,0.87,7.7
4.286866229,4.4726,1321.9,0.757,4.14,1217.0,517.66,167.3
214.715417,34.146,5211.2,0.981,71.79,602.0,31.0,161.3
14.180228311,4.5344,172737.0,0.795,62.41,873.0,137.11,472.3
476.80454,10.65,143.6,0.5619,1.12,227.0,0.63,5.7
20.72904234,2.8066,561.7,0.559,1.94,530.0,18.68,31.6
6.77449545,2.5416,481.9,1.178,29.41,1219.0,521.03,41.9
14.2005007,5.232,80.6,1.106,13.28,843.0,119.41,10.6
1.718649321,3.94095,190567.0,0.421,39.08,1499.0,1194.16,833.4
21.926779,10.05,198.6,0.542,1.26,618.0,34.52,10.5
4.16787814,2.2136,168.1,0.168,1.07,962.0,202.48,32.9
0.530959357,2.417,84.4,0.348,0.69,1852.0,2764.64,22.0
35.3331932,5.966,99.7,0.656,1.55,670.0,47.52,28.8
4.08897299,3.585,157.9,0.374,2.36,1537.0,1317.96,19.0
26.94927489,10.6977,19963.9,0.438,7.37,395.0,5.78,415.7
1.246585716,4.62051,406770.0,0.427,81.28,1992.0,3709.26,2165.3
0.539445498,2.2821,25302.2,1.214,68.65,2959.0,18153.51,511.4
4.09578199,1.704,405.5,0.752,1.64,851.0,124.3,11.9
1.72933255,3.631,29.7,0.586,0.69,1745.0,2196.53,17.1
201.118319,10.328,584.8,0.001,2.28,300.0,1.92,34.7
2.11552348,6.712,359.2,1.187,21.43,1398.0,900.64,28.9
519.80221867,14.9678,77183.1,0.894,40.88,216.0,0.51,2502.9
372.62637,18.52,542.0,0.5353,2.38,258.0,1.05,11.9
11.3220104,5.86,17.1,0.1749,0.91,1215.0,515.77,8.1
27.5071114,5.907,580.7,0.918,2.58,569.0,24.71,30.7
1.06100327,1.675,95.9,0.0834,0.94,1793.0,2443.69,9.7
5.918619554,3.94804,94124.0,0.258,29.98,1009.0,245.42,1117.0
87.87826191,12.8138,339056.0,0.585,110.85,530.0,18.65,1974.6
14.5598556,5.624,290.6,0.026,1.64,758.0,78.26,15.6
12.4418003,3.572,78.4,0.043,0.57,576.0,26.03,11.4
341.01495,5.12,386.0,0.087,1.72,234.0,0.71,6.9
1.423799421,1.4866,2008.4,0.501,4.69,1659.0,1791.61,125.3
1.302017467,1.3692,290.5,0.286,1.37,1344.0,772.73,21.4
13.96950181,1.5871,1110.0,0.901,2.04,387.0,5.29,37.0
32.669962587,3.581,365.4,0.18,1.37,428.0,7.96,6.2
9.04189129,2.789,783.4,0.967,3.24,729.0,66.83,34.5
0.699985822,3.02633,389433.0,0.28,46.27,1653.0,1761.47,626.9
1.6911935,9.479,2801.0,0.903,6.36,1528.0,1292.5,26.7
12.4285576,13.98,620.1,0.892,2.22,669.0,47.26,13.2
47.4314857,4.511,172.8,0.014,8.83,1029.0,265.1,10.3
9.65188331,4.296,103.2,0.122,1.08,890.0,148.32,19.8
42.8774169,1.991,1068.8,0.02,2.67,451.0,9.8,14.8
0.693842661,1.6197,49.3,0.195,0.83,2161.0,5182.78,28.9
32.45541269,7.3736,136386.0,0.726,23.48,392.0,5.55,180.9
168.858303,12.964,119.1,0.0436,2.41,526.0,18.16,9.7
386.35444,9.594,129.6,0.705,1.43,287.0,1.6,10.9
153.521361,3.893,255.2,0.1485,3.09,493.0,13.99,5.7
3.21318517,15.47,2046.1,0.924,8.24,1710.0,2017.35,662.9
4.818863794,6.2625,65936.5,0.486,51.32,1595.0,1529.01,2048.7
2.49432176,2.3269,8043.0,0.069,8.91,1342.0,766.49,43.2
11.8045536,3.195,128.9,0.1533,0.94,660.0,44.76,7.0
5.61386908,5.07753,57385.6,1.07,34.24,714.0,61.43,1253.6
0.575925434,2.4676,137404.0,0.905,38.24,1834.0,2666.7,354.4
3.912679136,3.556,291510.0,23.127,1794.2,1018.0,253.12,1229.9
3.05933906,1.7332,1169.2,1.259,36.0,1434.0,999.16,37.7
385.593209,2.799,282.9,0.5548,2.37,311.0,2.2,5.6
10.8484518,2.9993,1675.6,0.21,2.34,499.0,14.66,64.5
3.71545593,2.558,331.7,0.327,1.46,1001.0,237.42,19.6
2.437029217,3.2005,244.0,0.014,2.04,1513.0,1237.66,49.0
282.9656538,21.4259,467860.0,0.426,71.61,280.0,1.45,1365.9
27.795762425,15.5056,420329.0,0.483,81.48,655.0,43.51,1969.5
133.460999,11.4997,5032.9,0.249,11.21,433.0,8.29,162.3
25.2630467,6.22,125.5,0.743,1.71,756.0,77.24,14.3
2.343230566,2.0424,246.5,0.047,1.18,1054.0,292.31,23.9
16.2480865,8.232,438.7,0.928,2.38,704.0,58.1,21.1
0.566807422,5.148,26.1,0.985,1.13,2680.0,12227.82,28.8
13.64617478,3.4098,633.0,0.115,2.06,678.0,49.89,43.4
0.838597429,1.68668,2482.1,1.274,44.67,2278.0,6353.25,303.7
6.73893544,2.813,601.3,0.043,1.44,579.0,26.64,24.2
22.735911,42.435,2311.0,0.665,5.07,643.0,40.32,69.4
4.408295716,3.62479,37964.0,1.159,35.68,942.0,186.23,386.1
17.4166143,2.445,314.2,0.489,1.84,723.0,64.73,13.1
16.579028045,7.803,37979.8,0.745,49.01,1062.0,300.36,813.6
1.89125855,5.415,67.9,0.677,0.81,1671.0,1839.74,24.8
3.26662733,2.056,59.9,0.623,0.68,1072.0,312.85,18.6
1.332568744,3.755,24.1,0.751,0.58,1941.0,3346.25,29.1
43.3167427,4.995,987.5,0.034,2.42,459.0,10.47,27.1
87.0912594,7.0,1129.1,0.845,2.95,321.0,2.52,41.8
2.007750531,2.0715,352.0,0.42,1.64,1319.0,716.79,21.8
18.47762694,1.94,2604.6,0.712,1.55,267.0,1.21,75.7
22.2941485,3.188,100.9,0.709,1.5,760.0,78.93,13.6
2.61854596,4.866,19.7,0.033,1.18,2008.0,3846.53,8.1
0.773595312,0.781,93.0,0.612,0.96,1976.0,3613.97,13.2
2.514628496,1.6239,228.4,0.247,1.27,1217.0,517.89,33.3
27.9541337,3.95,942.5,0.063,1.9,400.0,6.04,25.4
0.730947169,4.396,248.0,1.143,14.43,1777.0,2349.48,49.1
182.281992,8.828,509.3,0.2425,1.67,280.0,1.46,8.7
3.246732048,3.0535,6998.2,0.475,12.4,1459.0,1072.7,775.0
47.3329299,2.708,931.5,0.43,2.18,386.0,5.25,14.0
6.8833761,2.2702,458.4,0.075,1.69,857.0,127.67,28.1
3.340218842,1.9104,1632.6,0.466,2.03,656.0,43.73,71.6
1.85447373,2.665,306.8,0.514,1.33,1221.0,527.79,18.9
17.081202417,7.20617,134143.0,0.915,39.24,585.0,27.61,1524.8
6.104849417,4.6912,2090.3,0.041,3.18,784.0,89.25,293.7
4.617490562,2.2618,575.8,0.649,1.62,728.0,66.47,28.1
28.26727385,4.5839,1160.2,0.01,2.93,517.0,16.84,42.1
14.46993942,7.455,1235.3,1.027,85.84,1713.0,2033.61,41.9
185.9526325,3.5964,11106.9,1.264,50.98,343.0,3.28,147.3
9.8788502,2.951,454.7,0.732,2.64,1003.0,238.98,13.4
10.3108232,5.617,204.0,0.129,1.27,786.0,90.1,14.0
2.23755641,2.089,101.1,0.182,0.93,1397.0,897.8,7.3
4.5647147,13.395,99.3,0.647,1.04,1131.0,387.76,18.0
1.071911311,3.8559,9817.8,1.272,40.32,1809.0,2534.86,397.6
25.285232337,4.76313,63021.6,1.208,69.68,740.0,70.73,5902.4
21.02250608,4.1072,1772.5,0.036,3.07,521.0,17.48,62.4
2.52122764,2.249,127.3,0.298,0.91,1177.0,453.48,8.9
11.6601667,5.882,181.0,0.983,2.08,834.0,114.36,20.4
11.1199028,3.3759,636.3,0.72,2.08,649.0,42.07,100.3
137.665706,3.732,536.9,0.041,15.41,720.0,63.38,11.7
28.9869016,3.6233,471.6,0.842,2.7,637.0,38.82,31.5
9.66857386,2.4656,411.7,0.8,1.9,730.0,67.06,36.9
1.142946648,3.40234,412554.0,0.479,43.5,1293.0,660.96,1054.4
2.115498574,6.738,444.2,1.215,25.84,1432.0,995.26,45.4
3.04468229,5.951,71.4,0.623,0.86,1244.0,566.03,22.2
8.67890312,3.5317,540.6,0.203,2.56,905.0,158.43,37.4
4.45543346,5.116,245681.0,0.469,51.69,1106.0,354.27,508.6
24.5714867,29.96,506.4,0.978,3.04,637.0,39.0,31.1
36.292017,8.198,374.7,0.002,3.1,694.0,54.91,21.4
32.50456309,2.4657,7589.6,0.927,10.68,591.0,28.8,148.1
1.606003121,4.88602,402550.0,0.496,360.08,3359.0,30041.73,4679.3
494.165759,2.239,1440.0,0.41,4.5,265.0,1.17,7.4
1.546222068,7.998,49.4,0.503,0.77,1578.0,1465.41,56.6
13.8602646,74.26,481.1,1.204,19.71,690.0,53.56,72.3
369.28177,26.96,1017.7,1.297,34.25,250.0,0.93,13.0
0.720460644,1.7846,2111.5,1.272,37.33,2240.0,5954.82,117.2
5.795063956,3.2496,1692.9,0.949,4.33,950.0,192.74,119.4
37.9456138,4.093,1032.9,0.263,2.79,515.0,16.61,24.0
4.627775175,3.4079,5675.1,1.248,32.62,1039.0,275.68,197.5
5.2441517,9.69,90.1,0.557,0.91,1056.0,293.68,10.5
40.879068,6.562,499.2,0.988,3.35,533.0,19.12,12.2
12.0999065,3.558,165.5,0.14,1.39,807.0,100.37,15.1
25.321698729,4.45367,119590.0,0.954,56.62,655.0,43.39,673.3
1.487084251,1.3233,295.7,0.678,1.6,1462.0,1076.29,17.9
0.66062715,4.56,248.5,1.208,26.13,2327.0,6966.29,7.8
4.032762189,4.14212,119350.0,0.599,35.22,1173.0,447.97,1520.0
22.32423657,3.669,1299.3,0.965,4.56,611.0,32.87,29.9
4.38536428,2.5126,198.5,0.335,1.15,935.0,180.22,25.9
4.218512654,3.62939,23416.8,0.767,16.67,1189.0,472.03,699.9
7.549303633,2.3665,10222.9,1.253,34.45,794.0,93.96,177.0
8.65306587,4.486,1048.1,1.222,19.78,633.0,37.94,43.0
21.142458554,5.17846,73960.9,0.971,41.68,672.0,48.12,3830.9
125.86540191,9.0191,12389.5,0.101,12.37,394.0,5.71,544.7
12.4253812,19.781,115.3,0.1583,1.14,823.0,108.46,26.8
1.525924746,1.955,74.1,0.208,8.86,3786.0,48691.77,11.9
4.0223109,0.853,227.8,0.741,1.37,1017.0,253.28,11.0
41.74938613,5.6098,1055.4,0.226,2.94,486.0,13.22,95.0
0.941603153,1.1886,462.1,0.93,2.29,1608.0,1575.78,46.2
55.884827,2.283,497.6,0.752,2.11,438.0,8.7,7.7
2.4826619,2.115,37.0,0.731,0.8,1619.0,1627.36,10.0
10.5856758,4.911,178.7,0.474,1.49,912.0,163.41,8.1
0.61566096,2.669,13.9,0.161,0.84,3459.0,33790.36,8.5
6.575315881,4.3084,2793.3,0.39,5.31,1015.0,251.38,221.1
368.71479,16.46,1210.0,1.9265,91.06,236.0,0.73,10.9
7.047103499,3.3208,71318.0,1.047,51.86,955.0,196.62,274.9
119.686505,29.33,842.7,1.221,23.0,341.0,3.21,27.1
25.7626846,6.908,619.5,0.327,2.66,633.0,37.99,38.0
0.973160836,0.864,138.3,0.034,1.22,1932.0,3303.84,9.8
0.73095491,2.206,29.6,0.415,0.88,2711.0,12770.31,7.5
5.968724048,3.651,510.6,0.166,3.26,1251.0,579.9,107.1
0.449249224,4.7565,419437.0,0.494,95.83,2941.0,17801.78,1194.9
11.9216035,5.009,43.2,0.929,0.87,851.0,123.89,15.1
5.03257009,4.213,439.1,0.97,2.53,1047.0,283.49,26.3
25.0823402,6.423,244.6,0.865,2.26,776.0,85.76,30.5
1.752567456,5.4993,607.3,1.218,26.56,1502.0,1202.54,92.2
10.0046881,2.389,50.6,0.0164,1.9,1466.0,1091.58,8.3
8.48031302,5.988,107.0,0.765,2.74,1510.0,1229.56,20.2
3.45423296,2.965,149.8,0.893,0.95,743.0,71.74,10.2
24.2157996,4.359,322.2,0.207,1.58,596.0,29.84,13.6
365.620697,32.263,27188.0,0.4173,12.75,215.0,0.5,671.1
3.28931936,1.921,166.0,1.422,50.51,1364.0,818.01,11.1
374.80095,10.691,144.4,0.539,1.53,286.0,1.59,11.4
0.93370968,3.356,62.2,0.848,0.38,865.0,131.85,9.2
15.8733803,7.4672,4094.1,0.919,8.15,830.0,111.99,136.5
1.87337894,9.1328,5444.0,0.883,51.11,2925.0,17342.01,223.1
78.5461106,8.689,658.7,0.044,3.55,501.0,14.85,35.6
20.16037858,4.13,343.6,0.941,1.75,510.0,16.03,35.1
11.95401876,2.656,855.9,0.744,2.1,525.0,17.92,19.3
33.3856176,5.0361,553.2,0.562,2.48,580.0,26.73,37.1
253.87706,11.18,265.6,0.3892,1.81,334.0,2.95,5.7
264.63654,42.77,431.8,1.247,42.55,376.0,4.75,28.2
395.07333,7.844,645.1,0.013,230.33,1406.0,923.0,16.4
0.535578808,1.7973,193.6,1.225,33.97,2870.0,16161.27,38.3
350.81029,11.29,538.3,0.3892,2.86,282.0,1.51,15.1
23.20579353,4.3243,342.5,0.059,5.86,1002.0,238.21,46.9
0.553261874,0.8875,1038.1,1.246,97.36,3689.0,43709.08,202.2
2.559236603,1.6706,11273.0,1.251,37.66,1296.0,665.95,45.7
4.79176993,4.52,116.6,0.372,0.81,883.0,143.74,23.0
3.539631353,1.5372,1229.7,1.091,39.34,2214.0,5689.3,163.5
322.544807,11.236,88.0,0.0183,0.68,219.0,0.55,12.1
16.2276756,3.699,525.8,0.633,2.11,648.0,41.57,20.5
5.93725628,3.639,115.6,0.351,0.86,891.0,148.97,17.1
1.000012952,1.221,36.0,0.097,2.12,2858.0,15781.19,11.9
0.93376738,4.036,55.4,0.714,0.63,1678.0,1879.0,16.5
0.856895349,1.3078,82.2,0.554,0.82,1881.0,2960.82,33.1
2.11548883,4.008,169.5,0.505,1.29,1426.0,978.38,17.6
1.752562808,6.1245,368004.0,0.545,124.23,2018.0,3915.22,5494.6
3.6037011,2.994,16112.0,1.225,66.94,1464.0,1089.0,33.4
3.017155419,13.3898,1381.8,1.231,38.71,1486.0,1155.07,223.5
12.4246697,44.07,424.0,1.9583,168.91,1099.0,344.8,116.9
0.498434645,0.955,239.2,0.288,1.08,1676.0,1873.28,26.8
14.405857436,5.48509,30430.6,0.001,23.42,888.0,146.95,2294.1
38.505224,5.941,695.2,0.654,2.45,532.0,18.98,35.5
4.4444826,3.686,163.0,0.941,1.71,1217.0,518.45,18.0
16.3297527,6.271,1187.5,0.791,3.75,727.0,66.08,74.6
0.566717263,2.6079,18.5,0.606,0.43,2096.0,4581.82,11.1
21.120005744,2.05573,13054.3,0.986,31.2,880.0,141.75,443.9
2.78801663,17.354,14.0,0.796,0.91,2287.0,6451.74,21.8
36.7704935,4.42,1346.6,0.545,2.83,437.0,8.6,40.8
65.5327181,2.256,373.4,0.3023,1.79,437.0,8.61,5.9
43.56225858,3.6873,51325.0,1.295,80.02,624.0,35.83,163.6
52.56901867,6.7507,26900.0,1.197,78.54,737.0,69.62,184.3
2.525386934,3.71613,124878.0,0.934,67.24,1701.0,1982.55,1003.0
25.6721559,5.9629,387.1,0.867,2.68,683.0,51.47,78.4
27.04627886,2.666,900.8,0.962,3.54,636.0,38.62,48.8
17.279290765,5.07591,164308.0,0.496,27.66,556.0,22.63,2841.5
1.945914237,2.8712,9880.5,1.273,35.94,1417.0,955.56,299.2
7.13895376,4.568,254.2,1.199,49.96,1622.0,1635.0,32.9
19.5148412,3.096,102.7,0.742,2.8,1200.0,489.75,13.1
7.641567589,3.41018,2269.7,0.027,4.91,899.0,154.25,437.5
6.15560285,4.9843,285.0,0.235,2.32,1146.0,406.94,35.1
1.247121237,9.363,966.7,1.223,18.39,1237.0,552.82,92.1
37.910213899,3.11152,103474.0,0.963,29.45,358.0,3.89,1065.9
1.096583368,2.1188,308.5,0.421,1.35,1474.0,1119.9,44.3
13.17555999,6.6677,280.0,0.013,2.82,1009.0,244.58,48.8
16.621853404,3.91517,55296.7,0.58,22.32,719.0,63.3,1872.6
2.9322509,2.931,181.2,0.457,1.33,1312.0,700.81,13.1
1.333395306,1.188,114.5,0.151,0.86,1390.0,880.53,11.5
0.527673075,1.3693,26.1,0.134,0.42,1970.0,3535.35,2.3
1.77555333,14.41,83.5,0.9299,1.26,1786.0,2402.56,14.1
2.28607282,7.82,261.8,0.059,1.01,942.0,186.39,35.9
51.53997972,6.3994,3644.3,0.183,5.51,450.0,9.67,155.5
9.38740646,1.6165,384.6,0.946,1.69,575.0,25.83,22.3
34.1732156,4.7679,635.0,0.815,2.37,465.0,11.09,38.9
6.99510404,1.7556,71.8,0.77,216.92,7492.0,744614.96,6.3
2.43902575,1.1598,82.5,0.483,2.61,2307.0,6700.04,20.5
5.33905606,1.6415,755.5,0.02,1.9,817.0,105.25,28.9
12.33343853,6.221,536.4,0.979,4.12,915.0,165.3,31.7
0.888045184,2.1961,90.6,0.491,2.04,2870.0,15984.12,26.6
20.50588921,4.0595,2105.5,0.26,3.41,518.0,17.06,78.5
11.92979348,6.152,709.3,0.003,2.43,770.0,83.04,27.8
1.33258772,5.187,70.8,0.634,1.13,1825.0,2625.26,16.0
12.03987488,2.7363,1250.6,0.286,2.18,502.0,15.06,57.6
3.55646511,4.72,46.1,0.344,0.56,1076.0,317.0,7.8
6.63449721,22.982,919.1,1.246,85.25,1719.0,2067.13,160.1
23.836808884,6.02854,29684.7,1.008,59.31,919.0,168.28,2793.4
9.37663713,2.1033,118.4,0.828,1.89,1125.0,379.3,21.0
1.68189051,2.992,83.2,0.415,1.27,1790.0,2432.14,17.4
2.37795507,2.4329,4391.1,1.298,92.61,2965.0,18261.57,257.5
3.17463577,10.988,405.9,1.059,9.32,1296.0,667.65,83.1
54.432903,3.554,307.6,0.099,1.41,404.0,6.29,7.7
0.918510251,2.587,52.6,0.622,1.77,2795.0,14485.22,20.3
2.17814513,2.321,136.0,0.78,1.22,1428.0,981.63,13.8
371.51852,30.94,263.0,0.962,2.28,284.0,1.53,17.0
0.56680081,3.6116,127.7,0.004,1.02,2038.0,4065.92,71.5
36.514374043,6.48255,111620.0,0.133,33.27,546.0,21.08,1701.1
21.3781146,19.359,556.1,0.906,3.18,727.0,65.94,35.4
1.941635737,2.46683,69814.1,1.071,59.71,1728.0,2109.03,1243.7
16.1289679,6.271,389.0,0.968,2.94,715.0,61.87,21.3
0.596087893,0.7159,105.1,0.283,1.92,2967.0,18259.79,30.3
2.755637216,1.8559,536.7,0.717,1.37,757.0,77.57,99.8
366.28999,10.869,2568.0,0.654,68.39,666.0,46.47,11.9
1.039370613,1.0713,743.6,0.976,12.6,3320.0,28690.6,182.9
18.525917446,5.9056,455661.0,0.415,64.42,618.0,34.58,2246.9
0.691823991,5.965,165.9,0.3501,1.23,1878.0,2938.32,18.0
10.4212788,28.4832,148.0,1.151,36.9,1235.0,549.92,31.0
33.93373447,14.561,8503.7,0.812,7.34,430.0,8.11,236.1
1.097211085,1.6738,38946.0,1.145,16.07,740.0,71.01,83.5
10.573751447,1.7259,298.9,0.785,2.07,844.0,120.25,82.0
8.600099313,4.0077,2791.6,0.048,4.17,760.0,78.72,209.2
22.4098677,2.271,69.8,0.869,0.73,489.0,13.55,11.9
7.23400381,2.165,453.3,0.032,1.78,831.0,112.48,34.3
8.59000355,6.68,298.1,0.909,1.82,843.0,119.26,18.9
0.790046373,4.9939,149304.0,0.65,56.93,2541.0,9873.85,174.5
3.137845914,1.91,305.7,0.454,1.5,1041.0,277.64,30.8
72.4914068,3.612,1063.5,0.989,15.33,700.0,56.76,39.2
2.529073751,1.8827,1572.9,1.263,25.8,1137.0,395.83,73.4
5.02818253,3.526,181.3,0.3,2.03,1272.0,620.0,26.1
72.563291,3.088,332.3,0.4863,1.99,436.0,8.58,6.4
1.824649,4.2285,3218.5,0.901,5.31,1508.0,1222.28,184.3
3.28192056,2.917,191.0,0.223,1.6,1326.0,728.9,24.5
31.9714488,8.52,42.9,0.34,0.87,674.0,48.92,9.2
4.76559056,2.2,67.5,0.14,0.92,1167.0,439.42,15.2
0.566803149,1.643,246.0,0.822,1.93,2380.0,7612.11,52.6
495.71095,4.514,443.1,0.718,4.41,330.0,2.8,8.5
2.51690133,2.521,59.6,0.093,0.97,1430.0,986.6,10.0
135.428746,7.394,381.1,0.498,1.83,343.0,3.29,7.9
13.8452726,2.555,93.2,0.566,2.34,1276.0,626.93,10.4
96.9151707,6.065,862.8,0.541,2.37,325.0,2.64,53.4
180.890384,1.901,205.3,0.3417,2.47,480.0,12.58,5.8
5.262652179,2.85554,22650.6,0.96,35.99,1499.0,1191.71,2246.9
14.80075082,5.762,501.4,0.367,17.38,1912.0,3158.09,54.0
3.840485025,2.8592,31353.0,1.189,39.38,1077.0,318.66,259.4
5.79529495,2.272,334.3,0.714,1.05,534.0,19.23,14.8
7.05429483,1.716,359.3,0.48,1.0,497.0,14.46,11.2
0.532493086,2.145,19.9,0.558,1.87,4893.0,135046.96,8.9
31.51779463,7.634,357.6,0.561,2.72,663.0,45.68,63.2
2.18242002,4.103,69.7,0.721,0.7,1283.0,638.12,13.8
0.905672916,1.0,110.4,0.033,0.76,1468.0,1096.04,12.1
242.484764,6.451,361.7,0.1785,1.58,283.0,1.51,7.6
42.3991752,7.251,484.0,0.965,3.23,580.0,26.75,36.9
0.872359598,3.74512,267053.0,0.686,67.08,2112.0,4703.58,1063.2
1.077358008,3.6713,311051.0,0.619,70.64,1925.0,3242.53,537.4
350.609298,1.621,369.5,0.0409,3.88,405.0,6.37,3.6
8.40693068,1.866,167.1,0.015,1.95,1048.0,285.67,6.8
22.77194512,10.1995,30246.0,1.263,251.93,1254.0,584.54,208.6
0.51811818,0.3969,99.0,0.021,1.09,2360.0,7376.27,7.8
9.549277089,1.5832,1826.9,0.068,1.57,374.0,4.62,112.2
15.74958583,4.6672,659.5,0.637,2.77,777.0,86.18,42.6
14.4252635,3.754,221.2,0.013,1.68,773.0,84.28,15.2
12.4227918,27.29,202.6,0.979,1.44,634.0,38.29,15.5
10.28194593,3.4366,1110.7,0.168,2.53,680.0,50.6,55.0
177.668663,9.298,901.4,0.772,2.32,233.0,0.7,12.7
4.702495974,2.3421,4787.3,1.303,37.24,981.0,219.08,101.1
0.933746515,6.6522,2936.6,1.262,25.54,1508.0,1222.25,549.5
8.12999858,2.1492,148.0,0.896,2.04,1041.0,277.89,26.1
4.252082243,2.7543,8290.5,1.268,33.14,1064.0,303.48,254.8
71.3116598,8.813,2138.0,0.035,4.94,475.0,12.01,43.4
1.608363345,2.1988,96134.0,0.608,19.36,1133.0,390.1,312.3
1.574063832,5.6357,1118.1,1.237,28.63,1619.0,1622.84,145.3
2.20923119,2.392,59.8,0.11,0.84,1507.0,1217.79,14.3
2.15839583,8.09,352.2,1.178,14.28,1103.0,350.53,38.9
0.54624855,2.0543,639.7,1.215,18.93,1837.0,2677.36,42.9
2.086076372,2.4032,58858.0,13.376,1543.74,1645.0,1728.2,159.3
142.545,8.75,905.4,0.015,2.52,318.0,2.42,13.7
64.713168094,5.69869,312970.0,0.573,62.03,482.0,12.8,3582.5
0.75499096,2.485,215.8,0.322,1.39,1949.0,3403.34,9.9
583.73632,15.75,338.6,0.126,2.65,266.0,1.19,11.4
37.32483952,6.9676,4989.2,1.263,30.32,461.0,10.67,155.6
61.438007,3.861,253.0,0.754,14.79,1020.0,255.93,9.0
4.347288783,2.1024,451.6,0.025,2.36,1174.0,449.79,39.7
18.20795835,3.7965,1596.9,0.64,3.08,551.0,21.86,157.3
7.41505161,2.061,937.0,0.979,91.09,2815.0,14853.21,18.3
14.20442616,3.898,800.6,0.011,1.9,602.0,31.1,26.7
4.95060632,1.719,309.5,0.458,1.28,885.0,145.23,17.4
5.398752862,3.4303,346.5,0.015,2.21,1140.0,398.33,289.6
11.44865823,4.953,75.2,0.824,1.32,975.0,213.39,21.9
514.14221,4.153,1491.0,0.1024,2.98,198.0,0.36,5.8
227.6625222,5.5072,13894.8,1.25,44.24,319.0,2.46,227.5
3.173914037,3.6069,303.0,0.819,3.07,1655.0,1769.83,76.1
5.093938816,3.93144,25026.7,0.618,17.19,1137.0,395.38,1131.7
16.8282542,39.098,655.3,0.7071,2.66,668.0,46.95,78.3
105.3035093,6.214,1362.2,0.027,3.18,351.0,3.58,40.6
22.57494749,36.756,1344.1,1.271,49.49,860.0,129.25,302.6
63.68192888,12.6047,341717.0,0.583,71.45,486.0,13.15,963.5
2.03387483,3.097,73.6,0.238,1.6,1789.0,2422.92,15.7
1.33259003,3.962,11.9,0.454,0.69,2909.0,16962.04,7.4
5.88527364,1.9531,112.7,0.622,1.59,1253.0,583.47,27.4
62.9224936,11.64,417.8,0.928,2.75,462.0,10.73,28.7
6.45442931,2.6772,586.1,0.749,2.48,999.0,234.98,45.3
13.82142084,3.985,765.2,0.904,2.2,560.0,23.15,75.3
20.7057153,9.678,115.9,0.922,3.22,967.0,206.73,13.5
0.952378454,3.892,43.8,0.996,1.46,2528.0,9651.76,17.4
1.6749812,2.707,94.0,0.382,79.51,8986.0,1540745.8,8.9
2.237489571,1.8119,315.8,0.128,1.41,1160.0,427.17,30.7
0.873227249,0.7948,221.8,0.14,1.68,2152.0,5053.02,21.9
538.4263,12.751,242.0,0.3917,3.2,322.0,2.53,16.2
120.58167178,8.2904,192896.0,0.845,41.71,291.0,1.7,1184.8
3.126861192,1.1926,794.6,0.603,5.12,1391.0,886.72,94.6
0.855294909,2.89112,6771.6,1.269,49.03,2137.0,4916.23,870.3
5.91037674,3.421,256.9,0.123,1.38,937.0,182.47,34.5
1.759276227,3.19585,32091.2,1.026,40.79,1861.0,2828.82,2857.7
82.5341188,4.8556,1895.4,0.033,2.45,260.0,1.08,40.1
0.562498925,0.6743,420.1,0.971,2.88,2129.0,4880.5,44.1
4.350413063,1.7694,192.5,0.549,1.26,1088.0,331.98,37.8
10.4032399,23.85,1056.2,1.296,51.47,1104.0,350.59,272.8
2.87066026,1.541,450.8,0.286,1.72,1196.0,484.17,13.2
1.204529346,1.62,86.9,0.383,1.4,1968.0,3561.16,11.1
12.90235874,2.446,354.4,0.382,1.49,675.0,48.99,15.7
2.361724472,1.2167,587.0,0.009,1.53,922.0,170.59,34.6
87.24250316,4.1206,17860.5,0.884,15.86,390.0,5.49,335.2
208.86909724,4.5707,21306.7,1.056,29.95,316.0,2.34,413.8
1.613014741,4.39594,152120.0,0.882,157.33,3145.0,23173.2,1096.1
0.664727127,1.561,16.2,0.382,0.46,2343.0,7149.67,7.6
70.58284717,8.81169,150931.0,0.882,50.88,435.0,8.45,2424.0
4.99471597,3.44,53.0,0.698,2.2,1861.0,2836.06,14.1
0.643007769,0.69,68.1,0.012,0.35,1070.0,311.13,10.3
11.46347165,2.599,1048.6,0.103,3.0,752.0,75.57,56.5
8.70420525,2.9385,1074.9,0.5,2.86,748.0,74.13,74.0
3.54828691,3.281,70.9,0.036,1.69,1795.0,2458.09,9.9
9.286358079,3.49949,44791.4,0.377,17.61,796.0,95.03,1671.1
0.849906734,1.141,124.3,0.64,0.59,1139.0,396.64,12.0
15.9750417,3.549,643.5,1.211,90.37,1143.0,403.2,37.5
2.645596805,2.9095,1272.7,1.239,167.05,2452.0,8539.63,166.8
1.23708565,5.743,803.8,1.222,36.31,2174.0,5293.07,55.3
4.17363793,2.738,49.7,0.597,2.52,2197.0,5511.8,10.5
19.58561177,1.755,532.9,0.964,3.09,666.0,46.51,27.1
25.5172744,4.735,66.8,0.322,0.83,615.0,33.91,13.5
16.06864674,3.5347,4914.3,0.052,5.76,600.0,30.75,161.9
1.241483276,2.195,141.0,1.227,27.25,1847.0,2761.35,32.0
391.420272,3.84,236.7,0.797,1.61,256.0,1.01,10.3
58.621578824,8.52961,142951.0,0.896,40.43,385.0,5.19,1887.7
9.761172507,11.4007,205866.0,0.343,95.58,1325.0,729.48,3150.9
2.45649061,2.844,287.8,0.167,14.14,3440.0,33039.62,21.0
0.56679641,2.324,26.7,0.322,0.46,1940.0,3349.38,14.1
14.665759784,3.65814,336981.0,0.576,67.17,712.0,60.89,1143.6
21.22261195,6.5093,366.0,0.02,2.48,771.0,83.56,114.9
119.67747,32.274,3254.1,1.283,36.8,379.0,4.9,52.0
5.660274452,0.9077,414.1,1.092,11.02,950.0,192.77,26.4
0.566801045,1.7499,188.3,0.628,1.42,2348.0,7209.06,34.9
0.56678012,3.257,27.6,0.492,0.49,2073.0,4352.1,13.5
2.38793696,17.302,114.3,1.193,25.56,1674.0,1860.02,41.7
6.39903778,3.15,186.6,0.241,6.54,1780.0,2376.4,24.1
5.99185827,1.7215,186.3,0.905,2.75,1355.0,796.76,32.1
0.566807725,2.16,31.5,0.155,0.94,2524.0,9645.51,12.3
2.61585431,6.519,169.8,0.577,1.28,1358.0,803.03,26.9
3.55650737,8.545,293.6,0.01,3.05,1405.0,918.25,77.1
40.0686713,5.8875,970.9,0.029,3.1,560.0,23.27,62.0
9.08233411,2.008,296.9,0.262,1.35,734.0,68.75,15.8
66.373298,8.559,415.0,0.021,1.99,471.0,11.59,13.7
1.540396094,2.8044,55123.0,1.093,48.81,1576.0,1455.18,340.4
0.942997994,1.1658,539.2,0.153,1.56,1283.0,639.03,29.2
17.9776037,4.605,213.9,0.721,1.58,752.0,75.61,23.3
59.9809868,7.588,282.4,0.918,2.81,568.0,24.58,25.2
3.187067566,3.119,1037.4,1.234,23.88,1079.0,319.76,37.2
2.080431782,7.4997,894203.0,0.771,345.7,2719.0,12956.98,1585.2
39.3135699,5.0137,500.1,0.006,2.07,540.0,20.04,33.8
4.132521615,12.4949,156249.0,0.877,93.1,1628.0,1660.29,440.0
8.77514782,3.176,351.9,0.504,1.91,837.0,115.84,12.7
5.8660127,3.985,183.0,0.539,1.45,1064.0,302.77,16.8
3.735993484,17.4877,617987.0,0.993,571.07,2063.0,4283.18,1587.7
8.48031229,7.105,351.1,0.951,2.58,952.0,193.86,37.3
30.69533113,5.94855,88771.2,1.041,69.4,737.0,69.65,7846.3
103.4269873,5.03,950.1,0.013,3.16,416.0,7.08,17.8
1.23142395,2.186,19.6,0.187,0.77,2317.0,6786.33,10.8
73.7578875,2.69,1836.9,0.714,4.28,375.0,4.66,20.2
12.2854718,2.996,1617.1,0.291,2.21,434.0,8.39,23.8
2.43142974,2.713,146.6,0.2234,1.17,1378.0,852.0,10.7
38.49536985,12.8716,93327.0,1.013,124.34,824.0,109.13,201.9
6.89226333,2.4921,214.4,0.061,2.13,1156.0,422.14,22.4
54.4183827,4.507,874.8,0.586,2.83,443.0,9.11,25.8
6.230335,1.6493,1449.2,0.808,3.7,875.0,138.33,31.6
4.0551242,12.0,148.7,0.008,3.13,2013.0,3887.31,9.3
69.3788597,3.807,530.4,0.539,2.07,421.0,7.4,16.8
17.20522898,3.6688,1080.6,0.012,2.22,553.0,22.05,75.7
9.48965527,3.587,262.2,0.795,2.16,926.0,173.79,42.5
0.629001455,1.263,14.7,0.365,0.81,3375.0,30567.67,9.4
22.08551599,2.1727,3157.4,0.656,3.34,352.0,3.63,48.5
0.566805268,3.721,35.7,0.069,0.65,2492.0,9052.02,12.5
8.00579096,3.0549,629.7,0.092,2.36,956.0,197.06,69.2
8.97349999,3.1408,935.1,0.56,36.0,2262.0,6178.9,44.1
51.3011844,5.359,498.9,0.003,2.07,492.0,13.86,19.6
4.426942241,1.6116,2896.6,0.951,5.43,958.0,199.4,68.9
0.692693892,1.2804,1433.7,1.265,32.44,2050.0,4160.84,146.7
100.2830675,10.8636,351.2,0.535,2.51,475.0,12.07,81.9
3.9043425,3.831,16228.4,0.709,12.28,1104.0,351.05,323.4
0.764174368,2.346,100.2,0.626,1.18,2241.0,5972.52,34.5
100.8276725,8.39,1778.8,0.676,4.35,364.0,4.16,36.7
5.71462396,2.336,297.8,0.503,1.78,971.0,210.16,16.7
6.30828538,2.48633,113526.0,0.69,29.34,803.0,98.21,559.2
1.827558898,4.72808,314683.0,0.093,118.28,2178.0,5331.71,920.8
2.992704682,1.2585,361.1,0.647,7.86,2328.0,6932.19,39.9
0.89627093,2.2033,66994.0,1.062,43.47,1733.0,2129.33,152.9
2.940304817,2.7226,472.4,0.825,2.59,1256.0,588.66,51.8
7.9426176,6.703,1590.7,0.942,4.68,878.0,140.57,60.4
383.10017,8.8,579.4,0.1365,2.18,248.0,0.9,10.0
269.331027,4.891,515.7,0.679,2.54,304.0,2.02,7.9
0.986785834,1.1879,450.0,0.026,1.19,1054.0,292.35,51.5
5.32784157,4.696,87.2,0.116,0.86,1023.0,259.32,15.9
110.2867031,4.427,145.3,0.675,1.41,414.0,6.96,16.4
35.8007112,8.219,417.4,0.043,7.97,991.0,227.68,25.0
1.442592305,2.9698,166.0,0.207,2.67,2700.0,12557.23,27.1
18.0766788,3.06,28831.0,0.822,19.47,694.0,54.73,26.6
2.507089906,2.0067,1339.2,1.255,30.26,1326.0,730.47,64.9
0.739761008,7.589,292.1,1.2359,9.67,839.0,117.05,34.7
5.841636615,1.8734,1336.3,0.026,1.38,446.0,9.38,41.1
0.677761275,3.7085,877.9,1.205,22.15,1906.0,3136.01,120.8
9.48803557,2.9575,615.8,0.146,2.26,793.0,93.59,35.8
2.427967843,4.7847,126975.0,0.954,108.33,2275.0,6328.22,472.8
19.97867,10.168,944.3,0.923,6.85,1351.0,788.02,86.2
5.62006198,2.751,190.1,0.969,1.45,772.0,84.01,17.4
12.4297161,15.078,192.7,0.293,1.26,742.0,71.78,13.3
2.881338104,3.5943,2533.7,1.271,31.58,1206.0,501.88,111.3
374.51648,6.088,907419.0,0.0139,73.1,220.0,0.55,105.8
31.7821117,3.856,570.2,0.17,2.08,528.0,18.32,21.6
5.924993927,2.8874,1608.1,0.848,3.15,758.0,77.91,68.5
122.0804953,4.054,799.9,0.957,2.92,297.0,1.83,23.3
41.6977582,5.513,684.8,0.018,2.26,488.0,13.45,27.7
4.88753111,2.034,679.6,0.147,2.45,1003.0,239.11,17.4
9.286964466,3.3649,691.7,0.004,2.1,762.0,79.68,251.9
5.1443645,2.703,310.7,0.031,1.55,923.0,171.63,20.2
3.709214104,2.6302,131.1,0.051,1.16,1206.0,500.46,50.6
21.34736612,4.184,630.5,0.885,3.2,648.0,41.65,53.1
8.30537702,3.751,365.6,0.489,1.69,809.0,101.43,28.5
1.878156188,2.058,787.5,0.959,2.51,1141.0,400.37,38.4
1.224866441,1.7086,196.0,0.286,1.54,1741.0,2174.33,21.1
7.03380109,6.4185,138.5,0.861,2.61,1320.0,718.45,46.7
13.26079792,3.912,199.4,0.22,1.47,760.0,78.79,17.6
5.70940795,1.622,586.7,0.751,1.51,644.0,40.66,20.2
373.72257,14.21,470.9,1.5922,67.13,262.0,1.11,9.6
1.28805834,3.419,92.6,0.214,1.08,1736.0,2142.23,28.1
0.623393802,1.40392,30192.2,1.137,28.21,1379.0,849.08,867.8
2.897436854,3.2833,289807.0,0.642,64.69,1277.0,627.44,274.2
36.1904638,1.919,263.3,0.2147,1.69,592.0,29.08,6.8
36.33750453,7.06,2828.4,0.825,5.3,513.0,16.36,96.8
9.17858526,2.1945,796.5,0.582,2.3,753.0,76.14,50.6
61.42252657,3.76585,337545.0,0.574,41.01,326.0,2.66,850.4
31.97280045,4.9,2236.4,0.935,5.88,626.0,36.33,44.8
4.180048081,2.4479,1765.6,0.047,3.44,957.0,197.81,124.3
280.476576,32.24,651.2,0.974,3.16,268.0,1.22,38.7
0.64234875,1.3699,103.7,0.627,2.78,3813.0,49846.45,61.3
0.566786121,3.404,81.8,0.591,0.79,1984.0,3678.65,14.0
528.50344,6.394,133.8,0.0094,2.2,354.0,3.73,11.7
18.5010898,3.179,421.1,0.719,1.62,555.0,22.4,14.7
3.7847507,2.924,33.5,0.021,0.7,1311.0,699.15,12.2
1.50650036,2.762,45.4,0.684,0.81,1809.0,2520.53,15.0
1.207852845,3.5802,49720.0,1.113,38.59,1539.0,1331.31,205.9
11.34934848,3.1101,1249.8,0.398,2.39,610.0,32.75,41.7
349.03703,4.76,777.0,0.1215,2.27,231.0,0.67,11.6
10.8644095,1.853,748.7,0.763,1.14,363.0,4.09,16.8
58.601926,5.522,396.4,0.392,2.06,508.0,15.8,19.1
7.97420583,5.3503,293.1,0.128,1.85,974.0,212.75,55.1
44.8520997,3.5729,780.8,0.807,3.35,513.0,16.35,33.0
33.693201537,7.44219,508772.0,0.379,68.86,518.0,17.07,1618.4
199.3113,6.43,383.6,0.689,1.64,278.0,1.42,6.5
12.7983174,6.401,336.6,0.738,2.88,908.0,160.33,38.2
249.36211832,8.3559,35830.4,1.17,48.69,308.0,2.14,846.1
572.376632,24.42,1743.4,0.712,5.8,264.0,1.15,78.6
58.36205791,6.3363,5374.7,0.402,7.02,446.0,9.33,286.6
0.475068516,0.8552,110.1,0.412,1.03,2372.0,7444.39,21.4
0.614083885,0.9817,389.5,0.106,2.55,2603.0,10827.22,36.4
62.5613879,5.907,1372.6,0.842,3.54,417.0,7.13,35.0
246.87131,10.69,433.6,0.327,2.02,302.0,1.97,6.9
5.36375016,2.94,114.3,0.008,1.15,1059.0,296.73,14.4
15.17026921,4.3311,224.8,0.917,2.47,905.0,158.23,45.4
65.6480892,5.746,588.7,0.949,3.93,485.0,13.04,22.0
8.09695764,3.319,283.5,1.165,34.0,1197.0,484.58,35.4
7.42608123,3.6379,443.3,0.097,2.47,1037.0,273.78,37.5
368.11581,13.52,476.2,0.0125,2.11,263.0,1.12,11.2
23.65369415,8.2183,3341.8,0.008,7.89,731.0,67.65,266.3
1.854491777,5.14771,383431.0,0.285,63.08,1511.0,1232.64,1070.6
0.299697755,0.8473,346.9,0.964,2.03,2246.0,6005.79,53.6
0.805259257,1.42246,1384.3,1.245,63.55,2723.0,12990.09,329.7
0.638697833,5.1609,141454.0,1.757,162.15,2464.0,8720.57,206.3
2.053341891,2.596,65.5,0.966,1.44,1737.0,2154.14,23.2
4.26374378,2.2725,182.0,0.368,1.28,1179.0,457.15,23.8
0.799868354,6.613,4928.8,1.274,34.7,1816.0,2581.61,251.4
4.20601251,6.82,106.7,0.304,0.82,1004.0,239.82,10.7
6.17998508,2.1094,750.5,0.175,2.12,814.0,104.06,29.0
5.59727625,1.659,200.8,0.403,1.26,975.0,213.15,15.3
6.35216475,3.251,185.7,0.196,18.1,2698.0,12523.45,10.9
132.778041,5.624,9036.0,0.735,10.38,357.0,3.83,10.6
5.48990788,4.02,598.9,1.199,23.6,1039.0,275.65,36.7
66.46746217,19.6638,12643.7,0.116,11.97,466.0,11.18,1049.3
2.61846258,3.505,275.3,0.013,1.03,843.0,119.68,18.7
7.7333361,2.807,126.9,0.084,0.57,479.0,12.41,9.3
0.77359329,1.7603,80.6,0.388,0.82,1890.0,3022.82,21.7
18.79591276,7.5235,2431.4,0.695,7.39,852.0,124.64,282.3
16.08518937,3.984,1442.4,0.867,3.68,613.0,33.43,62.6
6.6513189,2.135,1058.4,0.064,4.81,1095.0,340.06,15.3
42.89645024,5.6897,555.3,0.007,2.0,448.0,9.54,66.8
20.5452375,2.517,218.5,0.95,2.41,742.0,71.57,18.5
1.646801683,1.1966,284.2,0.129,0.86,806.0,99.8,25.2
9.41475056,4.736,483.4,1.148,19.33,962.0,202.58,55.2
2.050435466,8.0122,7765.3,1.275,34.84,1278.0,629.98,445.8
4.59489816,3.1381,109.7,0.953,1.85,1319.0,716.65,27.7
15.65129028,6.7631,398641.0,0.507,78.3,792.0,93.1,359.7
1.54945486,6.698,21.8,0.228,1.34,3006.0,19304.93,20.9
0.559517155,0.596,57.9,0.328,1.04,2762.0,13839.66,12.7
70.6981724,6.632,357.7,0.026,1.63,417.0,7.11,37.7
4.27226421,2.113,48.9,0.744,0.64,981.0,218.63,13.7
25.431861399,5.23771,46564.7,1.126,43.42,601.0,30.92,785.0
22.8030252,4.768,62.9,0.291,1.29,843.0,119.6,20.4
6.30922043,1.3251,691.2,0.118,1.37,606.0,31.73,22.5
0.913244995,0.4931,47.8,0.286,0.77,1967.0,3541.46,10.2
244.83274973,4.37001,40206.0,1.047,38.3,307.0,2.09,733.5
1.922009494,3.101,6547.8,1.312,48.61,1596.0,1534.66,284.4
393.34331,9.481,1750.0,0.2607,2.27,140.0,0.09,21.2
3.036208739,0.9324,1820.5,0.111,1.4,520.0,17.31,26.0
4.4158933,1.155,191.1,0.1672,1.42,1138.0,395.82,5.8
2.173552528,1.6107,3026.0,1.297,23.51,1025.0,260.75,35.9
6.44173995,1.635,107.7,0.3252,1.41,1175.0,451.14,10.5
1.465943491,1.513,52.3,0.211,1.6,2472.0,8804.6,15.8
96.6781852,5.6957,951.3,0.336,3.29,392.0,5.55,44.7
25.9518795,21.569,1312.3,1.259,35.1,645.0,41.0,63.7
49.312677,4.057,1713.0,0.5998,2.84,342.0,3.22,6.6
1.780984316,2.173,590.9,0.782,2.33,1397.0,899.03,46.0
36.3192885,2.601,400.2,0.571,25.43,1410.0,933.26,8.6
1.105094098,4.38191,730498.0,0.161,267.59,3771.0,47811.67,3732.8
390.40832,7.916,251.9,0.0407,0.63,115.0,0.04,8.5
331.81534,10.56,370.3,0.1599,1.84,267.0,1.2,7.8
55.249007325,5.15147,205671.0,0.785,60.79,496.0,14.25,3452.5
6.42199919,2.6192,161.6,0.281,1.25,1000.0,236.21,25.4
12.12580644,3.289,327.5,0.805,2.5,851.0,123.78,14.0
1.85373924,1.816,348.6,0.551,0.23,345.0,3.36,18.0
12.81590421,6.3856,220.5,0.58,2.26,939.0,183.68,106.7
0.604358764,1.0423,38731.0,1.197,23.28,997.0,235.63,236.8
1.541676547,1.9118,296.5,0.362,1.88,1592.0,1517.84,94.1
0.93369659,4.444,81.4,0.57,0.78,1680.0,1891.43,10.8
6.365839713,2.9721,780.7,0.524,2.44,914.0,165.33,70.8
3.18899015,2.722,66.2,0.526,0.98,1309.0,693.65,18.4
432.074696,4.763,1088.0,0.1559,2.39,193.0,0.32,7.6
10.819169459,5.50262,437142.0,0.275,67.76,850.0,123.51,5258.2
23.3924063,3.416,62.3,0.3153,0.84,701.0,57.23,8.1
0.312941621,2.0646,35262.0,1.1789,58.02,3151.0,23300.36,413.9
1.378649746,1.2232,22462.0,0.099,6.51,734.0,68.34,172.2
0.998212785,2.489,118.8,0.436,1.1,1888.0,2998.77,18.8
2.521265,2.69,36.5,0.463,1.16,2049.0,4175.66,5.9
370.91308,17.655,270.3,0.3443,1.74,266.0,1.18,17.5
3.388012244,2.6849,280.1,0.433,2.11,1315.0,705.93,30.6
6.76652928,2.9004,450.7,0.429,1.97,845.0,120.48,29.2
4.79860021,3.0384,817.4,0.594,2.51,978.0,216.54,88.1
2.50475282,2.376,181.1,0.13,1.48,1369.0,828.59,18.9
0.916142298,1.1555,98.5,0.232,0.6,1212.0,507.47,23.0
10.9110487,7.033,401.9,0.9761,2.36,786.0,90.07,28.3
7.19680984,1.683,50.5,0.27,1.2,1275.0,625.53,10.0
6.88341278,2.0674,487.4,0.083,2.63,1080.0,321.63,35.4
7.30497811,4.5414,10930.0,0.932,10.86,760.0,78.87,69.6
6.814984472,3.05409,23915.3,0.793,14.18,836.0,115.58,742.2
0.515875396,1.21,1773.0,0.95,7.22,3189.0,24441.1,9.1
7.41683033,7.274,72.6,0.873,3.36,1425.0,973.85,20.6
31.0325991,3.476,737.4,0.611,2.64,561.0,23.41,17.6
5.1117547,3.281,267.8,0.962,2.81,1351.0,788.0,12.1
0.734426335,2.7415,99056.0,0.971,51.42,2106.0,4660.36,429.7
55.3291399,6.918,325.7,0.209,1.67,436.0,8.55,21.8
73.9239955,1.699,634.0,0.2907,1.64,325.0,2.64,6.1
28.507877538,3.13331,24372.3,1.025,27.79,613.0,33.32,449.0
41.81145,2.208,302.0,0.0121,1.4,483.0,12.88,5.9
8.874603,2.88,93.3,0.1897,1.24,1070.0,309.5,5.4
2.113202658,3.5234,2104.8,3.178,207.71,1281.0,635.47,97.2
1.714414962,5.17207,110132.0,1.181,116.92,2042.0,4099.19,6485.8
0.64585177,1.97644,308504.0,1.138,51.1,1234.0,543.24,808.3
6.096030635,18.4531,901661.0,0.642,406.97,1925.0,3246.2,4885.3
28.615014,24.74,70.5,0.505,1.69,783.0,88.66,13.5
7.140373046,7.07032,205256.0,0.309,61.56,1132.0,388.56,3250.0
374.318792,5.96,1541400.0,0.8507,243.21,241.0,0.79,10.3
0.567856484,1.0258,334.8,0.324,1.55,1848.0,2760.23,53.8
10.27532513,6.3093,209.7,0.315,3.04,1211.0,508.21,99.5
9.940666412,3.9092,520.2,0.02,2.87,996.0,233.04,161.4
324.18028,18.15,87.9,0.733,2.2,382.0,5.01,10.9
1.801863222,7.2492,262582.0,0.681,145.36,2721.0,12930.1,463.4
20.000242814,5.0042,13137.9,1.004,21.57,746.0,73.09,796.5
213.3990406,6.5043,13929.5,0.981,35.2,468.0,11.32,370.9
34.5439452,3.482,429.8,0.87,2.67,607.0,32.02,23.4
0.829019343,4.8401,278264.0,0.72,90.08,2492.0,9089.67,631.1
1.620813697,5.9968,121323.0,0.636,43.95,1733.0,2127.67,680.4
63.3354719,3.651,983.0,0.029,1.18,202.0,0.39,13.0
17.177328207,7.6702,24419.2,0.267,15.29,720.0,63.7,1357.5
13.639480425,3.12422,81103.0,1.033,44.0,680.0,50.51,664.1
3.60727417,14.0841,841897.0,0.463,221.55,1833.0,2671.63,710.9
4.04355245,1.965,416.2,0.984,1.75,613.0,33.34,21.2
49.6456235,23.568,857.5,1.236,43.41,648.0,41.57,176.5
0.373684977,0.9621,456.8,0.86,2.25,2490.0,9009.0,53.8
7.46718958,3.633,75.7,0.486,1.04,1035.0,271.25,18.8
40.1015561,5.246,550.0,0.868,2.92,583.0,27.31,19.0
1.21607873,4.686,29.4,0.991,1.92,2803.0,14545.24,11.2
1.288046428,3.637,32.3,0.219,2.18,2945.0,17822.99,20.3
15.99560373,3.471,221.7,0.088,1.04,550.0,21.54,20.0
1.50650745,2.622,27.8,0.677,1.13,2498.0,9242.43,14.4
12.71809866,3.0957,1149.4,0.427,2.31,562.0,23.6,52.7
0.70914232,1.936,2560.0,1.0094,7.27,1685.0,1903.76,2.6
9.51220046,2.9497,1169.4,0.133,1.99,530.0,18.66,31.9
33.4698571,4.749,370.7,0.876,2.45,609.0,32.52,23.2
2.30367952,3.0898,136.4,0.964,1.3,1384.0,866.21,18.9
0.929906166,1.743,108.7,0.102,1.48,2291.0,6514.57,79.7
370.50684,12.132,418.6,0.0647,2.06,277.0,1.39,8.8
5.5834987,2.484,87.4,0.7862,1.41,1317.0,711.41,11.8
262.477098,5.816,1016.0,0.0753,1.92,178.0,0.24,9.7
235.2976173,87.013,23052.8,0.2758,82.92,585.0,27.65,210.7
6.64024496,6.03491,224329.0,0.756,74.4,1114.0,364.44,2941.0
175.329014,6.269,1059.1,1.231,27.03,327.0,2.69,16.7
37.8154157,4.662,286.4,0.533,1.21,401.0,6.09,22.4
37.6468519,6.344,427.4,0.008,5.37,787.0,90.85,31.0
41.8854433,6.763,687.4,0.917,3.28,540.0,20.05,47.0
2.41172358,2.6311,3364.7,1.281,50.53,1706.0,1997.33,108.6
1.8789138,4.279,30.2,0.536,1.9,3330.0,29112.69,17.8
480.19416,10.76,372.3,0.1548,1.79,235.0,0.72,9.1
8.42943991,2.441,89.1,0.82,1.19,1029.0,265.39,19.7
41.16676097,2.2133,5386.3,1.093,17.82,446.0,9.35,185.2
367.72767,3.104,926.0,0.2729,1.96,184.0,0.27,5.8
4.159816554,1.6261,160.3,0.676,0.86,759.0,78.4,35.6
253.652263,3.85,26456.0,20.7849,1169.79,159.0,0.15,59.9
33.0257179,6.032,507.1,0.044,2.21,564.0,23.95,12.2
9.75192101,4.793,418.0,0.949,2.76,870.0,135.66,28.5
3.117087797,3.06941,12152.1,1.255,88.51,1842.0,2725.12,441.7
22.845241036,5.3007,45676.5,0.617,30.35,762.0,79.78,3845.4
0.756511623,2.81832,41596.1,1.216,77.4,2549.0,9947.96,845.0
25.95193721,15.9897,399167.0,0.51,123.34,904.0,157.59,915.3
2.442945167,4.0145,677.9,1.217,38.29,1587.0,1499.89,102.8
371.63327,14.92,107.0,0.8185,1.83,316.0,2.36,15.2
7.41634701,2.1362,505.5,0.476,1.24,547.0,21.1,20.6
19.76169247,3.9097,392.5,0.924,2.81,791.0,92.38,35.3
7.5143967,4.865,36.3,0.399,0.96,1199.0,488.52,9.8
10.10575764,2.0138,116.8,0.828,1.28,892.0,149.4,19.9
41.8681996,5.783,150.7,0.923,1.25,492.0,13.89,12.5
14.36270451,4.564,349.4,0.272,2.31,918.0,167.88,26.8
344.06248,15.6,136.3,0.935,5.26,589.0,28.42,17.7
0.706423768,1.0597,46.1,0.71,1.16,2845.0,15425.08,15.9
2.38404983,3.2849,312732.0,0.611,66.14,1363.0,815.42,195.3
406.29695,5.32,136.5,0.4038,1.85,315.0,2.31,10.7
20.726069913,6.47393,118864.0,0.989,51.9,657.0,43.93,1216.8
13.9093544,6.765,86.8,0.132,1.33,928.0,175.14,15.6
0.566813319,3.752,129.1,1.196,23.19,2313.0,6742.52,17.0
6.0959841,10.39,112.7,0.657,0.99,988.0,225.07,29.2
1.703359172,1.914,57.6,0.152,0.69,1525.0,1284.58,13.9
1.499144441,1.4259,258.9,0.331,1.09,1137.0,395.06,22.2
0.63133171,1.1487,434.5,0.726,1.2,1322.0,726.72,95.8
2.9761504,6.079,259.5,0.064,1.02,811.0,102.54,8.3
4.02877097,3.173,100.4,0.193,1.21,1311.0,699.45,18.6
0.730943372,3.004,134.7,0.792,1.37,2190.0,5461.14,27.0
49.5004725,5.772,965.2,0.162,2.49,402.0,6.2,27.8
37.601661282,8.30604,59130.1,0.408,27.22,606.0,31.86,1667.3
1.074106954,1.9797,64.5,0.122,0.52,1255.0,588.96,48.5
1.480324075,3.20209,400007.0,0.388,47.81,1313.0,701.93,1095.9
0.837491225,1.796,190.4,0.022,1.43,1980.0,3630.32,189.5
19.5352551,1.013,1732.0,0.702,0.53,161.0,0.16,5.9
16.5860329,7.043,231.3,0.167,2.09,821.0,107.25,14.6
6.90522317,3.533,420.3,0.962,4.54,1343.0,768.55,34.4
8.48039,6.134,133.7,0.008,1.23,969.0,208.42,12.0
12.2476121,3.209,402.7,0.116,1.9,763.0,80.29,6.8
0.872952088,1.4499,137.3,1.1,25.5,3165.0,23715.46,41.6
12.4255705,28.88,139.4,0.984,1.37,721.0,63.95,21.1
1.262742487,1.7433,15911.0,1.213,134.45,2548.0,9925.41,60.8
3.08723626,2.615,101.9,0.2516,1.2,1451.0,1046.77,12.1
0.751408792,2.2974,17481.0,1.242,41.48,1926.0,3241.36,267.3
1.385787741,1.6449,85.4,0.35,0.55,1008.0,245.15,19.1
70.516233809,4.09296,330180.0,0.587,52.74,390.0,5.47,3168.8
4.5770016,0.949,710.0,0.327,1.33,567.0,24.38,18.0
3.72277264,15.869,1114.6,1.2672,22.78,945.0,188.82,58.1
7.72085047,1.8264,267.0,0.963,2.53,1021.0,257.14,25.0
8.480304281,7.46159,83114.6,0.235,65.0,1504.0,1210.22,5219.5
94.180473,7.345,1104.4,0.955,4.17,478.0,12.34,15.6
19.5776073,3.382,98.1,0.049,0.9,628.0,36.82,17.2
2.418406841,2.0744,665.4,0.018,2.25,1226.0,535.84,69.1
18.3980827,4.438,145.0,0.587,1.26,686.0,52.31,17.2
12.155241119,6.84353,85531.5,0.825,34.62,788.0,91.2,1767.8
0.733726452,2.309,114.6,0.291,0.86,1867.0,2891.64,13.8
12.611904345,5.1497,6105.6,0.55,7.4,753.0,76.15,277.2
2.2430415,3.63,101.1,0.147,0.89,1344.0,770.18,8.1
20.882125422,8.03365,233450.0,0.743,66.27,737.0,69.67,3506.5
4.94330596,2.9334,126.2,0.928,1.41,1058.0,296.74,27.7
1.897828815,2.7114,132.4,0.227,1.73,1761.0,2278.95,27.2
40.8801539,5.472,395.8,0.016,0.92,265.0,1.17,10.0
25.762056721,14.8694,447716.0,0.445,74.87,604.0,31.48,3469.5
99.2532336,7.208,538.0,0.947,2.17,300.0,1.93,20.5
384.558321,4.76,1330.0,0.947,14.33,382.0,5.03,10.1
2.42649862,2.014,29.2,0.673,0.75,1638.0,1705.27,15.2
371.17573,8.2,133.7,0.781,4.07,610.0,32.64,12.1
41.0081117,4.376,1004.5,0.878,2.64,425.0,7.72,43.9
44.6996563,6.2289,837.7,0.472,3.05,500.0,14.81,71.3
8.653098686,3.9071,60715.0,1.11,77.15,1324.0,725.95,262.6
11.41911886,5.135,509.2,0.947,3.32,921.0,170.33,23.7
23.66834635,5.8297,449.4,0.758,2.32,668.0,47.11,112.8
14.541781166,9.1151,143645.0,22.28,2722.92,834.0,114.56,768.9
1.481655821,3.4913,59134.0,1.103,59.19,1935.0,3314.58,554.4
86.829519,7.464,751.0,0.953,1.68,196.0,0.35,15.1
312.61007,14.85,438.7,0.601,2.01,258.0,1.05,11.9
370.90237,10.558,545.8,0.0566,1.97,238.0,0.76,14.7
3.351556891,2.4005,341.9,0.129,1.64,1074.0,314.73,38.8
12.30971679,6.74,396.0,0.847,3.82,1104.0,350.46,45.9
36.4721523,2.673,52.6,0.738,0.7,527.0,18.29,7.7
2.462344253,1.8113,180.1,0.051,1.33,1326.0,730.86,42.1
30.99664113,2.9182,655.3,0.791,2.43,500.0,14.72,59.9
8.15275885,1.746,16536.0,0.461,2.44,305.0,2.03,9.2
1.705782214,1.007,278.0,0.709,1.82,1455.0,1060.41,11.5
6.98800953,3.103,193.2,0.024,1.39,914.0,164.86,17.1
8.71980135,3.7454,160.4,0.343,1.53,987.0,224.47,22.7
1.332560553,3.315,31.7,0.37,0.4,1249.0,574.99,26.1
5.748815953,1.9216,11657.0,1.172,26.94,799.0,96.29,43.3
0.58675746,1.508,143.8,1.183,19.91,2157.0,5080.59,18.4
513.14417,14.13,223.8,0.5818,1.3,208.0,0.45,7.9
4.16536757,3.2935,120.0,0.348,1.0,1048.0,284.49,30.4
1.20608769,2.2272,1660.6,1.253,44.46,1941.0,3353.78,66.9
33.3239576,37.217,2012.1,0.47,2.55,416.0,7.06,173.7
3.7229369,10.57,65.2,0.896,0.46,591.0,28.81,18.6
46.882525,1.93,343.5,0.7285,1.91,513.0,16.4,4.9
11.72291212,4.2064,492.2,0.012,2.08,766.0,81.46,58.8
31.1911468,7.003,228.4,0.019,9.36,1131.0,386.78,11.4
1.291233083,1.855,66.0,0.2,0.89,1887.0,2993.7,15.9
0.566801906,1.626,89.7,0.155,0.55,1344.0,774.11,27.0
372.72688,12.751,331.7,0.9082,3.52,326.0,2.67,17.0
21.0907909,4.751,417.6,0.832,1.88,606.0,31.86,19.7
13.14496741,3.6399,300.8,0.591,1.59,698.0,56.15,44.1
48.4313003,4.03,886.4,0.846,2.78,396.0,5.81,17.3
24.2204192,3.271,806.3,0.032,2.1,505.0,15.43,14.0
542.52829,11.06,75.2,0.3252,1.07,266.0,1.19,11.2
14.15849823,46.356,347.3,1.204,90.09,1910.0,3145.0,225.1
1.592634161,8.9488,155156.0,0.877,100.2,2255.0,6128.09,1207.6
0.535493486,2.57,54.0,0.566,1.42,3181.0,24045.87,5.1
2.62982665,6.213,126.4,1.077,17.88,1968.0,3542.64,24.6
4.409409243,3.8636,12861.0,0.028,10.95,1101.0,347.06,85.8
4.029810359,3.3316,111.1,0.45,1.77,1479.0,1132.21,62.8
33.80364366,11.4813,13494.4,0.023,20.7,745.0,72.71,529.9
5.65178922,3.0933,134.1,0.906,2.03,1248.0,574.71,39.5
30.9505927,5.394,301.4,0.958,1.51,428.0,7.91,23.2
3.743166733,3.6888,126.3,0.008,1.5,1423.0,971.76,47.2
3.747838198,5.0642,616.0,1.121,13.65,1031.0,266.76,138.2
1.70332915,1.663,98.5,0.307,0.86,1420.0,965.03,8.9
81.1701587,8.358,1183.2,0.875,4.71,436.0,8.55,51.0
1.222127938,2.2613,2486.5,1.258,30.32,1470.0,1107.41,200.9
37.80694072,3.84264,106334.0,1.111,72.01,617.0,34.14,1571.8
0.675650404,1.8261,200.7,0.03,1.36,2085.0,4473.06,22.4
2.446736567,5.0201,415859.0,0.477,71.52,1351.0,788.17,1037.3
0.898837525,3.5342,399778.0,0.496,57.14,1615.0,1609.86,445.6
309.494217,13.716,292.0,0.0542,2.79,399.0,6.01,14.5
6.0990118,3.6112,227.5,0.688,3.16,1374.0,842.53,39.3
0.766691517,1.2638,244.0,0.388,1.22,1541.0,1334.22,29.5
1.466535757,0.8222,1346.4,0.824,4.28,1671.0,1849.31,86.1
321.02094,7.51,592.9,0.295,1.96,232.0,0.69,8.5
7.1403113,5.891,112.1,0.786,1.18,1036.0,272.78,11.8
42.4729078,7.253,334.0,0.361,2.03,539.0,19.93,22.8
331.92622,10.84,809.0,0.026,2.25,235.0,0.72,8.7
42.5217006,5.723,685.6,0.495,2.45,510.0,15.97,14.7
0.673684895,1.161,51.1,0.547,0.7,2001.0,3803.56,7.0
2.17814186,1.988,127.7,0.012,0.92,1174.0,447.79,11.2
29.88487723,4.5612,1275.7,0.658,2.81,453.0,9.95,128.3
2.9039446,10.542,13.1,0.686,1.17,2637.0,11446.75,32.0
0.656201038,4.17901,174860.0,1.439,112.77,2157.0,5094.25,2065.8
1.018861199,6.5005,291214.0,0.358,93.47,2505.0,9299.2,911.3
15.039464523,5.39796,66876.8,0.998,51.71,877.0,139.95,1133.5
677.56282,10.53,631.0,0.537,2.24,190.0,0.31,8.5
4.532402495,3.12,339.1,0.99,3.69,1160.0,426.69,43.1
373.8716,16.78,382.7,0.246,2.19,279.0,1.44,10.3
7.300735516,5.78725,13051.7,0.446,13.32,1086.0,328.98,1640.0
8.39842977,6.344,340.1,0.573,2.0,984.0,221.66,28.0
18.076610347,3.1396,65280.0,1.074,39.16,533.0,19.14,380.6
0.569115976,2.028,796.9,0.068,1.8,1589.0,1504.24,59.8
12.426173,30.64,115.1,0.997,2.67,1006.0,242.41,36.9
5.99273265,2.6502,69.8,0.505,0.91,1010.0,245.32,19.2
30.5528972,5.269,865.2,1.216,30.74,670.0,47.63,35.6
4.16056658,2.61,75.8,0.069,0.7,985.0,222.54,16.3
13.71938426,5.5677,316.4,0.022,1.98,864.0,131.94,48.3
8.1808949,2.7546,723.5,0.521,2.1,716.0,62.21,48.7
2.16146908,3.643,84.8,0.41,0.95,1487.0,1155.45,11.8
260.54832,15.52,161.6,0.378,1.35,318.0,2.43,10.2
53.912783631,44.0504,216.7,0.984,4.25,697.0,55.85,56.4
3.307669761,1.672,243.1,0.602,3.87,1840.0,2710.89,66.7
227.6258,9.47,131.0,0.2351,1.79,394.0,5.7,8.8
359.047933,16.637,5622.7,0.002,7.76,260.0,1.08,91.1
32.3122867,6.569,677.8,0.934,4.84,699.0,56.49,33.6
351.2878737,11.2066,134634.0,0.712,38.47,252.0,0.96,1002.8
5.78159956,2.222,72.8,0.66,1.7,1475.0,1117.19,16.4
18.42794957,2.9264,706.6,0.727,2.24,526.0,18.05,36.0
67.5923754,12.249,4158.1,0.728,12.1,588.0,28.2,60.9
0.566781152,3.995,133.4,0.427,0.54,1090.0,337.1,24.9
2.019997006,1.8073,332.8,0.502,1.46,1166.0,437.85,52.1
380.03903,18.5,788.8,0.555,2.36,219.0,0.55,13.2
30.5528701,5.3367,63521.0,1.134,63.57,685.0,51.9,510.8
28.08185982,4.5288,1840.3,0.425,3.63,522.0,17.52,50.8
54.1558384,4.432,1109.8,0.927,3.88,466.0,11.12,29.1
0.776950288,1.288,396.0,0.047,1.72,1882.0,2974.07,25.8
1.083736642,1.57912,8930.8,1.265,237.84,3641.0,41465.78,954.2
2.052349884,2.0778,14280.6,0.437,13.12,1497.0,1183.18,1072.1
15.0330623,6.326,132.2,0.896,2.18,928.0,175.74,14.9
4.42158021,10.4532,61032.0,1.146,188.89,2565.0,10243.23,370.6
1.525924389,3.15998,24627.2,1.217,49.86,1722.0,2072.8,423.9
3.305577989,2.5903,17971.0,1.145,25.89,1027.0,263.55,39.6
26.62941953,7.8709,492.8,0.015,3.13,742.0,71.75,106.9
0.813166357,1.4122,173.5,0.06,1.14,1693.0,1945.44,34.8
4.176254191,3.6716,1360.1,0.715,3.07,876.0,139.48,249.7
17.7940049,4.091,879.4,3.72,312.48,762.0,79.54,27.7
0.652956712,0.627,50.0,0.26,0.76,2146.0,4984.96,12.7
4.305219002,2.6845,9738.6,0.626,10.34,1119.0,370.84,205.8
118.609553,22.74,380.9,0.993,2.86,299.0,1.88,13.1
1.796320953,1.9139,210.9,0.015,1.2,1367.0,827.82,22.1
2.17257963,1.5794,335.5,1.107,13.55,1518.0,1254.52,27.1
0.590281548,2.72,21.6,0.801,0.68,2643.0,11597.35,20.6
11.67894236,1.2641,1185.1,0.94,4.17,830.0,112.07,23.1
47.4277116,5.2679,820.4,0.678,2.33,407.0,6.46,49.9
5.860377067,10.4634,361615.0,0.526,78.14,1191.0,475.44,3044.1
0.635445336,1.8592,2547.4,1.253,19.0,1177.0,451.42,182.2
2.104721971,1.7547,905.5,0.001,2.89,1365.0,821.44,153.3
10.18670759,7.498,261.2,0.677,0.95,477.0,12.29,35.5
30.8609783,4.216,128.9,0.852,1.08,525.0,17.96,17.8
6.840305932,4.32742,124933.0,1.094,62.08,945.0,188.58,2025.7
375.408923,11.438,87.3,0.529,4.48,858.0,128.15,15.3
369.819993,20.232,1599.0,0.9179,4.25,201.0,0.38,42.1
1.219736039,4.89465,611523.0,0.229,135.43,2611.0,10982.55,1037.2
6.09855603,2.9815,84.4,0.21,0.84,927.0,174.3,24.8
2.709570339,5.57527,13170.8,1.238,223.75,2427.0,8211.89,900.9
34.4886903,1.22,59.9,0.5544,0.71,524.0,17.87,6.3
73.3377984,9.029,114900.0,0.978,73.06,601.0,30.85,155.5
485.52409,11.04,4147.0,71.3346,6149.09,191.0,0.31,10.8
18.778162159,8.1018,488408.0,0.357,127.57,1002.0,238.5,3788.7
0.790049989,2.794,70.8,0.185,0.67,1724.0,2082.67,12.3
574.69029,4.269,276.8,0.004,1.26,191.0,0.31,7.2
14.08826442,4.1847,889.4,0.133,2.66,724.0,64.97,34.2
11.0153889,2.666,3446.0,1.287,65.27,1047.0,284.63,31.8
0.603086711,1.0869,1242.8,1.251,36.0,2459.0,8675.9,170.0
88.2553729,4.539,1132.2,0.886,2.96,326.0,2.67,54.2
9.751720174,16.1937,332900.0,0.15,182.09,1356.0,800.41,1767.3
11.79161234,3.036,415.4,0.034,2.41,857.0,127.75,20.7
70.468171,6.653,922.4,0.031,3.46,511.0,16.17,45.0
11.62904159,2.97,88.0,0.925,1.31,854.0,125.89,13.7
40.301684,1.398,374.8,0.5721,2.38,623.0,35.6,6.6
96.231257,2.488,938.0,0.442,29.26,965.0,204.8,8.8
3.34328534,27.29,166.8,1.21,64.0,2094.0,4535.97,79.5
4.437962934,4.69813,16387.6,0.069,18.05,1338.0,757.65,3535.6
4.182001885,2.2209,847.4,0.015,2.46,974.0,213.29,160.3
0.93374614,6.551,1717.5,1.27,149.71,3303.0,28084.15,365.7
3.336123113,1.9616,516.3,0.252,1.74,970.0,209.79,41.6
20.34237838,2.3351,564.6,0.826,2.88,667.0,46.93,28.7
4.11585514,1.4858,425.8,0.807,1.93,895.0,151.55,20.8
6.0353643,9.211,47.2,0.707,1.88,1852.0,2779.94,23.4
114.73658,12.0355,4850.0,0.595,12.28,476.0,12.13,230.6
5.017239915,4.36126,144642.0,0.191,41.75,1229.0,538.77,970.9
3.900140077,3.77,543.1,1.205,23.78,1253.0,582.32,53.6
623.005238,23.5615,140332.0,0.895,66.64,229.0,0.64,2386.6
2.18079098,12.13,83.2,0.74,3.29,2767.0,13876.96,69.3
2.543063763,2.8473,152.0,0.215,1.26,1319.0,716.3,26.5
3.31587688,3.152,185.6,0.688,1.27,1097.0,342.77,11.4
14.0498182,2.907,472.0,0.569,1.45,480.0,12.56,14.5
14.03490255,3.638,851.8,0.66,2.41,641.0,39.97,60.9
538.36855,19.26,545.5,0.0671,2.37,237.0,0.74,7.0
8.408878137,3.4967,798.9,0.018,2.28,809.0,101.22,147.2
5.72812616,2.0295,643.4,0.22,1.38,569.0,24.74,20.8
3.55653637,8.7,202.5,0.712,1.7,1272.0,619.57,23.1
6.2820426,7.941,1413.0,0.989,23.76,2021.0,3938.81,103.3
161.252567,23.626,2911.5,0.869,5.04,318.0,2.41,94.7
595.78152,15.97,84.9,0.164,1.18,245.0,0.85,10.6
1.044408447,3.633,46.2,0.1512,1.17,2745.0,13421.48,15.1
16.486796364,7.06797,48942.8,0.309,46.92,1053.0,290.46,3181.5
10.21507506,3.395,258.6,0.1,1.5,780.0,87.48,17.4
0.805267592,0.887,146.6,0.082,1.35,2165.0,5216.79,9.8
9.59068586,3.452,544.6,0.359,3.93,1087.0,329.34,40.0
0.98041685,0.919,105.7,0.446,0.75,1388.0,880.5,8.8
0.692978457,1.1366,61.0,0.938,2.24,3186.0,24240.83,20.9
38.7149617,3.441,694.8,0.691,2.62,498.0,14.55,16.2
24.2101973,4.046,458.0,0.45,1.5,451.0,9.8,14.1
4.12511935,2.877,114.7,0.253,0.88,1016.0,252.18,21.6
7.0106324,3.0688,327.3,0.683,1.5,738.0,70.32,48.7
2.21316437,3.874,116.1,0.672,0.95,1374.0,841.98,27.9
184.52015392,15.3564,49269.0,0.886,23.38,275.0,1.36,1759.1
5.39525573,7.8377,104242.0,1.0,152.74,1992.0,3721.55,175.7
0.686994057,3.5252,2797.1,1.261,35.3,2063.0,4267.13,136.6
27.308150159,4.43906,388005.0,0.167,47.06,523.0,17.75,820.9
22.20809549,7.3327,463.2,0.017,3.02,803.0,98.36,92.7
12.70636123,2.395,871.7,0.793,2.75,697.0,55.86,54.0
1.02104719,6.39,246.1,1.0867,13.68,2129.0,4852.49,18.5
71.52543938,5.9189,5904.3,0.066,5.76,340.0,3.15,111.3
15.87360981,3.5246,415.6,0.395,1.53,632.0,37.68,38.4
1.506019633,2.408,136.9,0.528,1.08,1628.0,1660.03,18.8
365.994154,13.071,698.5,0.8353,2.87,263.0,1.14,23.8
2.199069234,6.30646,225250.0,0.762,118.99,2104.0,4632.97,5915.4
0.566811926,4.181,82.6,0.681,0.91,2293.0,6584.06,22.5
371.90464,25.36,519.1,0.922,2.88,271.0,1.28,14.4
16.08832318,5.731,597.8,0.648,3.42,875.0,138.64,31.3
10.636305846,5.17212,216063.0,0.398,64.91,1110.0,358.62,1419.0
21.30020491,4.0852,659.8,0.075,2.99,725.0,65.37,58.1
122.8799543,7.835,717.7,0.872,2.7,326.0,2.66,41.9
4.35407371,2.427,277.1,0.734,1.63,1043.0,279.53,19.0
614.39054,9.312,289.1,0.11,2.43,269.0,1.24,10.2
9.43414171,2.8112,3977.0,0.538,5.73,791.0,92.39,40.2
3.289726319,2.3274,234.9,0.052,1.37,1116.0,367.18,27.0
9.5497037,1.881,706.7,0.028,1.45,456.0,10.25,12.4
15.873380595,8.0429,208362.0,3.454,630.53,962.0,202.23,978.2
30.0899459,6.654,242.6,0.907,2.25,660.0,44.79,16.6
24.5709023,3.587,764.2,0.945,2.82,505.0,15.33,26.3
1.387838134,2.252,136.8,0.38,1.24,1783.0,2378.53,20.4
184.568,13.09,409.9,0.2544,1.53,282.0,1.5,10.2
0.733724504,2.208,45.9,0.257,0.96,2601.0,10830.96,21.4
41.0772969,5.525,1216.8,0.03,3.25,523.0,17.74,28.8
0.933749106,4.256,186.2,0.736,3.22,2863.0,15822.49,136.3
14.5862195,2.733,202.2,0.0133,1.17,702.0,57.32,9.3
9.8338474,14.585,57.6,0.733,0.98,946.0,188.78,23.8
8.63050092,3.144,325.8,0.595,1.43,739.0,70.63,14.9
3.70063251,5.408,68.6,0.71,1.24,1329.0,737.02,29.8
100.3039228,8.702,5450.0,1.256,29.55,313.0,2.26,63.2
0.887691177,1.644,37.3,0.419,1.53,2709.0,12704.16,20.8
6.150529292,4.4562,2417.1,1.236,49.79,1421.0,964.26,301.4
7.35390869,2.061,92.9,0.375,2.29,1483.0,1141.53,11.1
1.575631524,2.59202,25626.6,1.065,28.66,1577.0,1464.43,465.4
378.65484,11.3,247.8,0.243,1.53,258.0,1.04,6.8
4.61225043,2.695,29.1,0.012,0.51,1032.0,268.27,13.7
4.331392455,3.7278,200403.0,0.306,38.82,1051.0,288.51,1234.3
20.2642023,4.664,185.3,0.914,2.12,770.0,82.92,19.9
209.941369,2.97,477.3,0.157,14.36,651.0,42.43,10.2
1.559090282,4.95211,226981.0,0.375,129.87,2905.0,16893.61,1315.5
2.1990638,3.197,344.8,0.489,1.33,1087.0,330.97,19.3
1.195515251,5.0834,8054.4,1.281,49.33,1959.0,3469.7,309.1
127.905412,14.475,4020.6,0.47,8.03,401.0,6.09,171.0
13.21409607,3.5641,1154.8,0.812,2.77,629.0,36.95,38.0
8.84784273,2.0572,460.2,0.047,1.15,479.0,12.48,21.1
0.93373716,5.015,144.9,0.793,1.14,1666.0,1811.1,16.0
70.37626987,6.4205,116050.0,0.944,40.43,373.0,4.59,759.7
12.05705659,2.3462,523.9,0.548,1.96,689.0,53.26,20.8
25.503628,3.913,204.4,0.953,1.61,586.0,27.85,13.3
5.24970432,2.746,61.9,0.248,0.67,954.0,195.3,13.9
2.972047661,1.198,5945.0,1.207,24.74,881.0,142.01,20.0
35.8726918,4.402,916.3,0.963,62.51,1670.0,1837.31,24.6
1.217266418,3.3208,5811.5,0.878,14.49,2378.0,7548.29,603.4
1.269091415,1.4647,340.9,0.412,1.41,1331.0,740.47,73.5
2.92721119,2.545,170.2,0.043,1.29,1258.0,593.23,18.0
1.399326503,1.8305,206.4,0.009,1.0,1143.0,402.58,22.7
28.46464804,2.6657,1629.8,0.035,1.87,301.0,1.95,28.9
50.79034648,10.8474,5671.1,0.058,10.6,612.0,33.12,508.8
0.623441939,1.4053,128.1,1.027,13.89,3219.0,25489.88,40.6
1.429439352,2.424,3367.1,1.298,54.36,2079.0,4417.56,292.0
321.55087,5.863,397.0,0.1608,1.68,250.0,0.92,8.2
1.219568047,1.5681,494.9,0.067,1.51,1252.0,578.96,65.9
4.69505576,3.058,240.0,0.204,1.49,1098.0,343.6,15.9
12.5748872,3.549,731.0,0.035,1.03,349.0,3.49,7.8
586.63177,7.299,199.9,0.0345,1.18,189.0,0.3,8.4
2.102416517,1.7684,1502.5,1.236,29.29,1435.0,1003.06,94.3
64.2729088,12.136,1213.9,0.908,5.38,554.0,22.31,27.4
6.02977241,3.961,54.6,0.379,1.18,1204.0,496.46,11.5
4.326946311,5.55905,409031.0,0.482,106.99,1481.0,1137.15,4247.8
5.90127815,2.1979,1525.2,0.03,1.94,514.0,16.54,56.6
61.2563628,7.633,5123.3,1.248,39.87,505.0,15.43,85.3
11.39169531,5.0,51.0,0.849,1.02,886.0,145.67,19.0
104.3519624,3.695,243.8,0.532,1.39,355.0,3.74,15.8
38.3262237,3.073,392.1,0.963,2.43,480.0,12.56,15.0
1.766789509,1.3345,1009.8,0.066,1.4,730.0,66.95,26.7
12.4254201,18.56,144.5,0.428,0.84,659.0,44.57,24.9
12.99204853,6.0175,270.6,0.091,2.03,866.0,132.94,38.7
1.035329922,3.8022,992.8,1.243,105.66,3654.0,42120.85,178.0
9.93442075,7.8219,55965.0,1.117,34.03,679.0,50.35,529.0
2.151384476,3.34471,263861.0,0.237,66.2,1725.0,2097.48,2657.6
31.5073649,7.362,330.5,0.774,0.74,253.0,0.97,15.4
7.7553808,22.321,839.6,1.235,22.2,822.0,107.76,55.9
1.194812329,1.3777,189.5,0.404,1.36,1806.0,2521.46,41.2
3.504691252,1.9811,315.1,0.741,2.03,1165.0,435.21,67.5
8.7348852,4.49,270.7,0.314,1.59,890.0,148.62,24.8
404.701927,3.981,236.2,0.2598,1.94,298.0,1.85,7.8
1.23138339,3.943,72.7,0.348,0.82,1648.0,1746.21,21.0
3.671661096,4.29947,129243.0,0.923,105.82,1967.0,3539.43,3152.6
3.269176601,2.7233,59095.0,2.195,164.61,1349.0,781.57,515.5
25.8474958,5.985,537.4,0.054,2.4,672.0,48.23,27.3
190.65896,35.472,552.8,0.9508,2.54,281.0,1.46,18.3
2.684328541,2.69382,18136.5,0.076,12.73,1265.0,603.57,2833.1
1.12976597,3.096,133.7,0.338,0.83,1429.0,987.44,14.3
54.4205407,8.559,598.0,0.9414,3.2,574.0,25.6,44.9
18.64349986,1.8491,813.4,0.774,2.14,517.0,16.91,16.1
13.0313583,4.521,573.3,0.813,2.88,774.0,84.94,18.9
16.473474,4.201,470.5,0.014,1.63,612.0,33.22,13.0
4.012537983,2.0101,19796.0,0.783,9.96,765.0,80.95,166.0
9.65349016,2.9029,1308.6,0.149,2.41,611.0,32.98,63.1
1.03905082,3.035,43.8,0.4522,0.87,2297.0,6581.45,9.9
6.26404774,2.39,378.7,0.232,1.55,809.0,101.27,20.1
2.415925551,9.7769,560970.0,0.511,300.82,3329.0,29070.1,1598.3
36.6092739,1.835,1102.0,0.26,52.42,1623.0,1640.55,7.6
5.2436612,11.39,88.3,0.436,1.1,1249.0,574.76,14.5
0.636424848,0.947,217.9,0.319,1.31,1846.0,2754.93,18.1
1.54039744,1.787,127.6,0.723,1.08,1520.0,1267.95,7.0
2.243016513,2.721,299.6,0.737,1.37,1167.0,438.46,59.1
3.255189932,2.7117,119.2,0.447,1.39,1390.0,880.52,38.3
25.9522401,20.813,2896.9,1.375,42.91,572.0,25.35,90.5
22.571972634,4.00349,79325.7,1.056,46.14,617.0,34.24,1040.1
1.25625738,9.726,15.2,0.8208,1.32,3507.0,35745.58,50.1
1.838514968,2.7391,2721.7,0.045,4.86,1426.0,974.1,63.7
2.879243323,2.6273,48050.0,0.709,21.02,1244.0,565.39,200.5
3.72273683,8.552,37.8,0.52,0.52,1104.0,350.89,14.7
226.499243,1.328,127.4,0.266,0.89,245.0,0.86,4.7
12.71368909,1.875,192.2,0.196,1.09,700.0,56.78,9.8
1.157804607,4.66082,605713.0,0.26,118.11,2255.0,6116.99,1837.9
3.74784374,3.658,116.5,0.093,1.08,1226.0,534.57,12.8
14.323889947,4.83729,69071.6,1.073,45.93,720.0,63.62,834.3
383.937324,2.884,627.7,0.011,7.9,389.0,5.43,10.8
365.13981,4.46,531.0,0.0901,1.86,228.0,0.64,7.9
171.69799,2.904,878.0,0.2266,39.78,878.0,140.73,7.7
0.50727675,2.32,214.7,0.429,1.7,2449.0,8524.12,33.5
17.02902786,4.645,568.9,0.202,2.54,755.0,76.66,29.8
2.832647249,2.306,114.7,0.374,1.37,1453.0,1054.98,27.5
0.796722833,2.4551,107.1,0.601,1.44,2401.0,7844.64,43.9
2.41795911,2.727,100.5,0.145,0.53,878.0,140.54,10.1
0.798200403,1.8261,396.8,1.193,24.03,2128.0,4875.01,65.9
1.33258981,3.987,78.4,0.223,0.67,1369.0,832.33,16.1
30.1837021,5.879,974.9,0.011,3.65,634.0,38.2,37.9
92.7297248,6.83,1257.5,0.857,2.81,276.0,1.38,43.3
0.594274521,2.162,4691.5,0.833,8.7,2436.0,8367.99,83.9
31.5925809,13.566,145.1,0.283,1.78,688.0,53.09,25.5
1.233076007,12.506,1392.4,1.312,31.39,1513.0,1237.97,129.3
3.24325988,3.03318,16450.9,0.117,12.91,1243.0,563.17,1586.2
3.42806306,2.417,178.4,0.082,1.21,1131.0,386.14,16.6
0.423854275,1.0198,235.3,0.449,0.58,1062.0,301.79,33.3
8.254912972,6.8822,19242.4,0.532,11.86,793.0,93.46,438.2
19.40393776,12.2155,8918.7,0.804,7.18,523.0,17.69,214.7
3.326193904,2.08375,178470.0,0.001,14.72,521.0,17.41,502.0
3.949627144,1.5485,807.2,0.049,2.32,966.0,206.05,45.1
1.237147407,7.06623,435364.0,0.466,106.18,2107.0,4680.26,5557.4
4.8807805,9.4,79.0,0.581,0.48,706.0,58.98,15.9
15.90688891,3.9879,924.7,0.014,2.35,588.0,28.32,75.0
0.678137665,1.00718,885.0,1.263,30.37,2274.0,6364.7,172.7
45.43324862,14.242,414352.0,0.489,77.25,529.0,18.46,1337.0
5.05368985,2.514,171.5,0.53,1.21,1007.0,243.06,11.5
3.82223397,1.924,362.7,0.725,1.05,601.0,30.84,15.9
1.50650136,3.1126,66.9,0.556,0.8,1562.0,1403.44,41.9
0.755049082,2.09643,26067.9,1.225,30.47,1551.0,1372.84,683.7
160.130899,13.775,1183.0,0.791,6.67,450.0,9.68,32.4
44.0003975,5.1115,599.6,0.032,1.56,377.0,4.79,43.3
2.92928244,6.794,268.6,1.14,38.42,2112.0,4706.45,39.2
2.85188338,2.666,114.9,0.578,1.23,1398.0,903.77,10.1
12.466004437,5.0066,2232.1,0.209,5.65,897.0,152.76,304.6
2.32539968,16.791,288.1,1.004,9.76,2501.0,9234.82,79.9
14.58649856,4.0249,378.7,0.665,2.45,852.0,124.89,53.0
3.85690686,2.0808,127.8,0.466,0.93,972.0,210.44,24.3
386.6030528,6.8057,24926.6,0.9765,41.5,297.0,1.84,994.0
33.46947449,11.8874,164608.0,0.315,127.38,972.0,211.38,1255.2
2.023126394,1.2771,72.2,0.391,0.92,1607.0,1582.75,19.2
20.68420772,6.4415,858.5,0.488,3.28,729.0,66.83,59.6
27.4345973,5.038,472.6,0.603,2.56,672.0,48.29,25.3
5.29730786,4.02,190.8,0.728,1.49,1044.0,281.21,13.1
1.231364189,5.8574,1097.1,0.995,5.39,1707.0,2005.15,229.7
2.881100027,9.43866,662832.0,0.829,446.29,2946.0,17809.19,3316.5
17.3408735,3.398,159.0,0.489,1.43,755.0,76.86,13.5
367.95566,21.877,1414.1,0.957,3.62,183.0,0.27,13.7
58.5850357,3.5939,75468.0,1.309,149.98,707.0,59.16,656.5
1.33256418,4.701,162.3,0.559,0.81,1262.0,602.26,20.7
16.31328124,4.45731,71589.0,0.768,30.85,747.0,73.51,982.3
7.44042933,2.991,547.3,0.968,2.74,883.0,144.12,34.0
19.30112039,6.0752,232.3,0.862,1.66,669.0,47.49,45.0
6.383159135,1.7504,2313.2,0.197,2.73,530.0,18.73,64.4
1.00652785,1.3175,125.9,0.467,1.03,1815.0,2556.97,17.9
0.99519559,2.293,13.7,0.0372,0.29,1624.0,1642.44,7.4
1.227986164,1.551,150.5,0.477,1.17,1673.0,1846.47,14.8
3.900109346,3.9037,126194.0,0.733,40.37,1160.0,427.83,448.0
0.996864568,1.098,86.7,0.644,0.77,1588.0,1505.33,21.4
31.7787564,8.093,262.0,0.29,1.5,564.0,23.96,25.9
1.877350712,1.7478,185.6,0.297,1.46,1650.0,1755.2,23.1
1.772451066,2.4592,79.2,0.006,1.02,1685.0,1904.34,22.4
1.665784138,1.8946,2006.2,1.27,97.27,2636.0,11424.49,148.0
6.76690759,1.7062,249.3,0.648,1.31,781.0,87.79,29.7
469.52303,5.487,355.7,0.733,2.1,252.0,0.95,10.5
0.630539713,1.7407,239.6,1.2,21.07,1936.0,3333.18,27.7
95.178317934,3.60125,128575.0,0.761,28.75,272.0,1.29,2279.1
3.705991661,5.1658,501.4,0.623,2.43,1281.0,637.42,100.3
69.8956789,5.276,548.4,0.872,3.04,442.0,8.99,21.9
56.3587987,6.927,2559.6,0.906,5.04,419.0,7.29,44.4
169.894419,2.525,178.7,0.3241,2.66,492.0,13.85,6.3
217.83184293,21.306,9148.7,0.004,11.17,343.0,3.29,1244.4
115.6863392,4.65,945.9,0.226,3.52,401.0,6.09,20.7
6.98141327,6.527,38.0,0.699,1.42,1384.0,865.81,20.9
357.77096,12.999,216.3,0.1056,1.42,249.0,0.9,9.7
2.243015737,4.31675,277946.0,0.661,92.34,1813.0,2547.31,5552.2
1.053573674,1.70116,3063.0,1.308,299.87,4319.0,81969.77,445.3
4.2856756,4.059,31.4,0.5445,2.13,1790.0,2429.13,8.3
10.06083238,4.5718,460.2,0.672,2.58,899.0,154.16,86.4
6.47179275,6.788,402.5,0.014,2.08,1075.0,316.0,30.7
66.713573,4.487,63.9,0.4916,0.98,555.0,22.47,6.7
92.7495777,5.506,1105.1,0.019,1.87,240.0,0.78,18.0
0.616386349,0.8136,79.4,0.226,2.94,3552.0,37463.63,21.9
6.10968225,5.735,60.3,0.108,0.79,1093.0,337.78,18.6
1.615758517,1.734,41.7,0.234,1.31,2158.0,5140.67,18.0
33.878639,6.194,700.1,0.923,3.52,564.0,24.0,27.9
8.50339249,2.9569,188.9,0.825,1.95,1021.0,257.22,28.5
161.515617,6.548,2215.3,0.001,2.88,211.0,0.47,25.2
0.524175803,0.7648,236.8,0.318,1.27,1891.0,3049.23,22.4
499.88159,13.39,184.4,0.671,2.61,338.0,3.07,12.4
0.660663034,2.81,134.0,0.025,1.32,2385.0,7605.89,23.3
3.359470825,2.14715,2707.8,1.281,129.93,2421.0,8125.7,504.1
8.00504749,3.32,187.5,0.054,1.52,1035.0,271.68,15.6
1.311558909,1.919,141.3,0.218,1.15,1655.0,1776.99,17.2
520.58269,2.264,348.0,0.045,1.94,244.0,0.83,6.0
4.125543472,3.1744,1487.3,0.597,4.43,1243.0,565.35,128.6
1.461270059,16.467,3348.7,1.288,26.29,1253.0,583.36,131.0
12.427135,12.81,32.5,0.011,1.05,1143.0,403.8,4.2
5.455766383,2.8923,104538.0,0.794,28.2,795.0,94.27,536.8
5.69059163,2.557,1384.3,0.573,3.1,860.0,129.31,45.5
2.119100054,8.2163,1651.1,1.247,34.34,1571.0,1435.29,195.7
0.566799833,5.543,198.0,0.851,1.27,1900.0,3084.6,54.0
16.83203175,4.031,326.0,0.533,1.86,690.0,53.44,21.6
0.844786082,3.5289,2468.5,1.297,35.27,1864.0,2846.03,245.6
2.976020742,3.73,114.9,0.721,2.07,1740.0,2169.16,60.6
33.1362861,4.163,825.2,0.791,2.05,357.0,3.86,16.3
1.1578141,3.253,54.8,0.564,1.24,2133.0,4895.77,27.8
2.136577151,2.4682,79078.0,0.996,43.89,1311.0,698.75,124.3
8.30865307,3.2747,836.1,0.333,2.42,747.0,73.53,74.3
364.33929,13.486,1944.0,0.934,4.4,228.0,0.64,15.9
15.995094054,8.45037,44315.3,0.272,17.09,676.0,49.26,2019.7
66.1843646,5.155,560.5,0.877,2.72,436.0,8.57,21.3
26.7575866,5.858,455.3,0.407,2.28,660.0,44.86,17.7
13.73808249,3.354,660.7,0.957,3.84,912.0,163.52,68.4
8.58600968,3.3443,102.1,0.728,1.84,1208.0,503.98,23.2
2.15052332,3.447,115.5,0.0303,1.17,1410.0,934.17,11.0
2.073873563,6.5605,603811.0,0.198,274.78,3150.0,23242.18,637.1
334.87402,35.42,387.8,1.165,47.48,408.0,6.52,19.1
3.91794676,2.549,116.5,0.337,0.94,1030.0,266.81,13.5
94.289223,4.102,505.4,0.613,2.11,369.0,4.39,22.5
9.60853601,3.672,584.4,1.229,31.99,984.0,221.77,19.3
13.78109471,2.3188,756.0,0.545,1.42,402.0,6.17,112.8
213.258526,7.768,1992.3,0.037,2.72,202.0,0.39,36.1
31.8841473,6.122,910.0,0.938,3.7,563.0,23.82,25.3
22.18431824,3.0397,1593.0,0.032,3.18,546.0,21.06,87.6
0.559643825,0.677,1812.6,1.264,27.21,1860.0,2854.44,130.7
3.481657589,4.75315,347012.0,0.245,78.24,1485.0,1151.7,7428.7
8.55935323,4.303,148.8,0.744,1.21,921.0,169.77,20.4
1.353414369,13.416,610.2,1.202,216.31,3617.0,40561.5,100.8
0.990516282,2.019,101.6,0.989,3.52,2841.0,15469.83,20.4
30.1329298,5.172,1015.8,0.839,3.14,536.0,19.55,44.8
363.346158,4.911,896.0,0.29,22.36,537.0,19.65,10.7
13.75207851,2.8831,1215.6,0.836,2.81,556.0,22.57,36.8
4.292599454,4.73293,140032.0,0.89,64.04,1319.0,715.83,1329.6
1.728528176,3.682,197.6,0.787,5.07,2720.0,12977.86,26.2
2.305903447,3.3828,23268.7,0.003,39.04,3147.0,23214.46,511.7
1.46842648,6.6666,150998.0,0.633,40.3,1559.0,1402.93,622.8
1.219049953,1.477,53.5,0.0517,2.48,2948.0,17862.9,10.1
2.732767897,1.1102,613.1,0.748,1.42,687.0,52.68,27.0
25.836831272,6.32201,145045.0,0.899,50.72,587.0,28.08,3016.9
28.8431751,3.171,756.7,0.913,2.66,491.0,13.77,15.0
7.508818,6.5,70.1,0.025,1.02,1107.0,354.74,7.4
45.126216,6.656,373.1,0.49,2.32,604.0,31.54,17.1
37.590298548,4.3855,19938.9,0.38,14.39,573.0,25.53,929.0
2.25161215,2.1,23.9,0.647,1.14,2934.0,17529.42,9.2
1.87885327,3.302,120.9,0.513,0.97,1406.0,922.49,12.1
9.74048508,1.6993,121.4,0.89,0.95,673.0,48.52,25.8
42.9136635,5.227,160.6,0.403,3.19,810.0,101.56,18.2
11.04605365,4.799,308.3,0.064,1.8,869.0,134.66,24.3
365.709623,13.553,1033.4,0.338,26.93,604.0,31.42,15.1
1.878877205,5.8768,104026.0,1.005,109.55,2523.0,9554.79,525.4
5.41460536,33.787,4080.1,1.29,116.93,1737.0,2150.63,294.4
4.41746257,2.965,291.0,0.085,3.95,1810.0,2536.07,22.6
1.092066399,2.97608,401890.0,0.488,40.74,1164.0,432.44,1160.6
18.839487435,5.62797,182722.0,0.421,45.2,734.0,68.54,2003.1
83.4887405,6.21,955.4,0.42,2.95,411.0,6.76,24.7
7.07136119,2.757,65.7,0.658,0.63,719.0,63.11,22.4
38.3775486,5.588,724.2,0.468,2.82,529.0,18.53,34.7
17.067644,6.026,262.4,0.106,1.62,769.0,82.56,13.5
0.833980196,1.756,261.2,0.547,1.45,1816.0,2562.78,56.9
545.54618,6.944,177.7,0.4307,2.01,296.0,1.82,9.0
453.54212,17.026,861.0,0.633,9.23,390.0,5.45,48.8
2.113197701,3.46341,57315.5,0.909,50.13,1825.0,2624.42,1048.1
0.592562969,3.0869,1546.4,1.252,25.97,1967.0,3520.7,100.4
44.18938922,6.8151,4293.5,1.03,14.0,537.0,19.73,102.0
0.65355361,1.63,4595.9,1.226,22.95,1437.0,1004.07,217.4
6.17039154,2.116,502.9,0.1755,2.17,1029.0,264.63,19.0
12.51610549,4.853,263.0,0.023,1.87,848.0,122.54,22.6
1.27839331,6.343,19.5,0.201,0.86,2853.0,15656.19,15.2
2.945414866,2.702,968.7,0.002,38.32,3531.0,36765.85,47.5
4.4473549,18.99,203.6,0.98,1.52,954.0,195.56,25.9
29.7123181,70.3707,385.4,1.202,46.43,870.0,135.31,130.0
19.974485239,4.23479,40293.1,0.886,26.56,700.0,56.84,1398.8
401.5907,14.77,115.0,0.1752,1.01,256.0,1.02,11.9
29.02235217,4.0263,637.6,0.902,2.55,559.0,23.06,41.4
1.120997701,11.243,145.6,1.114,66.58,3992.0,60096.61,58.1
50.6985408,5.972,610.9,0.137,3.58,595.0,29.58,30.1
15.0539886,4.422,221.5,0.886,1.44,665.0,46.3,16.3
19.7243672,7.202,577.9,0.898,3.57,751.0,75.23,26.0
39.7529915,4.9641,549.3,0.046,2.37,568.0,24.54,40.9
5.826657508,2.9183,1539.1,0.033,4.09,1013.0,248.57,81.1
3.10762684,2.361,77.2,0.7,0.73,968.0,207.72,15.6
3.701765401,2.6061,288.3,0.713,1.63,1050.0,286.23,35.9
7.99144696,3.639,145.0,0.94,1.53,901.0,155.95,12.8
0.580725004,2.071,105.2,0.137,0.85,1939.0,3355.68,18.0
0.52205862,2.0847,1381.3,1.24,27.16,2022.0,3951.57,169.0
220.9290121,7.335,2456.5,0.826,5.24,299.0,1.89,70.4
35.164087,86.05,1528.9,1.227,62.03,756.0,77.33,38.3
69.72646639,3.7177,4491.2,0.019,11.65,613.0,33.3,300.7
39.6431552,6.5292,15663.8,0.062,10.98,472.0,11.74,690.3
27.07237655,6.9592,514.2,0.015,2.18,605.0,31.58,44.0
4.72941177,2.234,434.3,0.236,1.22,669.0,47.3,14.6
25.9518461,14.581,1058.5,1.22,22.32,521.0,17.37,65.8
1.89129338,5.677,33.8,0.373,0.42,1152.0,416.87,15.1
44.14599042,3.4015,4467.8,1.902,121.48,624.0,35.87,99.6
30.114681501,5.68713,87057.3,1.046,56.45,639.0,39.44,2858.1
267.911652,4.124,695.0,0.016,2.38,257.0,1.03,7.7
5.46091846,1.781,172.0,0.4,1.25,1106.0,353.34,21.2
35.9682692,2.839,269.7,0.883,2.95,674.0,48.68,21.0
36.5157639,3.6577,861.3,0.787,2.55,425.0,7.71,34.7
15.541358818,2.44433,10308.2,1.25,149.19,1174.0,448.22,773.4
23.1985852,9.821,224.7,0.305,2.61,793.0,93.34,28.2
1.250390814,3.7184,231167.0,0.73,101.37,2367.0,7420.89,2046.8
9.50158045,5.0701,443400.0,0.444,73.07,860.0,128.99,314.9
265.47847,10.28,1040.7,0.956,4.2,291.0,1.7,18.1
80.2321467,4.656,888.7,0.911,3.24,380.0,4.91,24.9
3.728732147,2.683,5226.5,0.558,6.02,1023.0,258.34,345.2
0.979161676,2.942,160.2,0.634,1.03,1548.0,1357.43,20.2
1.583160478,1.1935,732.6,0.897,3.27,1619.0,1625.93,97.7
20.09017037,4.154,1432.1,0.886,2.25,362.0,4.05,36.9
119.8401019,3.6796,5448.7,1.269,26.96,255.0,1.0,83.7
9.91724268,3.2241,457.9,0.786,2.85,903.0,157.41,38.8
3.867613816,5.36467,340908.0,0.553,69.23,1203.0,494.75,1379.1
1.01884975,3.233,30.9,0.2737,0.47,1754.0,2238.64,14.8
1.70192371,3.0271,49833.0,0.906,40.15,1704.0,1993.63,351.1
3.93246069,2.1763,455.5,0.416,1.65,894.0,151.31,30.6
11.25401871,4.759,433.4,0.603,2.42,888.0,147.13,17.0
4.48758768,2.874,112.0,0.532,1.37,1305.0,684.07,25.9
38.47876629,5.04169,23530.0,0.003,13.26,484.0,13.01,1077.8
0.93376131,3.747,55.6,0.312,0.61,1682.0,1891.81,10.5
9.47850818,6.154,184.6,0.112,1.47,946.0,189.14,26.7
0.7981968,2.22035,257616.0,0.67,62.38,1963.0,3497.4,453.9
3.42064689,1.767,356.8,0.92,2.27,1129.0,382.68,13.9
12.49340725,2.2614,715.7,0.594,2.2,649.0,42.08,76.2
4.305917719,5.61993,361389.0,0.549,71.49,1266.0,607.76,6104.8
15.2384539,19.292,7019.0,0.74,9.84,829.0,111.67,56.0
11.1317901,4.051,95.5,0.342,1.47,999.0,235.55,18.2
76.5369531,5.574,652.2,0.327,3.73,503.0,15.15,17.7
14.28228147,2.6588,983.2,0.019,1.82,446.0,9.38,44.7
4.532416322,3.2864,34953.0,1.183,62.25,1328.0,735.27,175.6
7.72768833,2.06,404.8,0.203,1.89,899.0,154.46,14.6
5.251918489,5.59653,296478.0,0.317,51.51,1060.0,299.43,6979.7
7.340714946,2.9987,8510.5,0.568,14.31,1155.0,421.03,856.3
20.849919614,13.7687,313094.0,13.715,2912.48,1099.0,345.25,1614.7
0.683082998,4.409,143.3,0.694,9.92,6757.0,492690.35,26.1
9.3789167,3.3427,563.5,0.671,2.03,803.0,98.22,42.6
81.221876,4.1135,9883.0,1.01,16.59,385.0,5.2,63.0
7.21636091,2.218,384.7,0.017,18.03,2146.0,5009.17,37.2
8.39140024,1.193,134.4,0.342,1.1,921.0,169.89,9.2
2.2127498,3.054,22.7,0.229,0.68,1801.0,2494.14,9.3
330.80879,21.669,274.8,0.92,2.13,290.0,1.67,24.4
1.104462494,1.0458,469.1,0.151,1.6,1397.0,898.79,35.3
14.199840087,5.98531,214604.0,0.772,85.76,907.0,159.99,1408.6
1.485710994,2.2874,20823.9,0.105,14.48,1562.0,1404.81,1176.6
157.82131,12.42,192.3,0.1495,1.59,377.0,4.75,6.9
17.946328114,8.15905,102994.0,0.774,66.65,845.0,120.63,3497.6
0.986620248,3.9722,1345.8,1.252,43.98,2308.0,6719.67,117.7
1.89134201,4.674,128.9,0.2376,0.92,1325.0,729.42,8.9
91.4999978,19.5818,65496.0,0.736,21.86,335.0,2.98,1018.4
0.573036404,1.3176,4174.5,0.9279,9.97,2376.0,7539.67,419.6
11.6370303,3.3372,604.3,0.066,2.9,857.0,127.46,36.4
186.59466,16.57,685.0,0.1328,2.66,338.0,3.07,8.8
20.172024672,3.1488,5368.1,0.334,6.24,564.0,24.0,226.8
4.42535097,3.504,179.0,0.177,1.63,1240.0,559.22,22.1
22.92886314,2.0831,908.9,0.805,2.08,416.0,7.09,21.3
14.8877665,4.981,252.5,0.795,1.96,831.0,112.85,28.4
1.5259105,3.114,83.9,0.986,2.63,2545.0,9917.8,14.3
250.4858,12.72,674.6,0.3157,2.1,246.0,0.86,13.2
53.7406575,47.2475,116722.0,0.386,25.44,398.0,5.93,3568.1
3.709870784,3.0694,2020.3,0.023,4.35,1151.0,415.1,116.1
1.210693626,1.434,159.1,0.597,0.99,1351.0,784.51,41.6
7.56126152,2.851,180.6,0.253,1.2,891.0,149.17,15.7
81.675841,11.53,143.4,0.3455,1.31,420.0,7.33,7.0
215.044269,3.517,351.1,0.121,1.89,306.0,2.07,8.7
369.181947,3.239,913.0,0.021,2.6,245.0,0.85,9.9
39.6034,6.487,572.7,0.166,2.22,497.0,14.47,25.8
232.822285,0.99,22617.0,1.2469,48.88,305.0,2.05,8.8
131.68018,14.73,2067.0,0.1224,5.96,444.0,9.15,9.2
1.072934147,4.50475,96883.0,1.009,81.42,2523.0,9590.04,949.0
0.393726813,2.95,564.6,1.1898,24.17,2705.0,12661.53,64.8
13.19720694,3.4872,2141.4,0.568,4.18,642.0,40.03,116.2
0.56256804,1.686,4.5,0.692,0.63,5127.0,164220.08,11.8
10.4188915,3.0069,670.0,0.856,3.17,855.0,126.48,42.1
13.47472742,2.5995,729.6,0.025,1.96,634.0,38.21,25.3
45.977861823,7.4493,23886.1,0.367,17.09,541.0,20.32,1283.6
615.81928,14.93,168.0,0.1794,1.24,221.0,0.56,11.0
144.551628,16.599,1035.2,0.887,3.06,303.0,1.99,27.1
19.515013291,4.59379,256442.0,0.692,53.03,588.0,28.31,1018.8
4.580346161,2.097,308.3,0.384,1.38,889.0,147.56,49.8
12.4261809,29.09,92.2,0.98,1.88,976.0,214.85,39.0
2.1032389,6.4774,24852.5,1.209,36.63,1238.0,555.0,625.1
0.934885365,1.4083,270.4,0.731,3.21,2080.0,4435.29,57.8
232.040326,12.235,290.8,0.61,2.05,327.0,2.71,15.2
10.6784787,2.307,201.0,0.271,1.12,712.0,60.7,9.4
15.120212531,3.50007,24616.5,1.199,33.11,605.0,31.61,928.2
33.2407985,4.675,341.9,0.231,1.51,486.0,13.17,20.4
508.807642,4.495,2127.0,0.016,39.59,595.0,29.54,14.8
21.570508432,13.8604,134176.0,0.388,63.68,923.0,171.91,8616.1
425.22927,6.76,829.0,0.1812,1.4,125.0,0.06,6.4
0.89879279,1.031,26.6,0.249,0.57,2116.0,4765.1,5.7
3.221785738,3.3411,46379.0,0.777,25.03,1357.0,800.37,336.4
2.274628199,4.52648,103972.0,0.986,104.26,2092.0,4536.51,2047.9
41.408316686,5.0264,22838.9,0.377,11.38,453.0,9.93,907.8
12.7319385,4.4157,11449.0,1.278,70.11,1145.0,405.75,69.9
6.38899658,3.5032,543.3,0.876,2.89,970.0,209.17,45.8
26.0692512,7.487,831.5,1.206,23.61,591.0,28.85,59.7
12.720298433,2.4599,283.6,0.805,1.37,589.0,28.37,12.7
14.97436238,2.4461,265.4,0.092,1.28,631.0,37.53,24.9
2.698021895,23.192,6721.2,1.3,52.51,1582.0,1481.76,647.1
2.48883033,4.268,51.4,0.696,0.64,1230.0,540.34,15.1
5.24364571,16.984,270.4,1.201,25.01,1149.0,411.58,45.6
185.103836,4.19,581.4,0.019,14.63,670.0,47.72,10.9
7.21203748,4.0491,950.4,0.012,3.32,1025.0,260.58,51.5
43.1312147,3.198,447.8,0.67,2.39,554.0,22.21,11.8
3.00725068,4.4302,285.8,0.897,1.56,1122.0,373.99,30.0
203.511886,3.671,167.1,0.3979,2.07,442.0,9.02,9.3
12.10968709,6.3461,284.7,0.924,2.98,1005.0,240.8,33.4
10.135401047,5.6831,256062.0,0.704,89.16,1035.0,270.76,4311.3
0.93374073,4.296,147.6,0.009,0.84,1371.0,831.95,13.4
4.28746668,1.5693,790.1,0.374,2.29,942.0,186.31,19.4
1.82708193,1.96401,1164.7,0.033,5.95,1877.0,2925.17,273.7
12.13070414,3.843,211.2,0.083,1.61,901.0,155.85,15.3
62.3026877,7.509,859.3,0.712,3.05,454.0,10.05,45.0
18.0116764,6.006,417.2,0.683,2.02,695.0,55.07,23.3
0.992798625,3.5065,582.5,1.219,29.26,1967.0,3519.47,79.1
4.05943749,3.245,105.4,0.914,2.11,1295.0,664.54,18.1
36.4772788,2.092,463.0,0.5298,1.65,427.0,7.89,5.8
31.1748311,3.79,200.2,0.016,1.31,585.0,27.62,17.0
204.74104758,20.5357,333804.0,0.596,97.39,404.0,6.3,2000.2
10.31453308,3.6641,2004.1,1.276,29.6,885.0,144.83,71.6
2.015152464,8.17997,561687.0,0.308,132.05,2107.0,4657.05,4129.6
4.994773558,4.48893,259761.0,0.416,62.69,1264.0,604.21,5742.0
19.94752741,1.756,861.3,0.094,2.52,625.0,36.14,16.0
0.710894157,1.0183,122.6,0.134,1.16,2098.0,4599.89,18.9
22.1334224,2.049,654.6,0.025,1.76,507.0,15.65,16.3
0.705455349,2.469,74.9,0.447,0.64,1693.0,1936.09,18.0
333.71634048,4.8236,420.2,0.093,3.53,362.0,4.05,3.1
16.0505464,3.171,94.4,0.135,0.81,630.0,37.12,14.6
116.025744,3.539,1361.0,0.017,37.99,893.0,150.02,18.5
0.50818743,3.433,54.9,0.779,1.26,3274.0,27312.92,29.1
15.65134872,4.1553,3104.0,1.267,118.33,1396.0,898.69,81.6
0.676990194,1.69459,20505.9,1.223,37.5,1919.0,3192.15,997.0
3.855603916,3.2179,16652.7,0.348,13.61,1212.0,508.65,1173.9
0.533000886,1.54684,4398.5,1.271,40.94,2429.0,8170.3,327.4
23.5541012,7.3,95.2,0.536,2.33,1381.0,859.63,29.9
8.144135648,8.88876,87880.8,0.222,56.52,1491.0,1169.67,6113.7
2.820190603,2.554,467.5,0.614,2.53,1367.0,824.92,64.2
0.684496369,2.263,28.4,0.501,1.12,2913.0,17099.5,16.3
11.93137992,3.639,122.1,0.412,0.56,415.0,7.0,14.7
11.20058855,4.562,219.9,0.956,1.7,808.0,100.91,19.2
102.653705,53.5887,687.3,1.184,39.16,562.0,23.66,82.1
151.8851881,12.091,360.6,0.788,2.47,378.0,4.81,46.3
2.659418888,6.98414,305233.0,0.634,61.52,1352.0,789.69,5776.1
405.32064,7.77,561.7,0.2964,1.34,166.0,0.18,6.2
137.8645881,1.922,2363.0,1.265,15.9,170.0,0.2,28.2
4.17939037,2.647,172.8,0.317,1.52,1194.0,478.98,16.1
23.6272223,7.9,154.6,0.711,3.84,1358.0,804.44,65.8
2.115510941,7.2877,415163.0,0.492,191.42,2701.0,12609.03,1351.5
0.898932836,2.437,61.1,0.565,1.51,2489.0,9056.7,22.3
4.34195312,2.598,73.3,0.118,0.94,1236.0,552.7,10.6
1.75649346,3.429,27.5,0.242,1.62,2745.0,13425.76,13.3
342.315407,12.476,719.7,0.1974,3.15,304.0,2.03,13.3
0.695954898,1.469,318.1,0.103,2.58,2740.0,13264.33,8.5
126.55719,8.079,366.4,0.965,4.59,524.0,17.85,24.8
1.33259095,4.947,105.5,0.711,1.14,1776.0,2349.35,13.6
1.89131005,5.687,155.6,1.035,6.4,1590.0,1507.16,18.7
373.60683,8.752,534.8,0.588,2.5,271.0,1.28,9.3
2.71603664,1.744,98.5,0.44,1.05,1360.0,807.43,13.1
5.52418625,2.826,491.0,0.492,2.25,976.0,214.86,20.7
12.8177012,3.465,75.6,0.0006,1.21,999.0,235.16,8.0
2.954598,24.79,337.8,1.3662,89.95,2148.0,5028.39,18.1
15.926990634,11.5142,394232.0,1.368,93.94,566.0,24.16,3458.3
15.77111067,5.0574,547.1,0.009,2.62,752.0,75.61,123.2
1.14073528,2.394,13.5,0.768,0.68,3190.0,24512.67,7.8
8.25980352,2.928,298.4,0.161,1.35,714.0,61.43,18.3
59.7371443,8.0006,566.4,0.005,2.84,520.0,17.26,43.5
4.29388808,3.618,110.6,0.272,1.68,1532.0,1302.16,17.9
0.772803664,1.368,290.2,0.199,1.11,1365.0,826.03,8.5
1.33255801,4.74,48.7,0.397,0.62,1443.0,1025.1,8.7
2.178154348,3.4874,428.6,1.21,22.22,1392.0,886.88,93.0
3.64830183,1.9985,371.7,0.063,1.33,860.0,129.44,19.9
0.9439372,7.27446,279437.0,0.681,88.91,2273.0,6347.81,6351.7
199.66876,8.996,251.9,0.046,1.45,305.0,2.06,13.9
6.164876,3.262,55.8,0.646,0.79,1021.0,256.35,14.4
0.497581917,1.46,140.6,0.328,0.76,1801.0,2487.04,17.1
22.4685309,3.034,242.3,1.032,20.05,1040.0,276.85,21.3
0.537839241,2.169,23.5,0.2589,1.49,4061.0,64294.62,12.4
42.2625935,4.465,692.2,0.962,12.62,855.0,126.27,40.7
4.29263699,2.7,61.4,0.454,0.68,991.0,227.69,11.4
6.0404622,1.98,241.0,0.508,1.3,841.0,118.56,14.9
1.009671584,4.37759,155117.0,0.864,125.31,3287.0,27692.04,1440.7
17.4453935,6.39,501.7,1.254,32.01,770.0,83.11,16.4
0.569961046,1.446,44.2,0.343,1.04,2743.0,13463.04,18.9
438.81524,6.75,332.8,0.108,1.36,202.0,0.39,9.2
6.12810722,2.824,2336.0,1.159,39.52,1513.0,1237.9,17.5
2.403640701,1.4012,74.9,0.918,1.24,1489.0,1164.85,16.3
3.543919702,1.8717,507.0,0.022,1.21,652.0,42.68,38.2
27.5722144,5.256,296.3,0.562,1.94,636.0,38.62,20.0
1.958577398,2.388,453.0,0.59,1.8,1252.0,579.19,24.5
15.28467725,6.0768,321.3,0.774,2.7,852.0,124.4,38.1
0.82206761,3.8281,26189.8,1.216,91.21,2941.0,17747.85,486.3
12.425866431,29.1428,257.9,0.977,2.12,741.0,71.19,62.2
1.19550618,3.337,26.9,0.483,0.78,2152.0,5062.04,13.3
2.09227115,2.4062,207.6,0.271,2.06,1648.0,1746.66,30.0
0.525426427,1.0801,324.6,0.113,1.45,2069.0,4349.62,63.6
1.44445234,0.9753,200.7,0.162,2.03,1800.0,2479.44,20.9
5.851520671,3.11058,33003.6,0.211,14.62,901.0,155.89,1630.4
3.696121272,2.463,383.4,0.016,1.78,1095.0,340.33,130.0
13.1829329,3.594,518.0,0.016,1.84,661.0,45.19,13.8
3.518356021,6.90375,316750.0,0.593,64.49,1266.0,606.41,3217.6
256.846143,6.289,1706.0,99.85,46743.4,506.0,15.52,14.9
52.09081627,8.6388,2894.1,0.065,7.14,592.0,29.07,243.5
1.08195208,4.807,33.6,0.257,0.47,1526.0,1275.68,12.4
3.89524296,1.689,189.0,0.224,1.13,956.0,197.66,16.2
19.221388942,4.79843,74284.0,1.065,49.29,698.0,55.97,2317.0
5.53609368,2.2942,1223.3,0.791,2.2,566.0,24.23,22.6
1.81993557,2.43,109.1,0.768,0.66,907.0,159.62,10.1
12.3935651,3.8896,916.6,0.883,2.66,677.0,49.68,35.8
21.81295996,4.3791,1175.4,0.053,3.38,639.0,39.33,37.8
21.3851584,4.0819,663.9,0.518,2.17,574.0,25.63,67.3
2.6658312,5.771,40.8,0.864,0.99,1663.0,1807.48,12.4
15.0447098,5.823,97.9,0.022,1.51,931.0,177.24,23.4
158.6850022,11.5372,898.3,0.034,3.08,350.0,3.53,97.4
1.854493861,4.2367,1287.3,1.279,29.39,1291.0,657.94,108.2
152.15144795,26.8612,151815.0,0.857,53.89,362.0,4.04,2163.4
2.42803503,3.045,73.8,0.057,0.85,1516.0,1249.87,8.8
2.94194296,2.056,278.0,0.03,1.22,988.0,225.15,18.2
1.57017249,2.257,158.4,0.085,0.82,1232.0,543.06,10.2
6.770300385,2.0844,1304.0,0.838,2.77,812.0,102.87,50.8
44.9851885,4.164,617.8,0.664,2.09,433.0,8.34,12.7
63.52017525,17.1759,32548.4,0.375,77.1,745.0,72.92,1708.1
0.962815183,2.581,20.7,0.0916,1.12,3152.0,23331.88,12.1
36.1826854,4.2546,9471.7,1.267,56.41,635.0,38.4,124.1
2.55315031,1.849,185.3,0.32,1.25,1312.0,699.7,15.4
7.972510087,2.9754,3139.0,0.739,3.22,497.0,14.45,206.7
0.947738312,1.206,202.2,0.022,0.88,1229.0,537.85,13.9
28.297207229,3.94247,23193.1,1.227,54.15,713.0,60.99,2360.6
0.708726708,0.753,313.6,0.28,0.92,1302.0,684.35,13.4
14.97031664,5.884,290.5,0.352,2.53,883.0,143.33,28.9
8.8111022,5.0683,401.1,1.223,63.66,1399.0,904.92,76.8
0.692239369,2.91121,62962.0,1.074,67.05,2594.0,10725.15,469.2
2.751566365,5.2403,72609.0,1.041,42.98,1171.0,445.35,180.0
15.801100028,6.37505,37545.0,0.512,15.61,614.0,33.6,1642.2
17.855221681,7.41287,9065.2,0.075,13.16,911.0,163.04,915.7
1.985586627,2.53163,72584.2,0.804,105.22,2796.0,14480.75,1594.1
1.68207624,1.519,54.7,0.56,1.01,1980.0,3646.1,11.1
1.682695938,1.3867,703.8,0.025,1.23,750.0,74.7,75.4
2.95600563,2.6717,76.1,0.408,0.81,1211.0,509.55,35.5
471.65421,3.456,479.7,0.85,4.11,313.0,2.26,12.5
48.79936881,8.80873,324547.0,0.622,67.36,525.0,17.9,1151.6
0.96807117,1.677,104.8,0.53,0.72,1487.0,1157.58,15.4
41.19725502,4.6297,2213.9,0.045,3.86,439.0,8.76,51.2
5.59187448,1.6782,236.4,0.82,104.18,4793.0,124810.93,31.9
5.088582739,7.6066,448.9,1.195,46.02,1786.0,2400.3,40.3
20.8341497,4.522,803.1,0.269,2.26,563.0,23.82,26.2
0.866344816,1.9188,233.6,0.318,6.85,3569.0,38575.44,46.5
2.53470797,20.143,328.2,1.187,50.25,2117.0,4744.68,99.5
20.30303506,4.5038,533.4,0.793,2.16,630.0,37.12,44.7
1.25483232,2.67,117.6,0.547,2.89,2748.0,13493.55,11.4
84.5733346,5.762,891.6,0.024,2.59,366.0,4.26,20.4
1.679585725,7.34648,101786.0,0.97,28.99,970.0,209.45,1884.3
1.94468659,18.22,455.5,1.1592,69.59,3334.0,29219.04,17.1
0.928310036,1.1899,376.2,0.181,1.16,1115.0,365.72,22.6
0.933747395,4.798,30.9,0.541,1.24,2596.0,10738.05,26.7
36.4337867,4.388,406.8,0.25,2.2,561.0,23.35,16.2
2.897432135,3.1793,1223.7,0.967,14.35,2170.0,5240.0,73.9
145.5624926,5.4126,2931.6,1.274,40.15,387.0,5.33,58.1
20.7106853,42.737,1003.0,1.252,89.55,1246.0,570.64,154.4
3.98216698,2.396,381.3,0.775,3.32,1374.0,842.48,27.1
0.655094658,6.159,372.0,1.22,26.41,2173.0,5290.98,59.5
5.60473115,2.885,210.0,0.221,1.11,866.0,132.98,11.9
5.349791,4.279,88.8,0.867,1.29,1156.0,422.79,23.3
6.82778157,2.3726,545.8,0.336,1.34,577.0,26.31,32.2
456.5734,5.465,397.5,0.1768,7.88,413.0,6.88,7.6
9.1447861,5.422,268.8,0.742,1.63,843.0,119.61,14.9
176.17377,14.58,349.9,0.2545,1.76,323.0,2.57,8.2
1.387206724,3.82527,151432.0,0.856,103.41,2619.0,11126.98,1752.6
99.673478,0.968,2496.0,11.6846,576.14,262.0,1.11,12.6
5.36652724,8.367,3122.5,0.985,7.97,982.0,219.72,50.7
153.979362,9.028,792.5,0.036,2.53,330.0,2.82,16.1
15.3626052,3.736,468.3,0.25,1.8,608.0,32.23,19.7
393.946106,6.012,747.5,0.9691,18.07,440.0,8.83,10.9
12.4253356,27.49,374.4,0.966,2.02,683.0,51.57,35.4
10.61345333,0.9829,150.2,0.535,1.77,987.0,224.63,20.0
11.320287875,4.82219,243413.0,0.526,59.23,928.0,175.69,1539.9
5.874197307,4.26585,205698.0,0.7,59.2,1112.0,361.15,2200.0
452.10093,12.69,464.0,0.1063,2.08,254.0,0.99,6.2
0.983304511,1.78,79.9,0.477,1.1,2121.0,4774.53,10.1
18.5525162,4.385,771.5,0.78,2.53,612.0,33.14,17.2
5.1233204,2.7466,286.2,0.308,1.65,994.0,231.12,25.1
8.0970583,5.699,680.7,0.959,4.83,1203.0,495.31,76.4
10.26782676,6.02685,247175.0,0.277,73.59,1136.0,393.02,5758.7
0.566798676,2.777,59.9,0.01,0.68,2051.0,4160.07,12.8
7.23858162,3.1199,268.2,0.147,1.34,816.0,104.51,41.6
5.95958637,2.899,133.1,0.26,1.02,897.0,153.48,16.1
11.13127159,4.2372,211.2,0.01,2.06,952.0,194.31,36.8
4.77466043,3.804,54.3,0.03,0.81,1137.0,395.06,15.5
386.828262,5.045,1024.9,0.953,6.54,340.0,3.15,19.7
11.08956602,6.2877,148.1,0.02,3.51,1422.0,965.62,38.9
17.844323157,5.07999,222364.0,0.757,90.67,874.0,138.25,4456.6
13.89963233,3.5791,1121.7,0.777,2.46,521.0,17.37,98.2
1.141877248,4.33931,309490.0,0.598,88.62,2184.0,5358.79,2036.3
19.57783279,1.9857,432.6,0.694,1.96,621.0,35.14,37.2
0.705891195,5.281,15.0,0.511,1.0,4884.0,134291.26,32.9
1.34062901,3.076,69.5,0.531,0.82,1678.0,1876.57,13.1
17.329965871,8.43812,252721.0,0.705,42.58,548.0,21.34,1938.7
3.14051153,8.2806,1444.4,1.251,31.01,1306.0,689.48,139.5
0.566792936,2.846,23.0,0.467,0.79,3114.0,22251.32,14.3
10.10176739,2.1267,601.7,1.251,26.09,829.0,111.86,28.8
2.489550708,2.84685,29838.9,1.185,36.91,1281.0,636.43,443.6
30.6528935,4.99,269.7,0.682,2.86,780.0,87.69,17.4
73.506021,5.734,485.6,0.473,2.37,471.0,11.66,11.3
14.37457572,4.7892,335.8,0.035,1.94,779.0,87.24,55.2
5.88350251,2.556,217.7,0.362,1.27,949.0,192.09,11.9
3.895936525,2.3111,8544.8,0.524,7.34,1005.0,241.62,370.8
25.9493253,12.17,354.5,0.655,1.04,409.0,6.62,13.1
5.889372452,4.94674,56841.0,0.403,50.78,1695.0,1951.4,4146.7
125.0426,8.99,104.3,0.5215,1.2,416.0,7.06,6.4
5.24372504,17.136,234.4,1.201,20.41,1017.0,253.25,51.6
9.439459486,2.8979,3036.1,0.049,4.16,686.0,52.32,175.2
1.433262145,5.6316,1849.5,0.933,5.67,1769.0,2319.46,159.3
569.934135,4.1904,18904.0,0.919,38.98,296.0,1.81,66.7
1.36293943,10.32,54.4,1.13,31.28,2630.0,11346.02,15.8
23.9107056,4.996,294.0,0.398,1.91,709.0,59.76,12.9
37.878483588,10.5972,222232.0,0.763,46.42,503.0,15.19,1157.6
14.854415674,5.13753,77410.4,0.57,29.77,798.0,95.83,2822.1
7.2935801,40.02,124.5,1.157,17.41,925.0,173.44,26.6
28.027891356,17.3269,243231.0,0.6493,31.3,440.0,8.86,2829.0
1.3866358,4.77,70.1,0.3783,0.72,1503.0,1205.94,6.8
1.89124453,5.08,31.0,0.734,1.19,2200.0,5537.41,19.4
370.62071,12.58,344.3,0.1419,2.12,295.0,1.78,10.5
9.75374033,2.348,430.8,0.295,1.87,813.0,103.3,18.9
0.566800593,3.909,12.3,0.2,0.48,2783.0,14091.55,10.4
1.000840564,1.3292,2714.4,1.165,80.25,3367.0,30248.83,73.2
9.82578495,5.2498,433.3,0.888,2.66,935.0,180.36,38.1
6.46004728,1.979,394.2,0.828,1.8,883.0,144.06,17.0
0.93375241,6.352,518.0,0.989,3.18,1594.0,1528.26,55.5
8.870415578,1.2864,873.1,1.206,39.46,1151.0,414.26,43.8
38.5763483,19.861,282.1,0.015,2.05,619.0,34.77,76.3
1.89127438,4.491,32.3,0.514,2.03,3342.0,29488.85,24.6
11.35010642,2.2792,1221.0,0.035,1.75,403.0,6.25,38.3
46.698200933,3.57049,54592.5,1.131,38.79,468.0,11.31,879.0
401.73243,1.535,366.4,0.0839,2.88,307.0,2.09,5.8
9.94221873,2.453,486.5,1.171,19.64,754.0,76.56,12.6
84.704139,10.393,655.7,0.01,4.17,537.0,19.59,17.0
22.9221181,8.2,140.3,0.603,1.33,684.0,51.7,24.0
11.32029599,4.5866,4303.5,0.914,8.02,811.0,102.12,85.0
0.60818508,0.909,144.7,1.835,96.03,2298.0,6637.9,18.9
0.62240698,1.186,155.8,0.0908,1.63,2663.0,11894.49,10.2
4.593595496,2.7468,45034.0,1.147,44.14,1022.0,258.12,92.0
11.75560012,4.7,648.8,1.228,22.39,716.0,62.19,46.3
96.109323,9.877,982.3,0.948,4.01,409.0,6.59,28.7
0.651731691,2.4602,20524.2,1.255,71.9,2604.0,10815.86,347.5
5.87063416,2.5736,505.6,0.642,1.44,616.0,33.99,23.2
2.171827838,3.2205,42086.0,1.323,58.56,1311.0,698.31,300.6
1.633107509,1.491,60.8,0.35,0.53,1083.0,324.97,21.7
2.08043378,7.708,6861.2,5.106,510.48,1629.0,1661.27,289.1
0.768934934,1.216,846.8,0.989,4.09,1713.0,2026.85,58.9
10.692115,4.657,408.4,0.734,2.71,1008.0,244.47,9.4
22.9138322,4.855,340.3,1.189,30.24,785.0,89.68,8.0
49.26678528,5.5692,8494.0,8.364,929.36,538.0,19.79,309.0
20.2340219,3.674,193.6,0.249,0.99,562.0,23.53,11.5
0.780632043,1.4109,736.5,1.306,79.67,2714.0,12837.08,141.0
13.0607936,3.215,236.6,0.718,1.45,734.0,68.66,19.4
235.20613,6.989,642.0,0.297,1.71,230.0,0.66,6.8
274.553579,5.95,218.3,0.1125,1.66,322.0,2.55,6.7
38.51077573,38.8558,84633.4,0.467,18.68,352.0,3.64,3567.5
2.065351521,2.661,173.2,0.63,1.03,1196.0,485.51,25.3
160.243128,5.393,556.4,0.258,15.72,686.0,52.5,10.2
16.294213708,6.01687,174006.0,0.612,68.05,929.0,176.22,7486.2
105.0145774,7.426,296.0,0.954,2.29,406.0,6.44,33.9
1.08469871,4.077,124.0,0.672,1.11,1757.0,2247.25,16.9
136.355967,3.17,165.1,0.6066,1.42,380.0,4.93,6.3
1.89125883,4.656,274.5,0.013,23.6,4480.0,95092.9,15.3
0.817026268,2.0799,1145.5,0.01,2.92,1784.0,2386.13,121.1
1.332580225,2.057,46.3,0.519,2.18,3111.0,22103.67,16.4
31.82814583,2.917,4456.8,1.276,35.8,564.0,23.97,78.7
0.961292561,4.64294,325530.0,0.579,92.55,2344.0,7160.97,1703.0
118.4039,5.593,426.0,0.4062,3.46,517.0,16.83,4.4
7.31945294,4.881,166.8,0.112,5.05,1682.0,1891.07,16.3
7.69994466,4.432,70.9,0.018,0.92,969.0,208.61,17.4
47.7052566,5.959,1161.5,0.918,2.89,347.0,3.42,22.8
4.464565251,4.0221,74112.0,1.046,43.21,1024.0,259.97,286.4
3.722404453,2.5214,55368.0,2.375,144.2,1082.0,323.4,148.9
501.90703,12.43,306.9,0.0805,1.83,254.0,0.99,10.3
13.48457668,5.0197,653.5,0.011,3.39,929.0,176.29,80.8
23.9553986,3.204,228.7,0.669,2.84,741.0,71.16,13.9
1.540399732,1.63,57.6,0.106,0.58,1312.0,700.19,14.8
410.99389,12.01,550.0,0.3421,2.09,220.0,0.55,8.7
21.4618453,5.675,122.2,1.139,19.89,722.0,64.17,13.4
3.530164642,4.11466,69923.0,0.019,35.71,1465.0,1086.97,731.2
18.11473813,5.2706,241.5,0.896,2.49,830.0,112.43,51.3
150.0189511,4.3823,4319.7,1.252,32.6,325.0,2.62,106.2
0.922030594,4.367,13859.0,1.242,49.63,2194.0,5474.27,331.7
4.81712182,2.45699,35756.4,1.233,43.45,922.0,170.42,445.3
2.442941283,4.1847,37338.0,1.164,48.18,1352.0,788.17,229.7
5.519188936,7.1351,217073.0,0.459,43.06,932.0,178.7,2270.6
16.56062577,2.611,700.8,0.96,2.94,701.0,57.28,30.8
16.0573291,3.546,575.0,0.883,2.27,645.0,41.04,17.5
12.02295362,1.2667,778.6,0.965,3.28,776.0,85.78,20.1
0.93378068,3.706,72.7,0.251,0.63,1427.0,985.2,9.2
52.6727624,3.039,248.0,0.1764,1.64,521.0,17.45,6.7
1.17430183,9.587,64.5,0.9744,2.22,3020.0,19656.66,13.5
0.566794934,4.399,68.9,0.974,1.15,2457.0,8648.94,21.7
0.84112187,2.0431,75070.0,1.0871,39.34,1514.0,1240.91,89.7
0.566801886,5.733,5.9,0.3733,0.54,3862.0,52564.19,16.3
8.16733851,3.337,104.9,0.801,1.03,865.0,132.43,14.8
256.52387,9.07,126.1,0.1065,1.33,338.0,3.1,7.5
15.420409367,2.3707,14759.2,0.955,16.62,661.0,45.03,268.5
2.446737317,4.7211,1177.9,1.241,26.25,1261.0,597.19,110.2
5.56648691,10.931,694.9,0.935,43.67,2618.0,11089.75,103.6
28.64338839,1.2246,624.3,0.968,5.82,871.0,136.32,23.1
11.8288843,3.337,191.0,0.2658,1.18,730.0,67.13,9.1
7.04710032,2.926,400.9,1.195,25.2,986.0,223.84,24.0
1.686009643,1.1818,390.4,0.566,1.81,1442.0,1024.99,48.5
321.00742,13.01,307.1,0.6639,3.7,351.0,3.59,11.1
5.852968845,4.5973,1146.5,0.316,3.46,1056.0,293.93,152.4
15.7397651,3.297,287.7,0.077,1.18,536.0,19.54,11.2
0.812678859,0.841,39.3,0.664,0.83,2403.0,7917.14,7.4
37.8862977,5.218,672.2,0.026,2.09,479.0,12.46,14.4
159.388788,8.432,1033.0,0.109,2.73,289.0,1.65,17.3
575.42002,17.22,401.7,0.1538,1.91,225.0,0.61,11.7
410.88527,24.1,2059.6,100.196,200346.0,774.0,84.63,21.5
13.22175358,2.7884,876.5,0.451,2.38,640.0,39.56,93.6
0.530300102,2.8502,3040.0,1.2507,35.73,2410.0,7972.18,207.4
1.334104585,3.14624,61690.8,0.986,44.9,1880.0,2954.64,1334.6
5.756245244,1.071,623.6,0.888,2.24,773.0,84.16,45.5
20.3504704,7.225,101.8,0.192,1.01,695.0,55.07,16.6
2.49047468,2.2003,222.2,0.522,1.53,1413.0,940.43,20.7
371.47786,12.3,264.9,0.128,1.2,203.0,0.4,8.6
6.73968289,4.183,142.0,0.662,1.48,1011.0,246.9,15.4
11.29689442,4.623,198.5,0.634,1.74,907.0,160.18,20.9
7.2269859,14.241,160.3,0.561,0.79,603.0,31.23,26.2
3.0570982,3.571,144.0,0.104,0.99,1202.0,493.09,15.7
16.39926461,3.4108,220.8,0.115,1.94,847.0,121.53,46.4
44.827323809,6.86103,237120.0,1.494,429.0,779.0,87.2,4484.5
0.933157032,2.614,87.8,1.046,7.29,2202.0,5565.35,15.2
18.2206024,5.109,201.8,0.125,1.78,786.0,90.43,19.7
6.279888981,5.5086,1514.6,1.244,196.78,1931.0,3281.24,150.5
1.506507172,4.5346,880.9,1.226,13.4,801.0,97.56,86.7
2.30118753,7.8216,87537.0,1.033,140.23,2783.0,14194.09,404.8
28.7796446,8.349,253.2,0.886,1.95,619.0,34.65,36.5
3.026764871,4.32532,66719.9,0.198,26.36,1360.0,810.38,1561.2
43.5859419,4.6814,1708.7,0.011,2.05,275.0,1.35,38.9
49.1011093,6.341,845.6,0.52,3.28,498.0,14.57,39.7
20.30652862,2.8014,715.4,0.714,1.58,389.0,5.4,60.8
10.31174786,3.1818,275.9,0.747,1.34,634.0,38.13,81.7
4.4645454,2.8823,194.3,0.808,3.07,1601.0,1555.36,37.6
13.6917833,4.198,145.4,0.142,1.12,770.0,83.37,14.2
363.17077,28.26,384.6,0.008,9.82,810.0,101.64,20.9
2.96384168,5.4768,35652.8,1.059,43.7,1406.0,925.63,607.5
1.334101467,2.1033,120.8,0.153,1.74,2169.0,5207.55,43.0
356.99135,17.03,747.8,0.2437,2.47,240.0,0.78,13.8
13.59051547,3.784,621.9,0.232,2.4,724.0,64.8,27.7
462.463589,5.007,1024.3,0.386,8.92,355.0,3.78,13.2
2.41810158,2.144,46.8,0.016,0.85,1602.0,1555.96,13.4
8.947426242,4.89701,85995.2,0.517,45.87,1141.0,401.11,7878.0
8.31377304,2.964,837.4,0.002,2.74,886.0,145.51,19.6
449.57274,9.328,221.4,0.2059,3.08,333.0,2.89,14.1
2.380862632,4.20416,32634.0,0.664,21.65,1480.0,1133.0,2590.6
613.82905,18.18,148.2,0.2616,2.85,307.0,2.1,10.2
25.9200092,5.609,331.4,0.054,1.28,515.0,16.59,10.9
2.43585046,2.088,60.5,0.471,2.6,2544.0,9880.82,14.9
402.41511,5.156,780.6,0.281,2.52,253.0,0.96,9.5
14.49645186,4.016,647.5,0.97,3.01,613.0,33.48,25.7
203.8406,9.33,227.4,0.04,2.41,385.0,5.21,8.6
21.58752788,4.4968,336.8,0.009,2.18,747.0,73.42,34.0
1.073917869,2.4305,1926.6,1.266,33.01,1794.0,2450.63,137.5
27.677680103,2.1704,11545.0,0.933,14.41,618.0,34.55,431.6
0.739769962,1.95901,20729.3,1.212,82.29,3013.0,19590.61,726.2
0.566802672,3.545,31.7,0.128,1.08,2791.0,14458.31,14.3
0.566803738,1.8481,100.6,0.6755,1.13,2450.0,8516.13,33.1
1.540398683,1.5676,73.0,0.47,12.65,4689.0,114263.25,4.8
3.79188234,2.15,417.0,0.615,1.95,1201.0,492.81,6.6
3.3226948,3.568,78.7,0.4722,15.33,3859.0,52428.3,8.6
6.38671206,1.201,223.7,0.015,1.19,811.0,102.25,11.6
5.888835386,3.7988,19466.0,6.217,584.67,1008.0,243.87,208.2
0.53835407,1.5045,190.2,0.334,1.67,2386.0,7609.22,46.6
282.5363563,10.3088,29233.2,1.227,70.53,360.0,3.98,854.1
49.5740154,63.196,8772.9,0.472,5.01,280.0,1.46,200.6
0.566793818,4.929,100.3,0.985,1.17,2027.0,3972.65,18.3
1.187352427,4.999,20703.0,1.222,67.35,2251.0,6067.3,717.4
105.3582299,3.81,1210.2,0.75,1.87,204.0,0.41,22.6
191.272501,3.064,286.5,0.504,1.59,310.0,2.18,5.8
1.865114193,0.4279,1124.8,0.785,0.66,455.0,10.1,56.9
0.938074536,1.9618,575.9,1.196,417.01,5718.0,251840.36,36.1
25.1593389,5.198,358.1,0.035,1.76,619.0,34.7,13.1
10.38122447,2.715,801.5,0.319,2.18,672.0,48.37,41.9
1.33257715,5.158,27.1,0.326,0.44,1553.0,1378.01,15.5
399.49671,5.351,139.3,0.0814,1.39,286.0,1.59,6.9
12.1097626,10.174,113.9,0.981,1.09,681.0,50.68,28.2
39.30944096,5.77,1132.1,0.028,2.87,488.0,13.46,122.9
8.480303653,7.48907,81427.9,0.195,22.25,762.0,79.65,301.4
7.226944171,23.0124,682175.0,1.233,237.79,1179.0,457.25,3076.6
323.66542,20.37,1178.0,0.031,1.58,133.0,0.07,9.1
2.002779769,2.231,260.5,0.242,1.42,1311.0,696.4,22.2
0.968065631,1.772,92.5,0.518,0.68,1487.0,1157.58,14.0
1.25338826,3.828,44.7,0.469,0.64,1651.0,1750.61,14.8
4.225384543,2.82038,7563.0,0.074,9.0,1111.0,360.46,1457.8
0.503199724,1.117,275.6,0.492,1.06,1363.0,819.89,10.1
143.196381,10.424,618.1,1.017,6.64,380.0,4.95,17.4
8.79991878,41.564,869.1,1.6053,224.56,1979.0,3624.62,236.1
5.48711441,2.93,1328.6,0.812,3.24,836.0,115.29,51.9
14.2821417,2.068,224.9,0.012,1.08,625.0,36.03,8.7
1.540395674,2.80168,70614.6,1.072,117.33,2850.0,15595.35,997.9
18.13559979,2.019,452.7,1.194,24.49,744.0,72.36,16.4
10.68758211,3.3812,777.7,0.818,2.64,780.0,87.41,78.9
27.0142622,5.385,287.6,0.009,2.0,677.0,49.65,25.5
2.991884392,7.5583,123880.0,0.496,40.11,1486.0,1154.88,1280.3
57.6896212,5.118,1626.6,0.924,5.14,512.0,16.19,30.2
10.423677439,5.2257,777.3,0.005,3.72,1012.0,247.48,204.4
24.81097206,3.2245,2090.8,0.039,4.22,631.0,37.43,123.9
47.903427,6.191,379.3,0.918,3.55,598.0,30.17,34.1
7.74347801,2.7878,77.8,0.018,0.62,727.0,65.88,24.4
8.05337912,5.382,38.3,0.035,1.28,1320.0,717.7,14.9
3.13295351,2.2207,435.2,0.135,1.39,937.0,181.84,23.9
56.4758069,5.961,1091.8,0.862,3.22,417.0,7.14,70.0
0.987338654,2.591,26.5,0.002,0.98,2669.0,11973.87,25.0
1.583334941,4.4854,177074.0,0.781,52.0,1548.0,1362.14,368.8
191.528018,2.342,171.8,0.0258,1.32,334.0,2.95,6.4
24.4851178,4.642,263.8,0.987,7.14,1179.0,456.64,10.9
308.255238,11.959,637.1,0.018,18.98,576.0,26.05,13.8
10.14873521,5.603,116125.0,0.965,71.11,1045.0,281.19,250.9
3.88148385,2.679,36.3,0.252,0.59,1156.0,423.0,11.9
0.523493764,0.9015,54.0,0.083,1.82,3565.0,38110.61,23.5
28.59914031,3.6567,1585.1,0.009,1.83,298.0,1.87,53.8
2.16132662,4.487,112.2,0.778,0.5,687.0,52.58,25.3
33.65766894,40.787,15379.5,0.306,78.44,1211.0,508.66,519.2
9.76785911,2.1649,585.4,0.916,2.54,749.0,74.48,54.1
231.521608,2.819,478.7,0.5303,1.96,274.0,1.34,6.1
3.43525124,4.509,152.2,1.121,25.43,1579.0,1468.73,6.3
0.579770948,1.0377,467.9,0.946,2.4,1953.0,3425.06,44.3
8.4803048,7.5348,2672.9,0.027,4.13,777.0,86.01,70.1
4.01668015,2.2828,38007.0,0.911,22.11,1016.0,252.13,87.9
31.2012202,4.077,360.1,0.714,1.47,406.0,6.44,13.7
1.4951513,3.43,52.0,0.974,1.44,1870.0,2880.38,14.2
4.45743267,2.3226,175.7,0.175,0.79,732.0,67.7,20.8
34.1420506,2.945,788.0,0.105,1.06,248.0,0.89,13.3
491.52571,12.43,457.3,0.4713,1.43,159.0,0.15,8.8
0.622303871,1.84,80.9,0.338,0.77,2032.0,4050.15,9.9
2.53573284,3.989,68.0,0.054,1.36,1671.0,1842.18,25.5
0.492291661,0.894,1107.6,0.957,3.42,1788.0,2415.37,62.0
26.936878,4.969,246.9,0.2807,1.57,617.0,34.24,8.8
10.035381809,3.4062,2829.7,0.079,4.42,786.0,90.33,150.9
26.6757818,2.696,474.8,0.713,2.69,630.0,37.15,20.0
1.507101452,5.2005,15847.0,1.246,39.32,1573.0,1453.29,273.5
11.521446064,3.6399,17984.3,2.483,150.51,753.0,75.88,622.1
309.933134,7.165,176.1,0.73,1.8,319.0,2.43,8.3
407.97623,14.69,237.5,0.0598,4.63,498.0,14.53,11.2
18.1118457,6.309,328.7,1.235,31.25,803.0,98.09,10.8
7.51509713,2.62,187.1,0.934,1.23,685.0,51.99,10.1
2.19068738,4.41,66.3,0.594,1.68,2017.0,3913.33,44.1
1.343767797,1.9405,4702.6,0.891,18.66,2654.0,11675.38,269.8
11.082622625,6.62584,268725.0,0.207,48.38,793.0,93.67,1725.6
1.844857057,1.6557,85.6,0.594,0.97,1601.0,1548.86,21.5
29.6990126,1.849,93.3,0.3636,1.93,880.0,141.6,7.4
101.952048,5.991,152.5,0.084,1.31,428.0,7.92,10.3
36.616669,8.62,237.4,0.3646,1.68,548.0,21.35,3.4
5.197420145,6.78534,91307.3,1.025,81.49,1416.0,949.86,4262.1
10.443341795,3.94077,145294.0,0.707,44.35,892.0,149.21,842.1
10.26558924,3.879,254.6,0.663,1.65,828.0,111.18,18.8
17.7838298,3.997,247.1,0.115,1.6,729.0,66.87,18.7
8.21429932,3.099,70.7,0.667,1.66,1312.0,701.11,19.7
4.719336335,2.83787,12367.1,1.269,91.91,1722.0,2078.32,632.4
2.56658897,2.429,226.5,0.755,1.59,1360.0,807.74,15.0
4.14244748,2.203,69.9,0.386,1.82,1907.0,3128.33,12.3
236.25776888,3.3549,168.4,0.085,2.69,460.0,10.61,5.3
25.1933989,4.62,481.2,0.679,1.95,513.0,16.34,18.0
381.18654,9.73,985.0,0.4109,2.29,193.0,0.33,9.0
4.35370136,1.913,168.9,0.535,1.33,1179.0,456.83,12.2
1.71024931,2.833,98.6,0.508,1.2,1766.0,2298.2,9.4
2.226496196,1.7073,1839.1,0.048,2.1,697.0,55.76,36.0
43.204596783,15.0402,202488.0,0.399,43.15,519.0,17.15,4750.2
1.171536413,1.5878,1132.7,0.973,7.12,2387.0,7673.2,67.0
2.10413487,4.2269,321239.0,0.611,67.03,1421.0,963.4,86.4
3.217518511,2.11481,14319.4,0.638,11.38,1185.0,464.73,1287.4
394.67816267,6.05443,253376.0,0.708,52.16,235.0,0.72,1500.7
5.270733213,2.7822,293637.0,0.428,37.93,693.0,54.59,553.0
17.84850835,5.8919,391.2,0.849,3.29,888.0,146.82,43.5
9.59993246,4.3206,271.2,0.063,2.08,967.0,206.91,52.0
13.02493307,4.5706,778.4,0.004,2.88,786.0,90.1,119.3
0.900375925,1.257,41.4,0.093,0.82,2078.0,4399.18,14.6
319.30633,6.74,155.2,0.092,1.26,279.0,1.44,7.2
2.586639524,2.253,217.7,0.349,1.44,1328.0,735.48,77.3
501.51698,3.809,487.0,0.0768,1.99,224.0,0.59,6.9
3.74779583,3.157,88.5,0.39,1.06,1324.0,725.94,14.4
251.7512,4.314,114.3,0.943,1.25,272.0,1.29,7.5
1.35477049,1.618,145.3,0.24,0.8,1102.0,348.9,14.8
5.60013327,2.6508,329.2,0.046,1.73,952.0,194.26,22.8
0.828326025,1.42721,10718.0,1.3292,49.67,1845.0,2739.59,164.5
10.882416555,5.4674,16629.5,1.199,29.69,632.0,37.81,265.2
3.55643514,8.529,45.8,0.146,0.75,1297.0,669.38,13.4
5.2433865,12.472,65.4,0.489,0.75,1038.0,274.95,19.2
10.41728722,4.125,210.4,0.12,1.64,870.0,135.34,20.3
17.32670445,4.269,800.0,0.756,2.23,535.0,19.38,34.8
7.03146295,5.922,85.4,0.014,1.38,1194.0,480.26,33.8
1.655472351,5.09197,174198.0,0.836,125.25,2546.0,9914.08,823.8
88.40678718,12.3079,1724.4,0.535,4.55,410.0,6.65,328.0
0.416995408,0.8928,112.6,0.089,0.84,2433.0,8299.79,19.9
112.303136,5.869,502.1,0.248,1.3,241.0,0.79,13.1
24.3398202,3.891,777.3,0.928,5.09,737.0,69.79,27.8
1.88912273,4.219,60.2,0.477,0.59,1248.0,573.44,15.5
8.19596647,2.824,792.8,0.252,2.04,672.0,48.2,20.2
2.711504086,3.0099,837.5,0.023,3.12,1420.0,960.79,64.5
15.4032765,3.246,253.0,0.623,1.32,626.0,36.41,9.2
1.615357809,1.1435,499.6,0.931,1.37,806.0,99.32,31.2
13.36019864,2.788,699.9,0.534,1.84,520.0,17.3,21.3
374.878133,10.556,914.6,0.626,4.27,282.0,1.49,21.9
4.887803076,2.36255,4315.8,0.054,4.82,800.0,96.67,862.3
4.544436472,1.8141,879.3,0.731,3.0,1017.0,253.48,42.5
373.89398,27.66,730.0,0.963,2.51,206.0,0.42,18.5
353.40191,6.681,948.0,0.4702,2.35,202.0,0.39,9.1
9.726748645,19.4093,393412.0,1.883,277.38,997.0,233.38,4414.3
4.737713268,6.384,105259.0,0.8,29.25,882.0,143.54,476.7
8.98826122,4.96,160.8,0.92,1.39,864.0,131.92,14.5
13.24503482,4.4078,156.1,0.498,1.77,887.0,146.31,35.7
12.4964346,84.32,271.7,1.17,55.34,1397.0,899.44,141.5
1.52373073,1.4796,364.7,0.942,1.26,818.0,105.95,34.1
172.7046083,11.347,659.1,0.004,2.85,355.0,3.77,92.9
0.73619448,1.1148,247.3,0.689,1.84,2268.0,6218.56,27.2
1.922799706,1.8604,259.7,0.036,1.28,1215.0,514.44,30.1
1.674984844,4.92134,234579.0,0.731,150.48,3055.0,20561.29,858.8
423.73074,19.4,834.9,0.37,2.48,225.0,0.6,12.1
5.428344915,1.8931,13756.0,0.911,14.88,1033.0,269.19,140.2
3.936993144,1.887,1266.0,0.801,3.36,1004.0,240.16,59.3
48.118812545,5.27958,69850.7,1.079,45.18,490.0,13.6,2145.1
22.18332255,5.1364,748.1,0.024,2.78,646.0,41.24,70.3
114.661733,2.784,281.8,0.863,1.38,316.0,2.37,7.3
3.39155966,3.87,28.4,0.182,0.49,1183.0,462.47,8.2
8.68910764,1.1627,1679.0,0.049,0.49,211.0,0.47,9.6
1.340596782,1.6484,107.5,0.007,1.16,1783.0,2393.35,37.6
25.95198823,14.602,5103.3,1.269,39.94,680.0,50.51,125.0
9.63647672,2.999,47.6,0.046,2.02,1243.0,565.04,11.1
20.004714,2.952,115.7,0.18,0.89,577.0,26.19,6.7
2.24572117,3.88,48.2,0.596,0.74,1479.0,1131.64,13.6
209.06299275,10.0389,250913.0,0.823,72.26,329.0,2.77,3295.6
5.95489993,2.3892,1410.7,0.327,2.33,635.0,38.52,87.2
4.431238488,3.15,1010.9,0.405,3.25,1104.0,351.23,71.1
0.594003994,5.557,25.4,0.4978,1.55,4952.0,142174.84,51.1
44.9306706,6.539,438.4,0.481,2.49,565.0,24.17,33.8
0.687898282,3.96401,293505.0,0.337,55.58,2062.0,4267.13,1571.6
4.83809469,1.096,1544.0,0.014,0.79,354.0,3.7,11.3
19.226055,2.949,3266.0,0.2579,3.52,513.0,16.32,10.1
21.67699193,3.4555,857.2,0.896,2.95,530.0,18.64,34.3
358.66044,16.732,133.8,0.062,1.62,304.0,2.02,15.6
54.061328105,4.48223,79684.0,1.336,88.28,514.0,16.51,1012.2
24.5002702,4.079,153.5,0.405,0.73,409.0,6.61,13.3
277.77499,7.07,1078.0,0.6035,2.48,216.0,0.52,9.2
19.93364711,8.6122,174830.0,0.852,75.88,848.0,122.24,1863.4
2.379282197,3.1729,48434.0,0.003,25.74,1571.0,1442.19,538.0
28.7369766,1.586,525.0,0.1108,1.95,550.0,21.64,5.5
20.413052415,4.4621,92672.5,0.777,35.03,668.0,47.14,1620.8
0.591280187,1.1656,135.0,0.395,1.3,2385.0,7620.01,21.6
45.0909201,4.605,436.3,0.957,2.44,487.0,13.27,14.1
25.9421582,4.045,569.7,0.577,1.95,501.0,14.85,31.6
290.438547,12.85,212.9,0.0916,1.11,235.0,0.72,11.9
0.527673051,1.631,28.3,0.216,1.43,4056.0,63629.23,13.5
18.93055119,3.372,684.0,0.583,4.41,766.0,81.42,26.2
1.65320144,1.525,132.1,0.148,0.74,1059.0,296.8,6.7
3.479508244,3.9097,3000.4,1.252,444.46,3167.0,23775.98,195.7
26.85323647,4.4557,965.8,0.01,2.65,544.0,20.77,53.3
0.531106622,3.0293,5133.6,0.94,7.54,1781.0,2371.49,286.2
371.21205,19.95,719.9,0.357,2.55,259.0,1.07,12.9
1.882438182,3.50695,344205.0,0.395,74.77,1818.0,2589.75,2051.3
40.05881661,5.595,1239.4,0.819,3.43,489.0,13.57,62.6
5.62904396,3.7295,39.5,0.237,1.39,1576.0,1459.41,32.2
0.447820618,0.4199,58.3,0.317,1.42,3141.0,23149.06,28.4
0.998217563,3.90851,87567.2,1.003,88.64,2795.0,14421.97,3979.1
12.62530918,3.163,39413.0,1.151,87.2,1214.0,514.08,32.5
51.1104797,7.712,330.0,0.029,1.6,478.0,12.38,21.9
2.214029545,5.64264,349110.0,0.371,94.23,1894.0,3041.8,2680.5
7.41113177,2.5242,620.5,0.712,2.45,905.0,158.11,50.4
213.6103207,10.7643,110990.0,0.977,46.07,291.0,1.69,534.5
17.907664726,5.58652,265411.0,2.79,282.86,746.0,73.31,1731.4
4.722254104,3.451,82670.0,0.506,14.45,557.0,22.67,314.1
1.09206833,1.8596,219.2,0.469,1.29,1611.0,1588.89,45.5
2.51989935,1.55,147.2,0.4448,1.04,1217.0,519.13,7.7
1.41975831,1.429,60.9,0.644,0.85,1700.0,1968.38,8.1
4.79090809,2.603,251.3,0.11,1.36,990.0,227.24,21.2
23.6731242,14.3948,23112.9,0.21,17.74,676.0,49.42,842.3
359.04147,14.04,3658.0,1.28,27.1,181.0,0.25,11.2
5.05661302,3.926,137.9,0.616,1.15,1049.0,286.32,17.6
4.446459958,2.558,5663.8,1.277,36.15,1030.0,265.42,178.3
2.023123903,1.1829,1288.9,0.026,2.87,1266.0,608.26,76.0
14.15402428,4.47001,61625.1,1.1,53.25,777.0,86.13,930.3
8.0386699,3.549,142.0,0.399,1.18,926.0,173.92,11.6
1.92149487,1.891,1006.0,1.29,79.14,2382.0,7634.18,11.6
13.71218522,2.437,786.7,0.68,2.47,676.0,49.26,22.6
23.6223571,6.852,57.0,0.369,1.07,797.0,95.35,11.4
3.125814002,1.7895,238.8,0.506,1.88,1460.0,1073.04,32.0
13.28536452,6.283,377.6,0.774,4.03,1157.0,423.65,26.8
8.6532378,2.974,126.0,0.359,0.96,793.0,93.75,9.0
308.024953,2.665,352.6,0.3366,3.55,345.0,3.35,10.2
25.30893566,5.7704,153.7,0.799,1.77,710.0,60.2,54.2
19.12947603,3.9622,451.2,0.861,4.23,817.0,105.25,31.7
394.6249514,24.108,2013.3,0.336,7.79,325.0,2.65,234.6
33.4160553,8.605,275.8,0.947,2.98,689.0,53.18,29.3
1.157808038,3.6705,866.7,1.203,22.9,1579.0,1472.38,78.8
508.04103,5.398,371.7,0.476,1.89,217.0,0.53,9.9
1.003931703,1.4361,491.1,0.023,1.6,1419.0,962.58,25.2
0.566793534,4.714,92.4,0.06,122.64,14667.0,10947554.55,40.4
12.94123564,4.636,328.8,0.028,1.7,795.0,94.29,22.1
3.353732008,1.4598,1264.7,0.051,1.65,615.0,33.76,47.8
77.138911,7.229,603.3,0.981,3.39,406.0,6.46,19.0
1.995728294,6.43532,251876.0,0.465,45.2,1409.0,928.82,1496.5
2.17815935,1.839,116.3,0.503,1.22,1561.0,1398.42,14.1
20.47748843,2.8364,1382.4,0.497,2.92,530.0,18.65,52.7
1.012174295,4.6617,323029.0,0.596,114.4,2737.0,13215.77,596.0
5.79179934,3.474,118.5,0.896,1.69,1222.0,528.14,17.7
0.855763492,3.64361,131660.0,0.917,72.82,2464.0,8674.28,598.4
0.530967162,3.3659,244.9,1.167,23.72,2704.0,12644.75,125.5
11.2582311,16.89,300.4,0.115,1.24,667.0,46.86,22.2
6.0962602,10.4,30.4,0.787,0.62,1048.0,284.96,10.0
6.873655305,3.5415,181.3,0.08,1.21,906.0,159.51,3.4
0.938905082,5.00453,358893.0,0.54,205.64,4281.0,79148.54,2584.7
15.44605962,4.5963,330907.0,0.3,52.93,701.0,57.04,2025.2
2.99025443,5.414,589.2,0.014,1.7,918.0,168.45,48.5
0.618060842,1.892,25.1,0.944,0.51,1854.0,2791.09,9.6
0.835315046,2.45449,16876.4,1.224,30.54,1490.0,1160.98,939.5
19.17893976,5.144,752.8,0.004,2.4,640.0,39.65,34.3
0.806277023,7.275,70.8,0.697,0.89,2046.0,4119.09,37.9
1.33251948,3.733,233.7,0.402,1.64,1751.0,2218.21,17.7
40.1043796,3.471,187.3,0.2029,1.5,591.0,28.85,9.2
354.78194,6.46,193.0,1.17,30.53,325.0,2.62,7.7
0.993488979,1.9694,24327.0,0.83,17.9,1914.0,3172.24,145.8
25.85499978,3.8737,610.5,0.265,2.4,637.0,38.81,31.7
7.40611676,2.8826,417.9,0.077,1.37,678.0,49.89,49.6
67.451045,8.9387,7062.8,1.01,36.7,562.0,23.61,205.4
62.519211,2.523,277.6,0.081,1.9,520.0,17.29,6.7
2.757977384,2.1489,211.0,0.875,1.69,1332.0,744.97,22.5
135.57186,9.94,41.2,0.2687,0.83,439.0,8.77,5.7
175.13892,10.767,634.5,0.07,3.06,346.0,3.39,17.9
7.304451735,4.09326,143628.0,1.013,59.02,931.0,177.19,2096.8
289.490952,3.91,773.0,0.1458,2.87,290.0,1.66,6.6
247.372131,3.271,513.4,0.4257,2.47,290.0,1.67,12.4
6.474202359,3.35989,203491.0,0.448,28.96,717.0,62.47,1284.0
11.09432054,4.5945,1517.5,0.538,3.9,835.0,114.81,66.5
3.487688776,3.83661,1298.8,0.026,5.64,1445.0,1033.07,350.6
2.31941571,1.591,96.4,0.429,1.24,1490.0,1164.84,11.7
452.30053,5.918,809.0,0.6613,2.29,199.0,0.37,7.7
7.71467686,4.5871,233.9,0.899,4.65,1622.0,1636.72,33.3
7.63008196,2.78,124.0,0.628,1.39,1056.0,293.67,18.6
31.9729501,9.41,156.3,0.773,2.41,757.0,77.49,38.3
10.12805158,3.517,477.4,0.753,1.95,767.0,81.77,38.0
1.332547503,4.521,130.3,0.746,1.23,1719.0,2062.92,25.5
3.457078812,5.24058,315517.0,0.317,86.12,1603.0,1560.4,6009.0
8.18182189,2.4566,299.6,0.655,1.77,981.0,218.9,27.4
13.0366377,3.184,154.6,0.7039,2.23,1047.0,283.97,15.4
8.3606759,6.287,194.8,0.259,1.49,929.0,176.04,17.7
21.3910125,3.512,645.8,0.347,1.72,483.0,12.88,25.1
190.3200468,15.284,1141.7,0.812,7.78,426.0,7.8,139.3
2.607545159,1.3916,351.5,0.206,2.07,1431.0,993.79,23.0
13.3997555,3.534,167.3,0.375,1.51,886.0,145.65,13.6
4.22453631,3.128,159.1,0.823,1.6,1254.0,584.24,16.7
46.9434911,1.368,100.7,0.213,1.57,669.0,47.27,6.6
38.90787517,4.5271,6159.1,0.6883,7.98,523.0,17.66,366.1
0.868723418,1.4617,197.1,0.947,1.87,1998.0,3776.5,23.8
383.43595,11.059,1228.0,0.025,2.53,214.0,0.5,14.1
36.2671673,2.065,627.1,0.214,1.5,347.0,3.44,10.0
37.3683802,2.8,206.6,0.8375,10.58,1075.0,315.59,8.8
4.76887671,1.672,115.8,0.654,2.11,1532.0,1303.61,20.0
8.360616221,7.5385,28066.3,0.21,40.35,1263.0,601.6,425.6
0.734426409,1.569,94.1,0.039,0.98,2223.0,5800.4,10.4
1.116127169,1.3235,109.2,0.648,1.0,1659.0,1797.63,19.2
224.591055,3.232,125.2,0.768,2.17,392.0,5.56,8.2
2.63009438,11.226,388.9,1.195,25.55,1480.0,1135.97,69.4
1.926353494,2.5305,185.1,0.767,1.33,1484.0,1146.34,36.9
25.384175,3.576,594.0,0.245,2.44,649.0,42.01,15.8
6.18943952,2.3316,83.2,0.334,0.65,783.0,88.79,26.8
28.227413,5.782,1113.4,0.025,2.82,565.0,24.03,25.3
9.9398272,4.1198,478.6,1.973,101.71,819.0,106.5,4.3
5.49548533,2.461,85.8,0.202,1.3,1293.0,661.04,14.2
14.16400071,4.3031,728.1,0.027,2.35,694.0,54.95,71.5
1.135930136,4.5036,27247.4,1.282,52.05,1836.0,2683.57,551.7
24.67458244,3.2648,650.6,0.817,2.33,544.0,20.71,31.9
23.3593589,5.389,570.1,0.94,2.98,684.0,51.68,25.9
53.44944498,5.3091,3437.0,0.092,5.82,486.0,13.23,119.5
1.352564873,3.469,56.7,0.669,1.45,2447.0,8505.97,34.9
27.52194772,4.047,2312.8,0.35,2.47,314.0,2.28,106.5
2.929299629,7.102,83918.0,1.025,51.67,1272.0,618.11,374.6
7.78199862,3.947,106.9,0.816,1.32,983.0,220.8,25.6
7.24476126,2.3145,58.0,0.04,0.65,837.0,116.02,27.2
3.98855869,1.467,214.1,0.1671,2.4,1447.0,1036.21,10.5
85.112898,2.503,513.8,0.033,2.21,422.0,7.48,8.0
27.659607786,4.16321,318404.0,0.604,50.7,499.0,14.66,4791.0
15.458056682,8.79536,4253.2,0.05,9.11,871.0,136.4,1055.9
12.43929428,3.176,254.3,0.663,1.3,627.0,36.57,24.9
372.37369,12.33,666.1,0.3052,2.68,267.0,1.2,15.6
1.347512632,1.9817,2651.8,1.252,23.45,1346.0,775.18,88.7
6.491682808,4.301,7163.3,0.535,9.66,1062.0,301.54,502.3
1.739428983,2.4894,5897.4,4.246,268.65,1268.0,612.49,130.0
7.217010987,4.4215,78713.8,1.287,89.71,1096.0,341.36,1307.0
0.631106722,0.9942,49.2,0.194,0.63,1945.0,3367.19,17.6
3.7228551,12.8164,2969.2,0.911,5.67,1118.0,368.33,294.8
19.32945602,3.794,935.5,0.009,2.26,529.0,18.57,26.8
1.956811408,2.1958,24905.0,1.091,21.58,1109.0,357.16,125.4
5.766165573,3.8314,364.8,0.017,2.27,1159.0,426.48,65.6
2.496328637,2.73115,20527.0,1.199,112.28,2317.0,6804.42,1412.4
52.6298542,6.118,675.8,0.311,3.68,544.0,20.65,27.2
3.005156911,2.0747,691.6,0.844,2.2,949.0,191.27,115.1
16.25951967,3.854,129.5,0.374,1.72,880.0,142.1,19.6
4.77800306,2.7361,473.0,0.02,1.85,932.0,177.79,115.4
0.489682339,1.7495,431674.0,0.441,37.47,1251.0,580.4,628.2
59.8780258,4.8027,1419.1,0.004,2.19,273.0,1.31,51.8
0.539915033,1.1466,97.0,0.291,0.82,1871.0,2901.68,17.6
30.1599411,7.874,175.9,0.802,4.54,836.0,115.69,32.3
496.17566,11.63,293.0,0.4188,3.46,358.0,3.88,11.3
39.841522897,8.79024,143685.0,0.902,116.52,765.0,80.93,4421.6
1.33255577,4.282,126.5,0.199,0.97,1420.0,961.41,15.4
49.41121127,5.278,3184.0,0.885,6.77,497.0,14.48,125.4
8.57504983,8.653,160.6,0.129,4.26,1374.0,841.68,36.9
4.9213639,1.8806,761.3,0.026,2.14,868.0,134.02,77.7
11.805707539,2.0494,2052.1,1.015,18.48,1153.0,417.85,124.9
9.84824649,5.7471,436.7,0.55,2.68,947.0,189.82,25.3
103.284757,1.674,78.4,0.6314,1.96,583.0,27.31,5.5
0.948683571,1.676,150.9,0.691,1.12,1665.0,1815.32,13.8
267.282521,7.788,471.9,0.378,1.43,207.0,0.44,19.3
12.4249559,16.332,110.4,0.174,0.88,703.0,57.8,17.6
612.882452,2.024,631.0,0.284,2.42,217.0,0.53,7.5
0.643794198,1.5662,456.7,1.193,19.51,2011.0,3852.91,53.7
4.429633087,3.0257,6120.1,1.264,32.12,950.0,192.62,166.3
2.539183147,2.4282,382.1,0.238,2.06,1332.0,743.09,38.9
9.014220178,2.76441,34085.6,0.802,15.49,661.0,45.03,1109.2
7.94671044,2.8419,6084.4,1.255,27.43,673.0,48.5,165.3
0.58640848,2.616,61.3,0.352,0.48,1444.0,1029.91,23.6
0.918420801,3.533,56.7,0.656,1.14,2374.0,7502.5,40.3
9.762550001,4.87531,41579.9,1.006,68.93,1375.0,843.46,827.0
33.60123371,4.4056,7425.9,0.67,8.46,495.0,14.22,247.9
0.773144492,4.05643,215961.0,0.694,107.13,2860.0,15791.97,2947.8
0.784031658,0.7773,352.2,0.102,1.55,1705.0,1995.65,28.2
4.16811839,2.8084,263.0,0.709,2.28,1277.0,628.73,26.7
53.220416998,17.7344,72895.3,0.248,55.22,655.0,43.63,4563.5
50.28635977,6.3212,1119.3,0.018,3.88,543.0,20.59,99.5
1.992812339,2.066,314.8,1.127,6.81,675.0,48.82,16.8
5.09506,5.73,23.6,0.691,2.14,2247.0,6030.14,7.6
19.597317,4.508,1014.1,0.87,3.78,671.0,47.9,23.7
273.223848,3.787,469.9,0.0763,8.0,452.0,9.87,10.6
2.45261841,1.9,85.5,0.3595,0.69,1108.0,355.92,8.8
0.587470828,2.4382,193.8,1.161,51.02,3434.0,33039.47,48.3
0.522457732,0.8907,143.8,0.967,1.52,2308.0,6715.55,48.2
1.710319812,2.983,43.6,0.559,0.56,1426.0,978.84,19.1
1.306220168,5.14519,481370.0,0.352,83.16,2095.0,4556.14,2019.4
5.92240377,3.691,413.4,0.949,2.77,1087.0,329.86,44.4
52.802767576,5.6184,52110.3,1.473,75.82,472.0,11.73,1238.8
10.86062378,2.2874,189.6,0.261,2.09,1108.0,356.24,20.7
2.119107262,7.5384,124646.0,0.933,77.23,1851.0,2775.75,347.3
85.34092607,10.6141,51746.2,12.773,1177.65,409.0,6.61,898.4
4.48494315,2.752,134.9,0.3,1.23,1199.0,488.22,12.4
0.996023763,5.412,98.3,1.147,18.36,1991.0,3727.96,21.3
0.715825886,1.212,40.6,0.099,0.58,1920.0,3196.46,11.0
2.252417903,1.9767,32296.0,1.198,27.09,782.0,88.43,129.5
7.11879848,4.11282,107665.0,0.983,41.17,819.0,106.52,1483.2
1.316398648,1.169,182.5,0.392,1.09,1374.0,842.93,13.1
16.00460392,3.9475,831.9,0.49,2.24,583.0,27.41,34.3
12.4257907,19.859,340.1,0.384,1.27,589.0,28.51,28.2
0.918921494,0.9425,321.0,0.011,1.49,1697.0,1960.12,23.7
42.9923284,4.726,1120.1,0.643,3.32,496.0,14.33,34.1
2.97600846,4.274,103.2,0.715,2.27,1892.0,3034.68,25.9
7.37453336,3.745,304.4,1.139,87.08,1654.0,1770.84,33.1
18.01164974,6.7367,107.8,0.924,1.83,900.0,155.37,60.8
4.944046127,4.50334,112503.0,0.964,54.29,1069.0,308.53,537.2
13.2226149,4.337,261.7,0.943,1.75,740.0,71.11,12.6
10.810132734,4.4618,6165.2,0.948,13.95,985.0,222.68,806.5
1.872620976,1.7626,1530.6,1.242,31.43,1550.0,1362.23,181.9
8.41100305,2.4553,755.6,0.905,1.8,472.0,11.71,27.6
2.148219541,2.94091,457844.0,0.424,49.6,1009.0,244.99,619.8
32.5635249,5.418,578.3,0.371,2.05,490.0,13.63,24.1
2.057499811,2.569,325.6,0.004,1.27,1037.0,273.84,23.6
2.199076661,6.11,777.4,1.22,21.72,1179.0,457.33,56.2
12.4237327,18.15,30.1,0.132,1.12,1057.0,294.63,20.1
224.447413,4.986,651.0,0.4162,2.05,260.0,1.08,7.9
370.38642,23.94,186.2,0.006,2.12,328.0,2.74,13.9
2.992662857,2.5258,113705.0,0.001,60.35,1476.0,1123.54,296.8
54.4099612,9.314,193.0,0.157,1.56,513.0,16.35,20.8
3.204222652,2.7952,898.4,1.258,23.55,979.0,217.46,45.5
2.17812826,2.601,100.8,0.344,0.81,1206.0,500.27,10.4
2.21571296,1.8211,285.1,0.796,1.7,1283.0,638.56,22.1
11.12827427,2.6118,6057.0,0.594,4.04,408.0,6.52,65.6
3.341799486,2.9254,178.2,0.426,1.67,1356.0,798.41,48.8
5.00749378,2.898,56.6,0.206,1.68,1499.0,1192.26,14.7
29.6099055,7.433,120.1,0.984,1.74,629.0,37.12,14.3
14.1166583,9.12,449.3,1.9614,238.66,1205.0,497.8,5.9
361.30991,12.968,275.6,0.0802,7.07,422.0,7.5,10.6
8.01500821,3.0137,363.0,0.645,2.0,865.0,132.46,28.6
5.95077813,5.6,761.8,0.881,32.26,2366.0,7394.55,71.9
3.84933401,2.299,503.9,0.591,2.12,1147.0,408.84,13.6
2.183517999,4.2703,1321.6,1.214,4633.66,9791.0,2169685.72,147.7
0.603351522,0.8358,164.1,0.46,3.91,3730.0,45493.51,20.6
19.25404023,4.6509,987.7,0.548,3.04,657.0,44.17,50.7
185.53285,31.46,877.0,1.2682,28.39,302.0,1.96,19.9
0.63938062,1.2067,308.0,1.377,51.53,2566.0,10289.98,97.5
13.68369259,4.22504,185514.0,0.089,30.6,635.0,38.37,3641.6
16.10474503,5.712,124.1,0.224,3.21,1159.0,425.93,25.4
31.0572947,3.401,636.6,0.335,1.85,480.0,12.57,15.8
15.18727049,4.509,292.5,0.839,1.94,789.0,91.56,21.4
11.32977062,3.845,162.4,0.036,1.37,855.0,126.21,18.5
31.97181,12.277,117.4,0.532,0.95,521.0,17.43,11.1
25.95247,12.945,80.8,0.4398,1.56,946.0,189.06,16.4
1.23140522,3.338,51.3,0.412,0.81,1756.0,2252.47,10.8
1.540411479,1.703,107.1,0.781,0.92,1446.0,1029.25,12.1
0.94895231,3.952,57.7,0.738,2.51,3464.0,33931.93,18.1
4.66271902,2.757,1630.6,0.485,3.86,1039.0,274.98,28.2
9.27358173,3.2875,1288.3,0.387,2.47,649.0,41.85,87.2
35.6225528,4.845,651.1,0.261,2.24,523.0,17.67,9.6
0.512869432,4.015,2313.0,1.263,31.12,2185.0,5384.53,133.9
1.42856815,2.132,59.5,0.3097,0.64,1547.0,1352.91,11.8
2.15292788,3.043,41.4,0.45,1.02,1841.0,2708.61,21.5
33.93754213,11.1677,32990.3,1.979,138.25,618.0,34.42,1112.0
65.9407869,7.776,580.4,0.332,2.33,454.0,10.04,19.8
1.061932545,2.1429,133.6,0.713,2.29,2508.0,9391.15,80.2
8.08801663,1.8334,952.9,0.744,2.94,792.0,92.93,46.1
18.49234792,3.4744,1655.5,0.034,3.34,603.0,31.27,61.4
2.495780169,4.2721,25070.0,0.133,15.75,1408.0,929.47,171.4
29.9111886,6.6436,942.0,0.041,2.9,541.0,20.31,50.8
1.22775105,1.602,327.6,0.262,1.0,1094.0,340.64,20.3
0.993703494,0.7645,67.4,0.436,2.32,3257.0,26588.4,14.5
12.42555055,28.492,409.0,0.973,3.79,1027.0,262.42,123.7
74.985292949,6.23451,105346.0,0.987,49.22,425.0,7.69,1754.8
8.041347775,2.6332,591.0,0.26,1.29,507.0,15.59,77.5
4.22865217,3.3275,150.0,0.009,1.83,1379.0,854.59,41.5
1.744101106,1.5497,9681.4,0.618,7.21,1016.0,251.54,152.6
5.082722475,5.9139,1974.1,0.019,4.4,1059.0,296.94,95.5
11.47609015,5.046,182.3,0.755,2.07,984.0,221.34,27.7
21.76129812,1.243,1300.7,0.123,2.53,486.0,13.18,60.0
1.55090374,3.028,11.3,0.817,1.11,3190.0,24453.38,11.8
2.845746618,13.0719,557741.0,0.126,135.99,1667.0,1822.75,829.1
5.24368302,10.873,225.4,0.006,0.91,654.0,43.13,36.9
152.8255989,22.688,2173.5,0.409,34.85,734.0,68.47,98.9
49.2768448,3.787,1132.9,0.022,1.75,271.0,1.28,17.8
0.550537628,1.216,72.0,0.516,1.93,4181.0,71798.87,4.9
1.368617188,1.6235,126.9,0.464,1.84,2255.0,6108.26,44.4
293.76887,4.68,462.0,0.753,1.97,271.0,1.28,4.0
6.05729966,3.7419,385.2,0.219,1.94,947.0,189.98,35.1
5.674353343,4.17722,36484.5,1.167,51.63,1053.0,290.75,1098.3
16.57099265,2.9052,644.9,0.55,2.03,614.0,33.53,40.9
1.523298835,5.9083,195071.0,0.41,38.95,1404.0,919.42,174.4
1.674690886,2.0179,527.4,1.212,29.78,1813.0,2558.96,118.6
374.92478,18.05,610.0,0.348,1.67,171.0,0.2,6.0
24.58716355,3.984,907.5,0.648,2.37,530.0,18.72,35.6
9.76293284,3.064,553.2,0.499,1.94,703.0,57.59,23.6
5.21230171,2.098,430.0,0.187,1.04,537.0,19.7,29.3
17.4352218,51.666,603.3,1.211,67.91,1195.0,482.16,121.8
8.360870704,2.7144,2039.7,0.494,3.67,690.0,53.68,120.9
7.04716175,2.693,150.8,0.856,1.1,817.0,105.1,9.4
60.92818866,6.3336,755.6,0.009,2.78,467.0,11.28,120.1
9.089151782,3.1886,110.1,0.043,4.35,1848.0,2754.19,7.1
0.793663156,0.8244,186.2,0.4,1.14,1614.0,1600.85,23.7
1.592633181,5.5605,633.1,0.003,1.56,1053.0,290.51,66.9
0.570828503,0.915,174.4,0.609,0.54,986.0,222.55,13.9
20.83762895,2.3734,439.0,0.706,1.42,418.0,7.24,14.9
11.17392077,3.307,324.8,0.025,1.64,796.0,94.84,21.4
1.710316235,3.614,409.4,1.174,23.38,1647.0,1740.08,31.2
58.4302648,7.18,1849.5,0.948,3.45,300.0,1.91,34.1
116.5214317,5.577,771.5,1.26,44.41,457.0,10.33,25.0
151.863949,8.577,747.0,0.016,2.41,318.0,2.43,22.5
2.819453322,4.4127,71867.0,0.532,29.8,1357.0,803.4,202.0
266.977677,8.59,389.6,0.895,7.86,549.0,21.53,16.0
23.9800854,5.351,104.0,0.95,1.31,649.0,41.94,17.1
4.86638504,2.296,143.8,0.176,1.32,1121.0,372.7,17.1
245.4382021,14.502,11311.6,1.001,19.17,289.0,1.66,844.7
0.842336445,1.519,80.1,0.266,0.9,1941.0,3367.24,8.8
0.513482156,2.732,91.6,0.004,0.83,2072.0,4335.56,12.6
40.80957343,3.158,436.1,0.949,3.44,623.0,35.68,39.3
1.75643185,2.397,51.6,0.115,0.58,1366.0,821.36,9.6
1.085965104,10.716,10578.7,0.916,29.66,6297.0,371873.86,675.9
3.179267286,1.0246,200.9,0.171,1.21,1101.0,347.01,41.0
6.51112385,1.6919,695.1,0.882,3.09,1008.0,243.67,38.4
0.566814046,4.049,42.1,0.633,0.56,2039.0,4073.9,23.8
22.418319842,5.349,11929.1,0.8,9.94,563.0,23.8,944.4
18.795269797,9.9816,28241.1,0.201,30.77,899.0,154.05,3596.6
0.71059239,4.92,280.6,0.9638,3.92,3318.0,28640.03,22.8
76.13622222,7.9393,2949.5,0.044,4.78,399.0,6.01,339.4
9.9267215,3.8428,725.5,0.625,2.76,803.0,98.34,97.3
3.750832927,1.9457,2397.9,0.001,4.61,1129.0,383.77,212.5
7.13969705,3.981,512.9,0.027,2.24,965.0,205.23,27.8
0.814280672,2.326,134.9,0.701,1.91,2563.0,10224.99,12.3
1.72153588,1.9227,39929.0,0.002,12.89,1045.0,281.41,29.3
20.034708,6.49,124.4,0.193,2.24,967.0,207.16,22.9
6.22161107,3.4117,165.0,0.838,1.59,1101.0,348.15,29.0
72.0153825,2.548,177.7,0.6038,6.94,783.0,88.86,6.8
316.57747,14.64,269.1,0.2569,1.47,255.0,1.01,10.2
99.97889,8.76,117.9,0.3044,1.84,463.0,10.84,5.7
35.1184432,4.59,542.4,0.958,3.26,550.0,21.57,20.4
31.99552485,4.2817,1376.1,0.69,4.12,582.0,27.17,128.0
15.71377375,7.464,9482.0,0.864,10.85,728.0,66.24,98.1
14.844240386,6.83577,83412.4,0.275,28.97,810.0,101.98,4542.8
15.1622287,7.332,479.8,0.959,3.12,829.0,111.74,28.5
10.99381963,3.7889,1685.8,1.274,40.17,978.0,216.57,102.9
0.566797474,2.708,98.8,0.575,1.04,2270.0,6276.39,12.3
1.549979213,7.5945,370546.0,0.486,136.64,2141.0,4986.15,672.7
116.301793,2.253,649.0,0.4631,2.18,336.0,3.01,6.3
11.34436822,5.558,586.3,1.183,17.21,703.0,57.67,52.2
2.908453928,2.5363,427.5,1.195,19.44,1181.0,459.47,40.4
8.48039789,6.249,259.7,0.486,1.71,866.0,132.85,22.7
19.7383992,4.894,168.1,0.732,1.61,744.0,72.32,20.3
70.7511986,6.198,858.1,1.24,27.74,441.0,8.97,24.1
12.4281308,6.79,131.4,0.33,0.85,715.0,61.78,9.4
1.727177258,2.081,347.4,0.676,1.42,1250.0,576.55,17.1
0.566800926,4.407,264.5,0.971,2.19,2200.0,5563.01,63.2
2.131945045,1.8061,269.4,0.209,1.66,1418.0,955.16,22.9
2.313367981,2.42645,13437.5,1.247,33.55,1180.0,458.02,733.6
2.745640575,3.04508,45264.7,1.117,47.22,1300.0,673.9,918.0
368.52466,11.9,680.3,0.5045,3.05,288.0,1.62,14.0
386.62189,17.72,193.2,0.1616,1.44,267.0,1.21,12.3
94.212787,14.48,55654.0,0.001,35.89,597.0,30.09,112.3
2.21030572,2.492,92.0,0.233,1.06,1572.0,1440.34,11.4
7.1548608,7.694,780.4,0.9848,7.41,1482.0,1141.57,24.2
1.811461128,8.42343,921671.0,0.309,373.77,3438.0,33024.44,3934.3
17.90766147,5.396,1089.3,0.978,4.89,731.0,67.59,78.4
4.608901433,8.73393,378548.0,0.386,48.72,1007.0,242.9,2624.6
0.868386354,1.066,488.5,0.135,1.52,1389.0,880.33,27.3
197.5111484,11.106,2575.6,0.814,9.52,391.0,5.54,175.2
77.36241476,12.1317,96585.8,0.995,41.66,362.0,4.08,1246.3
0.562006231,3.496,14.2,0.678,0.58,2978.0,18708.86,12.8
78.60436061,4.65559,78104.0,0.828,34.8,438.0,8.68,2384.6
14.443127448,8.33598,41685.3,0.98,92.28,1182.0,462.07,2186.0
105.145959,8.593,685.4,0.964,3.43,401.0,6.09,15.4
0.646745436,1.188,115.6,0.942,1.49,2373.0,7468.24,14.3
6.38315744,1.7075,1112.6,0.029,2.35,787.0,91.0,23.8
2.743978797,6.442,39994.0,1.138,38.11,1136.0,392.49,56.5
6.41496453,3.9015,201.2,1.187,25.79,1153.0,417.97,53.1
3.02168007,2.8264,171.9,0.349,1.31,1332.0,744.35,32.9
14.759477667,9.7746,357470.0,0.56,76.06,862.0,130.69,3813.5
2.46697039,1.6345,308.7,0.574,1.56,1139.0,398.42,29.5
11.95474513,2.1433,903.4,0.601,5.15,906.0,159.04,96.3
11.4132144,2.371,76.4,0.439,1.03,925.0,172.97,10.4
362.1273,6.719,1098.0,0.0924,1.68,132.0,0.07,6.5
1.714410345,3.336,50.4,0.56,1.84,2551.0,10025.53,22.9
23.85163321,2.4453,833.7,0.88,3.37,654.0,43.19,28.6
7.11373257,2.1764,807.6,0.334,1.16,429.0,8.01,44.4
7.91936937,3.3148,15148.1,0.733,10.34,814.0,104.0,389.0
3.568099612,3.2131,98.4,0.531,1.36,1407.0,926.89,52.5
2.62387291,4.61248,232468.0,0.49,74.23,1790.0,2430.91,2607.6
5.132486123,1.4575,908.4,0.217,1.69,584.0,27.41,35.4
18.39629744,2.7838,680.2,0.872,2.47,582.0,27.09,58.4
0.704541784,1.0726,275.2,0.415,1.72,2121.0,4778.23,38.4
5.16949729,4.5122,210.6,0.235,2.06,1309.0,694.32,66.2
3.90863457,1.7704,867.2,0.111,1.86,787.0,91.01,36.6
19.9865916,4.391,648.0,0.962,4.22,720.0,63.67,21.8
407.59415,7.3,462.4,0.0274,2.11,266.0,1.18,7.7
5.670155713,0.9361,536.7,1.267,5.85,341.0,3.21,37.3
185.243906,3.276,383.9,0.726,2.38,354.0,3.7,7.9
40.0389613,1.711,109.4,0.3619,0.95,517.0,16.85,5.7
0.541405029,2.7481,327656.0,0.641,125.64,2679.0,12266.51,541.2
563.94854,15.631,872.9,0.0504,2.55,209.0,0.45,16.3
2.683395376,1.8592,234.7,0.763,2.55,1860.0,2833.83,52.9
1.71659304,1.154,138.0,0.1534,1.17,1607.0,1577.89,9.5
2.74703312,2.655,152.2,1.17,61.97,2917.0,17132.06,23.1
2.97601892,5.5,306.1,1.176,164.46,2799.0,14524.05,35.3
441.877824,6.647,1300.0,1.5335,39.55,158.0,0.15,15.2
11.8984948,3.015,130.9,0.836,1.69,929.0,176.27,15.9
1.80455062,2.166,39.7,0.348,0.65,1577.0,1457.85,12.5
12.42555999,28.083,2964.8,0.9066,4.72,599.0,30.49,122.0
12.426469,25.71,180.5,0.978,1.66,729.0,66.74,24.2
2.399069173,3.2576,286.6,0.649,1.78,1354.0,792.76,37.8
8.48031942,7.297,1426.7,0.918,4.54,918.0,168.01,92.8
4.101595158,6.10362,366585.0,0.394,51.08,1028.0,264.23,3809.8
3.341913228,3.813,725.3,1.213,21.55,1032.0,268.67,39.0
1.337561836,1.575,41.0,0.055,1.11,2322.0,6870.94,9.5
5.05821338,1.132,748.3,1.004,10.69,1168.0,439.8,43.2
0.907818056,1.679,29.5,0.037,0.55,2012.0,3871.99,13.2
10.67459836,3.82706,16676.0,1.255,68.58,1083.0,325.55,1845.6
2.735900074,1.9359,428.9,0.189,1.56,1075.0,315.95,44.5
0.52363021,3.45121,367102.0,0.549,52.26,1940.0,3324.98,1948.2
5.882036054,5.16326,238518.0,1.183,119.09,1114.0,363.01,2168.4
149.356804,15.415,171.6,0.1627,2.92,560.0,23.18,14.0
0.512583041,1.498,114.3,0.116,1.07,2363.0,7320.09,17.1
14.55730897,7.7643,956.9,0.036,4.32,879.0,141.0,200.0
0.727331746,0.8323,357.4,0.153,0.67,849.0,122.92,20.4
17.9134215,4.364,197.8,0.832,1.39,626.0,36.38,11.4
63.0380366,7.3702,658.7,0.021,2.59,465.0,11.1,53.1
7.064252021,1.3867,728.9,0.752,2.37,769.0,82.76,52.5
1.734221252,2.4577,289817.0,0.553,42.06,1114.0,363.79,542.2
9.27989,3.33,164.3,0.579,1.29,897.0,152.86,8.6
4.62334491,3.0189,62.0,0.388,0.77,1050.0,287.25,25.2
26.524553,2.359,174.5,0.218,2.19,695.0,55.06,10.2
6.07032548,1.341,311.6,0.454,1.36,789.0,91.45,11.9
2.233799622,3.04,2658.5,1.249,28.63,1287.0,650.73,228.9
11.1895709,5.3,143.3,0.541,1.81,1037.0,273.37,19.9
2.211116989,1.6485,724.2,0.69,1.85,931.0,177.19,42.6
581.0723,15.81,1364.2,88.7243,161858.0,639.0,39.36,15.9
133.303247,7.342,1017.5,0.063,2.67,301.0,1.94,20.6
8.429438192,3.94306,456346.0,0.428,49.49,582.0,27.16,3072.5
15.05028313,1.848,615.2,0.3125,2.46,735.0,69.16,13.4
10.34973276,4.4859,119.0,0.905,1.44,930.0,177.25,44.5
7.49018305,2.7297,1123.6,0.02,2.56,753.0,76.06,53.0
24.09002065,11.0494,6782.2,0.946,9.39,551.0,21.85,252.3
3.833087643,1.51,461.4,0.932,2.25,1012.0,247.8,40.2
5.746017234,3.6347,29236.3,1.008,29.32,1042.0,278.69,393.9
5.77721259,2.462,134.3,0.692,2.17,1260.0,596.37,17.7
8.600153929,9.0015,4510.2,0.296,26.52,1703.0,1986.75,1208.1
1.208528832,1.336,180.8,0.039,1.25,1725.0,2084.15,10.6
25.949641315,11.6411,67.8,0.945,2.06,753.0,76.14,7.6
25.3690868,4.746,110.1,0.845,1.67,755.0,76.9,21.6
4.390513938,2.9472,46829.0,0.879,41.83,1401.0,910.71,290.7
16.145671932,3.7236,941.1,0.75,2.48,546.0,20.98,242.7
6.277827312,8.6841,1856.8,0.95,4.87,985.0,222.45,191.3
37.9962369,6.7751,403.7,0.023,2.39,618.0,34.55,37.8
134.2520474,9.0636,832.1,0.001,3.43,393.0,5.63,57.2
99.7468804,6.804,1287.0,0.828,3.94,391.0,5.55,45.6
145.750554,13.999,385.6,0.017,15.34,748.0,74.07,17.0
10.05550267,2.951,147.7,0.061,0.92,694.0,54.96,13.6
2.04516705,3.625,154.8,0.74,2.9,2945.0,17791.98,16.5
4.13960513,3.31,106.7,0.344,1.24,1352.0,789.48,11.6
37.86511904,2.9799,6941.7,1.28,40.36,535.0,19.31,222.3
5.78542702,2.271,256.2,0.163,1.91,1212.0,510.79,15.4
4.694218481,4.53365,175471.0,0.616,35.81,946.0,189.23,739.8
2.40440112,5.49,27.1,0.669,0.42,1172.0,447.52,16.7
303.91225,15.37,479.5,0.504,1.97,242.0,0.81,12.4
384.92275,9.98,184.8,0.288,1.64,298.0,1.87,7.2
5.2435703,15.864,228.5,1.145,12.68,890.0,148.79,25.1
358.818895,2.503,666.1,0.825,2.66,262.0,1.11,11.5
58.28819056,21.6014,156160.0,0.499,42.57,462.0,10.79,2927.4
5.9142668,2.661,253.2,0.04,1.31,919.0,168.51,17.4
1.02087831,2.429,33.4,0.148,0.64,1903.0,3115.14,9.9
3.990105908,2.4108,6154.9,0.582,7.45,1124.0,378.53,247.8
3.041547148,3.22798,20690.7,1.233,60.05,1544.0,1344.31,1670.6
24.1876477,2.654,194.8,1.8212,118.8,782.0,88.31,11.4
0.534109403,0.9513,78.3,0.476,2.28,5513.0,217941.01,37.0
34.9989085,1.764,427.1,0.896,1.65,376.0,4.74,7.5
42.63427848,6.1998,1719.3,0.142,5.22,615.0,33.82,78.7
288.285213,5.343,378.1,0.0503,2.2,312.0,2.25,11.5
1.519529227,5.1675,8372.5,0.866,11.12,1653.0,1766.31,155.1
0.971915957,1.6023,73.7,0.592,0.79,1609.0,1591.27,16.7
2.302365255,23.88,62160.0,1.1,63.06,1568.0,1429.81,468.4
2.240486703,1.3988,436.3,0.461,1.22,837.0,115.98,33.8
370.94353,16.64,1071.3,1.294,27.77,228.0,0.64,14.6
5.61357653,2.905,162.3,0.119,1.41,1165.0,435.61,15.2
1.75254087,4.098,42.5,0.5574,1.41,2423.0,8141.84,17.7
