koi_period,koi_duration,koi_depth,koi_prad,koi_teq,koi_insol,koi_model_snr,koi_impact
2.193695828499577,-0.19095440573981284,-0.26981940410002775,0.5560999279986467,-0.8193909261924849,-0.8796418471901151,-1.1072697784108716,-0.16256997710552118
-0.14020842092337177,0.2553664630940571,-0.879850220033105,-0.7878034646876617,0.21447633157056445,0.19333104455290634,-0.543679153470188,-0.22167874857696593
-0.7956266059508061,-0.41063583008073073,-0.6975548885461217,-0.7703072488343214,0.674287919730505,0.6796748763574106,-0.21283666523841988,-0.012888021524403371
0.3604204746153972,0.6859236822145713,-0.4768473167658413,-0.48437006571322483,-0.2768789010790376,-0.3214357535177497,-0.4027903026942807,0.04951591086281504
-0.9884499337325786,-0.25241059606470195,-1.0540888696997366,-0.9209236886556585,0.868620186376558,0.8847837045293876,-0.7203378612508377,-0.005889449667892888
0.1609268401479535,0.08952395957571313,0.28388122590594533,1.1715155600172142,-0.22600550778488615,-0.2691354169597356,0.04996057484298192,0.15245323858565665
1.4496929900959898,0.12700353778235082,-0.6142006389573001,0.08130238093434428,-0.218618266608333,-0.26187812933064,-1.1579799801590291,-0.07208427514405448
0.6807219577275184,1.1092728865325505,1.3343679869230365,0.564914099030224,-0.6837523992317524,-0.7420002470333408,1.9227684593372059,-0.0715010608226786
1.4815518748587964,1.1157692509349866,-0.15182284235434612,-0.4730409003023876,-1.3646291424492574,-1.3905830860700343,-0.06851447653254775,-0.2231367843804056
-1.185058452520835,-0.030804698264479565,2.0435339642175485,1.4294006967090955,1.1079244722865043,1.135199162760154,1.5603426940848466,0.02035519479402139
1.1848286154475307,1.1988322631932702,-0.21459112174964431,-0.3058476990686445,-0.7407139131188212,-0.7995864035288792,-0.11379575040144549,0.019771980472645518
-1.153027870597967,-0.982125692938039,1.9098182116483604,1.1370351916386314,1.0538064770372269,1.0784581889576283,0.8997092084074702,-0.049630523771083374
-1.2776051291257258,-1.4541661479107415,-0.836841271038391,-0.13479235066282394,2.116125932749904,2.202551089966313,-0.46913973035440587,-0.11174284899761384
-0.17651747165400444,-0.6295153046282309,-0.05675530522445286,-0.5607862573524375,-0.39467916360805433,-0.44565924713660576,-0.19413788078974678,-0.1368210648167764
0.004537948970573397,-0.43512600578829724,-0.2549435416552747,-0.4455048427871847,-0.05340004067737117,-0.08855426967676466,-0.009197735404099424,0.014523051580262656
-0.5091974302358117,-0.5019985974251286,-0.017141945717432047,-0.57800991804043,-0.18944006521827259,-0.23060872636984486,-0.20030676936505354,-0.038841058825629715
-0.5043840211243822,-0.5881188161420251,0.053584237409669846,-0.3985466128777738,0.18409965380519294,0.1624183339065426,0.28544292979722896,-0.16714820952832177
-0.30424912060915144,-0.6349721796547059,-0.659332667330655,-0.5056352393227614,0.30067756873339363,0.28499516379539286,-0.9935835851515914,-0.049047309449707505
1.4405121830710892,0.38771712156808036,-0.0833448608341166,-0.4330207735100416,-1.3049605172606724,-1.3389470639712497,-1.0414934626869097,-0.053421416860026556
-0.43627547337158923,-0.0960050263930572,-1.003764419419156,-0.8367487724548038,0.44399376721478023,0.4363089725479051,-0.644671004521272,-0.15373428013667673
-0.7221720031709001,-0.30857658332178745,-0.9824086100392346,-0.6787487953439829,0.967829706497522,0.9890362442940863,-0.38359675937136867,-0.009097128435460193
-1.2560113797611636,-1.318542288830346,-0.4405793221176742,-0.8027298249234409,0.809112428435355,0.8197955906599361,-0.1656657768535032,-0.2129305337563278
0.28910659180378634,-0.04981863835111669,0.1712707163555153,0.8833795505793984,-0.5951157224892453,-0.6513980324469125,0.44014399491821626,0.13787288055125982
2.3887926441459144,-0.21049225802831079,-0.16410159821391318,-0.4767966900511752,-1.9403175110777504,-1.7710273787869084,-1.150469997437547,-0.13393415392596583
-1.2710462172064525,0.39604141939430026,-1.1590751512782735,-0.3561567842768148,1.161517476729361,1.1915430826737043,-0.8371908812105024,0.07605216248541728
0.4149345260235746,-0.5769273781852418,-0.1498029636990777,-0.4958880592180799,-0.5093345266574594,-0.5637661623959005,-0.4027903026942807,-0.08345695441088401
-0.10151933358288914,0.49273568740971097,-0.10292591045055297,-0.09791197627782573,0.27338442573429,0.25627430551151,0.1844510787461452,0.062055018772396324
0.6643003995285458,1.0152421752593122,2.1559141104885886,2.075600533811768,0.22536647062088885,0.2053078246608158,2.557531185869835,-0.0003489136148220889
1.5374241812096539,0.33143131294522105,0.07227892421988931,-0.539843333043579,-1.8869467133002669,-1.7459070049206638,-0.5745443443168912,-0.08141570428606845
-1.0211521146284923,-0.5631101298508706,-0.9504484367545354,-0.9353967540362704,0.868620186376558,0.8839977152293628,-1.10036060795476,-0.19397606831161196
-0.027293146083342053,-0.4022692930467897,-0.1181616459894884,-0.5155218687873921,-0.2352928101683678,-0.2785035911234434,-0.0476871296892126,-0.21584660536320718
-0.44868416293566366,-0.2746943011235049,1.9496884859757495,1.0190839605718724,0.06794202136381818,0.03866665244854741,1.8604029374740922,-0.05896195291309735
-0.14044166524474605,-0.6868703167431989,-1.0664411572747845,-0.9691138611554174,-0.05669117249728872,-0.09174921643005014,-0.5382327577620989,-0.05983677439516116
-0.33374329225827293,-1.8899314326729768,-0.6253931518126397,-0.691475925092492,0.10230126761102175,0.07569346456786517,-1.2835074932534147,0.033069267000015445
2.144092391802868,2.5120117964724886,0.6940121271981201,6.27604495423978,-0.8996343359923704,-0.9603762017262055,0.3505247643021524,29.171448227284973
-0.6755223224913538,0.5799677391158334,-1.2178288030639068,-1.0167923241813837,0.5333239248664982,0.5311473738799827,-0.9438668854095947,-0.13040570728164178
0.5044053073762907,1.2677622589786792,-0.7365609791394794,-0.8149074724152487,-0.47375622716690313,-0.526268150831638,-0.644671004521272,-0.17006428113520114
-1.0881357421361113,-0.46107807606875817,-0.24870222836255182,2.1725495336105505,0.9207533129381511,0.939298251026864,0.13667648987182546,0.5405823694613002
-0.7527520735804193,-1.1713508249459768,-0.06719858657487948,-0.7230128167228125,-0.35164476458009225,-0.40053177873410567,0.1047789574743325,-0.16977267397451323
-1.2710422534333705,-1.2110643846839897,-0.587690264670267,-0.701829131659185,1.4271397941141588,1.4774980685353474,-0.2709309981857445,-0.212055712274264
1.45704506264415,1.0890692600910057,-0.8630463531354363,-0.8118428837442976,-1.160422073249924,-1.2094959557437241,-1.0230794756740673,-0.21701303400595895
1.1580851055839407,0.36175797244845836,-0.5974488380455589,-0.4419148938683532,-0.7460049516343625,-0.806321633421024,-1.0935295088921442,-0.09424641935633765
-0.786094256843946,-0.9907511912429865,-0.6674461867131528,-0.9209236886556585,0.17429932618123478,0.14995915522207767,-0.7942973047644263,-0.13711267197746432
2.22946939703079,0.3324184975947071,0.26498075930273357,-0.2956311554669354,-2.0797013945290383,-1.8293386286125668,-0.8506757340053788,-0.19315956826168573
1.437359566114032,-0.7297140191606988,1.4455184715254554,0.4802787540294756,-1.7912007422920426,-1.694771372795449,0.3891516059317252,-0.21613821252389512
-1.1074856973005576,-1.4642965235767185,-0.8248230721862851,0.7676714393199517,2.7240487568215155,2.845244005718935,-1.0669517857479418,-0.21701303400595895
-1.0365180446786015,-0.8502711063609169,-0.6738013783693365,-0.7532430827685969,1.0220618385186395,1.0459072263090856,-0.8930347871322027,-0.14381963667328687
-0.6805353498127301,-0.34824602680547206,2.1106908871410814,1.4514865402019819,0.604996783849025,0.6070642204682849,2.1982472590910467,-0.0178453432560983
0.4927425430421479,0.4209711903099504,-0.5265140477565609,-0.5523327744157068,-0.3617757837541741,-0.4099455093249516,0.0896171387367698,-0.024260700791232874
0.4344037326631931,0.31258467372044985,-0.019919176784954196,-0.3835771406539095,-0.4869959807745038,-0.5409691578371022,0.49800757873343693,-0.21759624832733482
0.39871066870598937,2.343524844931575,1.750471723569317,1.7948123366802662,0.21720654507815562,0.19625252725991743,1.664978500282723,-0.14936017272635765
-0.26293206803961383,-0.17131253173091207,-0.5580053750647818,-0.4901050663681122,-0.030568971282268844,-0.06398642633462999,-0.7427310077568168,0.06730394766477918
-0.7046743337238963,-1.0035229966522683,0.0020521571317510196,-0.21375283042074988,0.5701378970584664,0.5692676518049433,0.05302674794842633,0.057097697040701396
0.816943808632123,-0.3306111814129209,2.1295560901301127,1.3665845699503172,-0.9114690379916656,-0.9714769323681364,1.7305838601774575,0.0016923365099934687
-0.5581449446815672,-0.7777276625969092,-1.1313047418742597,-1.0167923241813837,0.24289030859778404,0.22429148429655615,-0.7699498867938558,-0.21701303400595895
0.007057707380107482,0.19562558353702664,0.1466807655704312,-0.10009198948245229,0.09786553867155989,0.07154454652110206,0.37734369472499973,0.04514180345249602
1.8348279115190025,1.4890989495064486,0.5112985266140873,-0.019789010257075516,-1.5506932051847706,-1.5359696582628493,0.3366555341754011,-0.15315106581530083
-0.6927211569282006,-1.2319716783540826,0.016853769919037167,-0.3918534505060185,0.16160076665017475,0.13900434872537304,-0.20030676936505354,0.026478945168468063
-0.15919542967219735,-0.48622552604191593,0.0060089735500706,-0.4155687447223375,-0.3020251729781319,-0.3492904910992443,0.011899668772255782,0.015689480223014404
0.2597149326870717,-0.31518427036088054,-0.4267617454943202,-0.7967205382507511,-0.8503875829183065,-0.9099250173118558,-0.8881789711891058,-0.08695624033913925
-1.1607214862083064,0.1515447019975045,1.8273321807796896,1.5406364015521634,1.197332759129161,1.2306518858143618,1.4408506304669608,0.063513054575836
-0.19815804205193335,-0.5764519364698667,-0.011115394883036079,-0.5502354629036887,-0.24463999241337603,-0.289008180552671,0.36772844893940054,-0.22022071277352623
2.1492349292440642,1.4595267097362306,-0.2627320246728135,-0.5076012822214526,-1.7272311177172728,-1.654423732713905,-0.9491933148849384,-0.06983890000675738
0.5325685159398117,0.0659387007764443,-0.8086422788061007,-0.7703072488343214,-0.3740272054882285,-0.4229750046464323,-0.8026360002060688,-0.18464463916959797
-0.7446823046375257,0.7103765614398561,2.4005619592948984,1.5764795625760306,0.6205688234045601,0.6232750383662597,2.7707228678723066,-0.08199891860744432
2.084140891263638,-0.33293755797124386,-0.0957214883515635,-0.4473068349758397,-1.6759981205656242,-1.6223014532809672,-1.0170640446029964,-0.2002164615503338
-1.2556981710907034,-1.41288996111484,-0.9137873408855914,-0.9464540077328848,1.2186782082663048,1.256165260125598,-0.7277104628026135,-0.1729803527420805
0.9822110849786856,-0.18449375673992768,-0.11052336856418006,-0.5736635916835955,-1.2551626009773098,-1.2934534991671034,-0.5014229474939992,-0.14440285099466274
0.7922230013362367,1.1295598866184484,-0.13527589091222902,0.9876866757138906,-0.8000053448763563,-0.8591034996903004,-0.4788906810162427,0.14370502376501856
0.15391975170147973,-0.0739832134620238,1.2252379734478211,0.9890425890581964,-0.8878954625910568,-0.9463097378313265,-0.47156276299563665,0.12533377264167858
0.15085246757638052,-0.3173928301620835,-0.9590730029258923,-0.8826181673984916,-0.1966797454022065,-0.2393080202406632,-1.1655844305476601,-0.1344882075312729
-1.2340960494931545,-0.07493448995554276,-0.6154903989825751,0.8469211699088725,1.4104690550056596,1.4578406065008809,-0.2571515792152039,0.11658555782104046
-1.0100374977925697,0.26853387344208784,1.9616569846291865,1.7921337921921041,1.5824878043334456,1.640216290310498,1.3671379347635233,0.0005259078672417215
-0.27126425628797357,-0.5426660356985914,-0.5507200211778717,-0.8179857118602876,-0.18223635874887364,-0.22297520571871815,-0.7942973047644263,-0.22430321302315737
1.0257550380331308,0.6060190757881694,-0.5045285719791848,0.6186549266848688,0.18270365663997315,0.1605255774239343,-1.0477582424250296,0.058380768547728334
0.6264017062090209,0.232778102179,-0.020335348748969327,-0.3267453833779593,-0.5183672221960615,-0.5726538453631103,0.19178887956894988,-0.21584660536320718
-0.2542276376350376,0.35746363597311415,-0.6420028115518479,-0.6395289888740595,0.24957424364639097,0.23066375763621427,-0.11379575040144549,-0.14877695840498179
-0.9836282985017964,-0.9219288726013157,-1.2897106848489523,-1.004560790486361,0.9831881528618913,1.0042936552310109,-0.9821767215584614,-0.11495052776518115
0.6572664174689421,2.148087326367991,2.4009188830594708,1.5614579695321855,-0.6387567651766829,-0.6963720905336939,2.2172437202601887,-0.07966606132194083
0.18889349619199317,0.20304433988757536,-0.9329207942159298,-0.6712235273776747,-0.0649518384033415,-0.10028225121579451,-1.128484089636553,0.05563966123726171
-1.1530305321914787,-0.9797963406787255,-0.6538105561538899,0.7471542279464737,1.1500964983592077,1.1816376077161235,-0.2049751001664119,0.10987859312521789
-0.5769271902501559,-0.9102062069471966,-0.7502848885925846,-0.8658845747008412,0.2929318177480651,0.2753695298641959,-0.713054088385948,-0.10766034874798273
-0.47042953355505995,-0.05476065912166667,-0.7942438654788194,-0.9317499718913053,0.055797506834426656,0.026408919112832354,-0.8068488802144457,-0.16510695940350625
2.1646770154114097,1.1439822248915723,-0.8301550173065859,-0.8527834503376818,-1.9957284446772596,-1.7955980921708348,-0.9599890631016017,-0.027672504571281745
-1.1389017601584217,-0.4617624278428565,-1.4290234904990955,-1.0635898901947878,1.179886785131698,1.2131151429043676,-0.9821767215584614,-0.21409696239907958
0.27653613846584185,0.10671400417794481,-0.6290037917980571,-0.7645722481794339,-0.33159267527869235,-0.37996032454440987,-1.0052098249005135,-0.1032862413376637
1.7872664813827561,1.1393390206805516,-0.5746497303905176,-0.7848564938559499,-1.6510449581679616,-1.6079032012568233,-1.1579799801590291,-0.12632320703201066
2.2508456688412113,1.685447786164549,-0.9612585367209137,-0.7907630564179646,-1.5460835258032382,-1.5336345998555205,-0.9821767215584614,-0.21497178388114338
0.21266961228793146,0.4853435527150629,-0.09256627714102479,0.6634721587815634,-0.5161037667104236,-0.5718029536340524,-0.5950393861719555,0.1160023434996646
-1.1272988193839768,-1.7827978139848288,-1.4932406043603483,-1.0997321711988024,1.0126376908528958,1.0375052427076528,-1.1732857555194152,-0.12748963567476243
-0.9285196079407233,-1.107269472692243,-0.46237054020073737,-0.6966331401672462,0.701884131918017,0.7099672900970602,-0.580329516068976,-0.07616677539368559
0.07727672213670583,-0.016985991035133697,-0.8896223632339207,-0.7420966538201932,0.029647588253901454,-0.0005383431630139731,-0.5920686389915416,-0.016970521774034488
0.3750213839541358,0.3265854012477777,0.17509397862163312,-0.2575813469278691,-0.4781560573848549,-0.5309928439348289,0.4994707803384618,-0.03505016573668653
-0.2822490892499492,-1.0248645140139925,-0.36690583941288213,-0.6564144546984446,-0.2352928101683678,-0.27828412387445084,-0.42710803877778564,-0.023969093630544936
-0.7237029874917277,-0.10246383071202393,2.258004587371448,1.4785816539892107,0.4192916670987441,0.4090064908126559,2.0266427736904453,-0.037966237343565905
2.047611198030071,-0.21498142276934198,-0.14109110692241067,-0.5889968523665655,-1.9957284446772596,-1.7955980921708348,-0.9935835851515914,-0.21759624832733482
-0.35452547853188465,-0.30301765257973196,0.0823563527891093,-0.39519192855807994,0.1037768330758709,0.07744799995218316,0.23930501423305248,-0.22401160586246943
-1.123619495644344,-2.0575331801874865,-0.7383136483722227,-0.8273035646567765,0.9975896912652893,1.022004476675428,-0.6952195846043339,-0.10532749146247926
-0.22425299761779138,-0.462970812499476,-0.3998357597099135,-0.7149926460926062,-0.218618266608333,-0.2620883903540332,-0.7942973047644263,-0.10445266998041544
-0.8863226512343562,0.8865654120469081,2.5800372877986346,2.7667761564055344,2.475756765918917,2.5824398755680975,2.630370974082652,-0.170939102617265
0.44596799176600266,0.1577941357137703,-0.7408308678702821,-0.7588844497111558,-0.4562892334154295,-0.5080914720149365,-0.5491750625454654,-0.00938873559614813
1.8094689009479927,1.4374874026797786,0.5658369910788326,0.11968198837945504,-1.4226265940302394,-1.4383005307376178,0.8813418462646092,-0.22371999870178147
1.7342783843874916,1.598660846018959,-0.45034851672408377,-0.6539768380165857,-1.4786414613789776,-1.4814818399284109,-0.8881789711891058,-0.08619806172135061
0.8243479398621081,4.610497496517988,0.49134921218739164,2.3344028032922353,0.17570343567991398,0.1535137892205711,1.0798132706529435,0.14195538080089093
0.48702790124430206,0.6508281461662186,-0.31468251315832846,-0.5215224588432357,-0.5070851190005058,-0.5607265079652702,-0.20653925585059854,0.03697680295323379
-0.11805540449568803,-0.9288959497812768,-0.4018854011109196,-0.6966331401672462,-0.19849532853750815,-0.24077731125496352,-0.9078407312655297,-0.15169303001186116
1.8959859831423245,1.5317636323285262,-0.17011273608153862,-0.4509249773390904,-1.5414884571574021,-1.5278584965002384,-0.9821767215584614,-0.1330301717278332
-1.2619093947630144,-1.9523216613931413,-0.614752883763528,-0.8860140642211216,0.9490175453745641,0.9684050363469321,-0.8461472796124858,-0.13157213592439354
0.2140737510911103,0.31660079184185896,-0.8633893245295602,-0.7645722481794339,-0.17506827025670044,-0.21560262903739721,-0.1760001453372553,0.04135091036355284
1.2336220704457377,0.7008727666829886,-0.18756786157719463,0.028990130512913177,-0.48256928132275606,-0.5351753152929297,0.017331383970680663,-0.06566891760891987
-0.8195441710349611,-1.2250585433894254,-1.2471960580293624,-1.0635898901947878,0.43697886831484534,0.42769130019292234,-1.1655844305476601,-0.0601283815558491
-0.8967318944266649,2.294440018420692,-0.4327920667157744,0.8831164385972434,0.8360600991700733,0.8489628915089806,0.26640609446248664,0.12241770103479921
1.6929657624881107,-0.7568725469288697,1.6834817336074672,1.170300884176686,-1.641182723236576,-1.5995171349250954,0.37734369472499973,0.0778018054495449
1.0248815972048322,0.318045158368974,0.01350105145485468,-0.3222138024660731,-1.221662557152002,-1.2635671699892088,-0.5409498222669016,0.054473232594509965
-1.2211789892618625,-0.395877613706282,-0.8456055641858331,-0.7878034646876617,1.111608700302481,1.1396059021463667,-0.5832429956100075,0.06292984025446013
0.42798346506101387,0.7588727114835486,0.1907442947593031,1.4448645468700643,-0.032187891544371995,-0.06627509460530537,0.5714873860748664,0.14195538080089093
-0.6484274774708138,-0.5034852198779504,-0.585116314145449,-0.7504395754235496,0.4404905606513517,0.43335072206301484,-0.3142602833603674,-0.1280728499961383
-0.3804892355096077,-0.41528523839809106,-0.8755825659526412,-0.8463248648903724,0.25489929258674837,0.2371373821813771,-0.28860903655673215,-0.20272428313225008
-0.50331271986902,-0.02662146047587417,1.726743403302654,1.4559810913404079,0.4192916670987441,0.40932719371035914,2.079073062574956,0.09267377064462966
-0.43873047277289046,-1.0440670715174083,-0.5194855917803755,-0.7476473954117887,-0.01607947088451293,-0.04872299404455918,-0.6711034478006265,-0.03184248696911923
-1.2717903286172227,-0.7179295148295206,0.28642143871489123,1.009068370585287,1.2763003461582945,1.3160541821943703,0.678964138603114,0.1431218094436427
-0.892293125554521,0.018132686735713097,-0.6959717849508492,1.6441670994964348,1.6736901931747326,1.734242311882014,-0.6255784966852986,0.1256253798023665
0.5542171147184305,0.5060901958722567,-0.4532895463148295,-0.6069475658441686,-0.5573967052951608,-0.6145188659035731,-0.4595435632393891,-0.07295909662611828
-1.0901084890329602,-1.2347581779179486,-0.6989168426245841,-0.8826181673984916,0.6195358750572916,0.6204728522465736,-0.8371908812105024,-0.06945981069786304
-0.10300268068117367,-1.158243729134076,-0.567221066838173,-0.7532430827685969,-0.05504467266777008,-0.08943759561592547,-0.44775867086268584,-0.09832891960596878
-1.0539918053297448,-0.2474639131446419,-1.3712567466845662,-0.8367487724548038,1.513880331261998,1.5670725810138337,-0.5659690823159045,-0.041465523271821146
-0.18228151984760804,-0.6349721796547059,-1.336169926541105,-1.07692272071696,-0.08497162181524404,-0.11993799462998375,-0.92301841131138,-0.22401160586246943
-0.32845742525393345,-1.182365392356971,0.2554247660280693,-0.4437075371894862,-0.4326106485662998,-0.48369653942406926,0.12139347645480278,-0.14906856556566972
0.013433275245666778,-0.04383334794962501,0.6267321043650496,0.21315113800732735,-0.10016999804753904,-0.136998981235042,0.46022690953773754,0.0489326965414392
-0.25346038514125696,0.0016066327610305352,-0.2572717261974238,-0.7476473954117887,-0.5643946735607228,-0.6189792137420265,-0.17154948105380388,0.0005259078672417215
-1.2832430750118502,0.10217053154008782,-0.521231154097153,0.6756592810750875,1.2477755428098585,1.2855623334879414,0.473084600371523,0.11833520078516808
-1.1584030465573296,-1.0614585582701734,-1.0721845482530803,-1.000531253630541,0.808205488809868,0.8207945361265607,-0.5980248037682963,-0.030384451165679546
0.1630121703425629,-0.3904740594757248,-0.554821502116779,-0.6046780609709871,-0.218618266608333,-0.26158395771167503,-0.713054088385948,0.04601662493455983
-0.2892963162252464,-0.1824588883657345,-0.4859520465081895,-0.5017198542722824,0.32620187141757206,0.3116174248005522,0.5115283366814478,0.01860555182989377
1.0492703426226653,2.7507364580919655,-0.30252174131115045,-0.5912153570416305,-1.1961318329277357,-1.2406894518640181,-0.5774300101046254,0.046308232095247766
-0.4271141647579062,-0.0360110342555699,0.7700001716054069,0.05825056175245021,0.1271838875654647,0.10151242433271945,1.2541032155079561,-0.12399034974650719
-0.3680946308956173,-0.14546601229431047,-0.9856566046326198,-0.824183633340422,0.3224017566753887,0.30797044965445053,-0.14977476830637765,0.04222573184561665
-0.8394227292031874,-0.22330190664230995,-0.6022403691811344,-0.6992262524510623,0.7375630120641126,0.7458206805167433,-0.5301540740502383,-0.004139806703765268
-1.2411560933935502,-0.7782904242003612,1.4819869704857678,1.394387152282967,1.2677356049232225,1.3075801435008716,1.4934187760983046,0.1297078800519976
0.5719373002077387,-0.18419854248153125,1.4464950131341041,1.9205970434181208,0.07548100322075482,0.04684487764400949,1.5090256201076873,0.11833520078516808
-1.0267636746740905,-1.0581979552877923,-0.5644502246322154,-0.7617224972842638,0.7760997774563672,0.7876421301101163,-0.11111483321553813,-0.18901874657991705
1.3806711149661632,-0.6520876519044778,0.07808247651230964,-0.4730409003023876,-1.5052429956927798,-1.5012849441810265,-1.1579799801590291,-0.19718374707917927
-1.2508090804342684,0.582084239529513,0.9980134632679433,1.182864458625232,1.1298906947049003,1.1604159221993975,0.47764723210194354,0.1351317732407932
1.773057985151163,0.8922386991074155,-0.17843571073018263,-0.45456216264457205,-1.6265140354219363,-1.591310783919401,-0.68132136712006,-0.006764271149956699
-1.1597228805015227,-1.4319677855212467,-0.33264507549934036,-0.5956738474276069,1.0415008927544267,1.0665868669367498,0.024854718116863198,0.018313944669205835
-1.2125558419778122,-0.6309448403053067,-1.3651908770943484,-1.0635898901947878,1.1868903878541643,1.2229878884946492,-1.1969964742898067,-0.1441112438339748
2.1539851111671515,1.6421399576230153,-0.25779932728227756,-0.5316407012780883,-1.7749417725034082,-1.6825578604128686,-0.8283652378289683,-0.2232825879607496
-0.95075333249161,-1.1669907442775627,-0.13009164127077913,-0.7230128167228125,0.06794202136381818,0.039834791968123645,-0.2436792482118687,-0.21963749845215036
2.208877504571065,2.335123712371459,-0.04840513087295702,0.768603839208798,-2.161784236605323,-1.8553995929517109,-0.7901706960133761,0.1311659158554373
-0.6905441429466262,-0.922410245388749,-0.4131833168016535,-0.7476473954117887,0.16866924941970607,0.14694986355397086,-0.35290256154933536,-0.21147249795288814
2.147396707348079,1.0259698297441693,-0.5231308216312287,-0.7257070252533939,-1.7749417725034082,-1.6842789796798365,-0.92301841131138,-0.16087865557353115
0.12150192827014043,-0.3214496861629967,-1.2023111660084151,-0.7203290711643316,0.3698158206054052,0.3584516750499756,-0.45716813450658,-0.06712695341235955
-0.14408779370037886,-1.0047607024202636,0.9672502368232306,2.944392058238225,-0.16260876986142764,-0.20188065778246347,0.7375699877758327,1.754834586565868
-1.0801977792367297,-0.024486223489179774,2.367907790205919,2.0962363434505296,1.822134688372259,1.8917688605218645,1.6109056903412882,-0.0747087395902459
-1.1761764064743931,-0.3413641841183454,-1.3592156816028054,-1.07692272071696,1.076601647044111,1.104396029115785,-1.46679748325973,-0.09395481219564972
-0.26292038549856606,0.07521741414675014,-1.3592156816028054,-0.9965250765398892,0.16725830727032215,0.14454274316222826,-0.7503835888595926,0.03493555282841823
0.40439982890974396,1.6414798026013315,-1.2128631101961926,-0.9281223330478493,-0.2942412995457323,-0.34139652415841626,-0.6577427750761677,-0.21380535523839164
1.216592425128404,0.3893854035050451,-0.13727929102277195,-0.49977044927641695,-1.221662557152002,-1.2647188953454154,-0.5547213935090258,-0.2205123199342142
0.3085402487028687,0.4160814145984835,-0.9495961269746412,-0.7819220367384917,-0.06826932942550747,-0.10329902501176987,-1.2387058273705522,-0.22080392709490212
1.2545128339065146,0.5539214924349163,0.06082082057596199,1.1070530568220374,-1.0517253408729588,-1.1082949587112905,-0.5603190801193723,0.1489539526574014
-0.2134115528722427,-0.780763996374794,1.2737357939783076,0.5420178728315814,0.08148408817115001,0.05391329228018731,1.6531004274984418,-0.18435303200891004
2.454175656719314,1.5282272062010487,-0.31147804880697494,-0.6092245485063877,-2.0797013945290383,-1.8268274826158424,-0.8881789711891058,-0.11941211732370657
-0.8487764214097587,0.3683857657340947,1.1089797223992965,1.4119932414041438,0.955588629458687,0.9765068508557666,1.8450813819533134,0.1375812733905719
0.7224382732937986,-0.5095490460313516,2.029483222227318,1.3826084531408085,-0.9721365903499731,-1.0305086873777132,2.149018889033764,0.06817876914684297
0.4224904098936624,0.7556262207001421,-1.0997219668662475,-0.6069475658441686,0.061882480905445944,0.032616056030915205,-0.6952195846043339,0.03726841011392173
-0.7238353075821179,-0.47896577372081606,1.067922031588849,0.25292101157881236,-0.033808621667403047,-0.0676903347805634,0.28959314633473443,0.026770552329156
-1.0664261341787342,1.3826304548460735,-1.6032914458992265,-0.9032484639649535,1.8476047063412817,1.9190546370386452,-0.8026360002060688,-0.18403226413215332
-0.3360300839380647,-0.5989059633809867,-0.09261616583192646,-0.4730409003023876,-0.09339548598158608,-0.1296959182877847,0.14109893706024024,-0.0018069494182617728
-0.6409667960887764,-1.0925280960775792,-0.5371422913680014,-0.9652852440895815,-0.5504323543005956,-0.6063707203761659,-0.2657268412161906,-0.09599606232046527
-0.8335738953516922,0.49610694336584743,1.190222971547611,1.4563256182837043,0.9291236765142507,0.9483768908558563,1.1012526631704351,0.1337903803016287
0.45500763357083657,0.5966132765284292,-0.7831434068833605,-0.7878034646876617,-0.3098510648242125,-0.3570270853863044,-0.6479125449132416,-0.2205123199342142
1.6379251842795173,0.30755676034083007,0.1721463643186642,-0.225433056856552,-1.5833780053628799,-1.5588930975798132,-0.042889121689298766,0.02414608788296457
2.1990296967090717,1.2438913034623518,0.02040429073136094,-0.4491135382605439,-1.9832305832767985,-1.7910118290637902,-0.7581342826472411,-0.17595474578109746
-0.216037153799119,-0.2198298480635875,-0.329474371116069,-0.6138011454501293,0.03738782524186451,0.007680245077724691,-0.4913047893893942,-0.21555499820251925
0.07789410304283002,2.7264640714572352,-0.21963213129970796,-0.4824689266523631,-0.3740272054882285,-0.4225270743178115,0.02592187785503032,0.05768091136207727
-0.736226754814619,-0.987462526045581,1.1028515461076447,0.8022469922786709,0.6762765934909837,0.6817086449091307,0.35980186452991497,0.062055018772396324
-0.13876590855749482,-0.29765964884405244,-0.17775604992982114,-0.4901050663681122,-0.008091886248358377,-0.039839250386266345,0.33409931119272046,-0.2231367843804056
-0.06615086319357422,-0.36900011184398845,-0.022967242828657603,-0.48437006571322483,-0.3137799098955776,-0.3604378308726952,0.7209147791884356,-0.16773142384969764
0.17483358502299648,-0.19675688799228133,-0.6491659663341315,-0.8273035646567765,-0.43903018500716784,-0.49066218265540235,-0.3294221020979303,-0.050505345253147184
-0.018970675499069882,-0.18486709310519495,1.0320921041374398,0.21661165406557475,-0.4541205823841669,-0.5055411299034884,1.1165404351110344,-0.10561909862316719
-0.4502195311810403,-0.5895123014855932,-0.7814626764380902,-0.8928563341048439,0.03738782524186451,0.007409808632245025,-0.4913047893893942,-0.09016391910670654
-1.1430493616548376,-0.6400429334586165,-0.9145665480238102,-0.7096971135687657,1.3753147026336512,1.4211429418465493,-0.4006273457011522,-0.21701303400595895
0.707582039079332,0.5873634352352153,-0.1549593869719094,-0.3029132419511863,-0.5025967471675278,-0.5578018282236823,-0.009197735404099424,0.03668519579254585
-0.6811419686912716,-0.003284058326676022,1.9106099998311454,1.4205099782292037,0.5572512082601913,0.5552778053717865,1.3455341739848352,0.05214037530900647
-0.6342325880396438,-0.33796589369469615,1.4587141853645091,1.162967649185527,0.2786228883230415,0.2616366524438634,0.923844996975909,0.11454430769622488
1.5822398647513014,0.19393353669900146,-0.08285767840290446,-0.9614777214396685,-2.7637483619358427,-1.9602109712081588,-1.2387058273705522,-0.20928544424772863
0.7390613327423255,0.26825154946920743,0.14968547049878925,0.28492041365800314,-1.807644127768177,-1.7019294950808408,-0.6255784966852986,0.11425270053553697
-0.5080377204527554,-0.5241493972992916,-0.11805529155615406,-0.5502354629036887,0.14735956230867564,0.12301665292762043,0.08769489280980751,-0.10066177689147227
-0.0022018819540602064,2.0779086277230383,1.042151936969173,0.3816407489687154,-0.1397500085138077,-0.177478126583809,1.433725488190514,0.012773408616135035
0.6129328923642623,2.05146139393968,1.9434462071595942,1.2399609645864744,-0.7566453145844613,-0.8167414393172282,0.8911052296178267,0.04397537480974427
-1.1981076376425035,-0.5456314591657375,-1.139435187625973,-1.0334452652348058,0.9299580609655196,0.9487760664849526,-0.8240002669911672,-0.05429623834209037
-1.1096854485637457,-1.7612076609612242,-0.5248924100950969,-0.7230128167228125,0.7366101740777511,0.745863041060484,-0.232132319166201,0.002858765152745216
0.39870063920027476,2.5543623309276096,2.211393078649254,2.1906380801437515,0.21720654507815562,0.19625252725991743,0.38622117927920085,-0.22430321302315737
-1.0135954267782321,-1.2421689026002214,0.17667415502206102,0.0821415596807945,0.8642626749984026,0.8793308808127966,0.6925660988321485,0.06963680495028268
-0.3399116968937133,-0.5135973032528353,-0.1447122103349263,-0.5235342902867693,0.018741356691670596,-0.012405967932951649,0.06313644566013636,-0.16335731643937862
-0.06491353622832444,-0.5773164796717375,-0.2683453743712514,-0.5979139259296549,-0.13452570396273814,-0.17241920106119366,-0.6255784966852986,-0.13886231494159196
-1.2873576115511443,-1.5500637328811897,-1.0966352091699711,-0.7532430827685969,1.7018798406046418,1.7657419737544975,-0.1569462146167937,-0.21613821252389512
0.23445016880609312,0.2080228904215944,2.099009555495671,1.292988897650477,-0.6119314878353419,-0.6682728294172586,2.1396886495900187,0.007524479723752205
1.2898496224313796,0.14150078674867625,-0.1432938100980857,-0.6588607001299094,-1.5646108443358748,-1.5466572838029229,-0.5039791704766798,-0.21497178388114338
-1.2122461222664684,-0.007526102936100497,-1.0613417284892301,-0.627715647998323,2.1120717360351695,2.2001971493887944,-1.814631480491208,-0.03767463018287796
-0.11728034975172519,-1.0985993918587322,-0.46300014048104476,-0.6300622160009718,-0.23343058390838092,-0.27727619137947873,-0.7465451897129602,0.04514180345249602
0.6482312329284174,0.06157095798084414,-0.303112625580354,-0.6395289888740595,-0.8646990806214977,-0.9245884608817925,-0.638239605198631,-0.16394053076075452
-0.1334171735204173,0.6435133184069658,-0.34082286882461654,2.115256820467978,2.432912716655259,2.5378190710817963,-0.06851447653254775,-0.22080392709490212
-0.5035633342135305,-0.610740539982025,1.6288121262826003,0.9919713063890333,0.2562275042637677,0.23718306781384335,1.2000246711446503,0.02852019529328362
-1.021159700099675,-0.11052991363812724,-0.38463414666008766,-0.7448664515672833,0.5300303007068239,0.5268672661485041,-0.6287190015903296,-0.08608141885707545
-0.9075256916342807,0.7154515287649592,1.9273508340561325,1.4096633290484761,0.8484662880925167,0.8623945201130659,1.6828509027504532,0.04834948222006332
0.022950292823328947,-0.10373543787329459,-0.5155857253806437,-0.6515477894250961,-0.10186858399939104,-0.1394035452686344,-0.6193460101997537,-0.19018517522266878
0.4657510844810485,-0.17070338193075318,1.2121043960727154,1.255948101389951,-0.4892144095839165,-0.5422783843850847,1.3982166595643402,0.13874770203332368
-0.8840708478654815,0.08860660618807353,1.7826307504007475,1.7411431730672675,1.2670746781080098,1.3062476808795553,0.7620384411363659,0.07663537680679317
0.37356441119639283,0.5468037059053812,-0.33328224560972697,-0.452741177104,-0.32364885844920677,-0.37007468545930705,-0.543679153470188,0.05068233950556678
0.009248076711853832,0.34656282357058665,1.9852266209296237,1.5745470568066693,0.11698977162101648,0.0903820122593302,1.7366559346735921,0.04135091036355284
-0.7523517020852108,-0.7562930261828543,-0.44081768416130823,-0.7070644870981482,0.42992986118246457,0.42076790921178403,-0.22080181122011777,-0.04204873759319702
0.14057563709277138,0.17419741912519618,-0.08383263775288431,-0.29418390129864896,-0.17685697245037138,-0.21836950116274634,-0.9491933148849384,0.04980751802350297
-0.7887093903026637,-0.7811561958655362,-1.3663967094878773,-1.0814247797195877,0.48538495768396533,0.48088909962882065,-0.7058570291633617,-0.1496517798870456
-0.3620052914089014,-1.3722148514195278,0.07743091461527198,-0.5155218687873921,-0.24089388453038885,-0.28496812956570294,-0.17302939815684143,-0.17502160286689608
-1.1849293090024988,-0.355029019304649,-1.561831194576343,-1.07692272071696,1.312626902142441,1.3528040528948324,-0.9765529988218078,-0.06975141785855098
0.8490062659242908,0.41185827326444274,0.016474192323969458,-0.4618944713539839,-1.2327434488868856,-1.2758365889955785,-0.3609365114729149,0.02764537381121981
-1.189339366950243,-0.9826252755109389,-0.4624963809495585,2.001105865400858,3.556044787495136,3.726332595194714,-0.06602663008044064,-0.21584660536320718
1.3810315048316153,0.6509903236755248,0.32672806761164463,-0.2927396716971813,-1.5007753713742253,-1.5002167471361503,-0.017159884066398966,-0.13040570728164178
1.1364482636485618,0.49742228697975355,-0.6130984329225747,-0.5736635916835955,-0.7067849869469229,-0.7656953334092033,-0.68132136712006,-0.21934589129146242
-0.2804899195023926,0.9054955562648686,1.9353936320018106,1.443579281516816,0.3350302593856527,0.32081531742902497,1.0434892485936265,-0.013471235845779245
1.0801400040885143,0.3771912905034047,-0.6509769929496487,-0.11666505264030151,-0.3177194311894973,-0.36552892157764255,-0.9491933148849384,-0.18140779968596188
-0.9269119885188877,-0.4947091300752669,-0.7368108904544838,-0.8826181673984916,0.4728625615040411,0.4674502875714464,-0.7581342826472411,0.016272694544390277
-1.1764666483342336,-0.7205251579805837,-0.825446680948222,-0.9245136375744899,0.7733144875620497,0.7836387877117647,-0.8979299218509426,-0.1490977262817385
0.05474886426670251,-0.5279197275423008,-0.1869988463418522,-0.6491272489021422,-0.5504323543005956,-0.6069913824120062,-0.7166850052145975,-0.12282392110375545
-0.6295904544033292,-0.523814680729657,1.5945404326962969,0.8532701113472972,0.4899118714139402,0.4843066927294871,0.7676913784417352,-0.22109553425559006
1.2549082494869992,0.7439919303645007,-0.005539324208766744,-0.40530523508869326,-1.3206335666015858,-1.3517606590838913,-0.13290262669895053,-0.008222306953396383
-0.04113651665114546,-0.16761404218466094,-0.49078596261131785,-0.6207233764114971,-0.05669117249728872,-0.09253187312985628,-0.43849341924749036,-0.18027053175927893
2.0471267373169173,1.775137566086348,0.9651504132864708,1.6324321912216286,-0.8966906944854902,-0.9570044704288538,-0.6847660820508905,0.05738930420138933
-1.2390180159363302,-0.0022161807204651037,1.8706274638754299,1.2171335983568357,0.9106446634242437,0.9285673220621552,2.9264470476897366,0.05593126839794965
-0.5020631841189004,-0.6525405078595775,-0.6140167267684891,-0.8725294683282323,0.03893092591342702,0.008656386530818587,-0.6577427750761677,-0.13944552926296783
0.30804746408644235,-0.4975880541434044,0.049863822132354386,-0.32372103013613573,-0.6536006792681969,-0.7117107472384189,-0.5716723872069137,0.051848768148318534
-1.0851648716829847,0.4934060315534951,-0.4588629878334248,-0.6371501100610071,0.8546297960755053,0.869437605274876,0.15503721058790715,0.05972216148689283
0.9460347028029454,1.7656446128174184,-0.025490022646480547,0.4186897833082266,-0.1714974730227535,-0.21134204572754048,0.4648872431192628,-0.19222642534748435
-0.43510395900973226,1.7453553145315528,2.212501887448453,2.042583648279293,0.9448954415338766,0.964563352424768,1.605848002143777,-0.024260700791232874
1.3632119742997935,1.8479627760380917,0.2520686408585546,1.1739385253290282,-0.19849532853750815,-0.24018097312414857,0.28544292979722896,0.044558589131120145
-0.3841100165984634,-0.7356147092247506,-0.4481568583443798,-0.7123398074691148,-0.12068557074483631,-0.15772753688025729,-0.28147566960827214,-0.014346057327843055
0.3455896896240791,0.6420260011605753,1.0210686578470636,0.8424698591062152,0.07848565288499937,0.05134284891731934,2.30955317402392,0.0212300162760852
0.7761403638334915,1.2755038749515497,-0.6471632911264615,-0.5650520956681703,-0.4936614773165459,-0.5464982440798823,-0.3509106459591556,-0.04933891661039544
-1.1679681548730958,-1.051221366600342,2.0937956755175855,1.0153994351689402,0.44515962408827414,0.4362206925617057,1.7906255715372317,0.002858765152745216
-0.5806498054855824,-0.32922289257405746,-1.151243975635698,-0.7560580097270124,1.0126376908528958,1.037349809281348,-0.7058570291633617,-0.22401160586246943
-0.5112022087674609,0.5582974162644234,2.2686421026802277,2.0134692479158143,0.5754737254744331,0.5738180405951482,2.202397609395365,0.11541912917828873
0.7396463378455528,0.2646540344730352,-0.030455715514195153,-0.47491624368604,-0.9384557251858264,-0.9964064523095308,-0.3609365114729149,-0.11757499221137259
-1.2710438277176013,0.10501169353686456,-1.2987844621374476,-1.0209180893479877,1.3074927916184265,1.346727725954992,-0.42710803877778564,-0.07733320403643734
-0.30978538113921755,-0.43271168923951125,-0.7249879765780027,-0.7149926460926062,0.2825393507068763,0.26554872832907134,-0.32369176692211693,-0.21584660536320718
-0.7665139846727298,-0.6206979681912117,-0.8220288097648927,-0.8826181673984916,0.46253589615785545,0.45563307436752176,-1.0800946041151993,-0.221387141416278
-0.06293886709502464,0.3461763439602647,-0.5530811215766883,1.231429206680305,0.30196451328666707,0.2858510272514698,-0.6010250373935246,0.1472043096932738
-0.8794982360307227,-0.25545677218740503,0.2561551773480846,-0.12680308696760711,0.6091657096379088,0.6088987228744788,0.39497018631218994,0.05068233950556678
-0.9917565607781222,-0.5973292730044397,-1.0320401627694544,-0.8691990348327748,1.1196811951586292,1.148630683883093,-0.92301841131138,-0.08841427614257892
-0.009373279383024636,-0.27629520939541624,1.7570162407909349,0.9132402028338736,-1.0451949562089533,-1.0999531787495023,1.2013991601824117,0.07080323359303442
0.708932280076708,0.726672685913551,-0.30395826400728193,-0.4138475393175386,-0.4476340259518833,-0.4996294905522937,-0.6193460101997537,-0.046422845003516074
-0.3702647986672717,-0.2205236652486262,-1.166330035268638,-0.9245136375744899,0.37349381736223347,0.36141899703571323,-0.8110913245348657,-0.09307999071358591
-0.9900875922994236,-1.0784495254396143,-0.7994730072257699,-0.8273035646567765,0.8987614580058813,0.9156225868953779,-0.713054088385948,-0.1271980285140745
-0.45918782335817,-0.36372314596136607,1.608927528108282,1.2396468447570743,0.19521950079804096,0.1727861350636112,-0.4524450961503504,0.09121573484119
-0.6242289668972284,-0.7136910411322254,0.9641513367827037,0.3256008104345844,0.40857483267371403,0.39949762564634883,0.6676365658133687,-0.11145124183692591
-0.14011866917627647,-0.04779301265398475,1.9057346557240389,1.2889049302649231,-0.1966797454022065,-0.23780486379082597,1.3233790889786643,0.050099125184190914
0.03557466088636232,-0.33290036916063925,-0.3665096717537651,-0.57800991804043,-0.11381473824406256,-0.1507450256572487,-0.04050432240468897,-0.08054088280400465
2.392947472309268,0.8760872589564129,-0.2315300361841578,-0.22282033687187983,-1.4830412915969293,-1.484541363997074,-1.0669517857479418,-0.19135160386542052
-0.9811814696478365,-0.7143966844609926,-0.599216789336763,0.5389935195897577,0.47856797203209933,0.47358544192459395,-0.28681778832866156,0.11775198646379222
-0.18559680535644393,-0.8415961328677727,-0.2640322196965974,-0.830437645369898,-0.8908212818365175,-0.9513652355732917,-0.7058570291633617,-0.0178453432560983
-0.9174417701814316,0.8222731139367092,-1.0252956409794924,-0.6637793231201189,1.3617540830267962,1.4055710473830327,0.14636352041433406,-0.22197035573765386
-1.107763229550495,-0.8680718992527576,1.916289290020128,1.2606882398985118,0.4192916670987441,0.4081524037460646,0.5766544759464175,0.0713864479144103
0.02568974092713451,1.7296104331680342,1.1869473061860836,0.1431101171593621,-0.7781632301178985,-0.8369593410941629,0.8521566963476331,-0.08637302601776338
-1.0517272126063213,0.7386235181497207,-1.3651908770943484,-1.1137881868705504,0.6792544985655496,0.6859882373834506,-0.5920686389915416,-0.2231367843804056
-0.6381342545862851,0.13172937604055043,-1.005229539453968,-0.7731926960859541,0.6762765934909837,0.681522575662996,-0.15839076926992518,-0.030967665487055422
-1.1098069860032582,-0.20484323988523115,2.005994067190629,1.8593141269239375,1.5744884667083092,1.6302927108356793,1.8304401745696655,0.0323110883822268
-1.1997762308288131,-0.6245663482387266,1.6348533799576814,1.473896459007565,1.373472979399646,1.4161567430254478,1.1861051191330085,0.0938401992873814
-1.2919245020140717,-1.0586051722656926,0.07713736491271851,0.49427782042784785,0.9872029517280808,1.0079309524276048,0.23855542227751228,0.10462966423283503
0.9290974007578867,1.3398566768748372,-0.7828627939302223,-0.3117542616306592,-0.3822527194354659,-0.43289868705619533,-0.46672637052391247,-0.07908284700056496
-0.2368799680948592,0.004297185635117513,-0.7731634205007293,-0.7044418516438574,0.27075807910285987,0.25383270557816123,-0.39632451020794435,-0.0458396306821402
-0.7648091647929784,-0.80118593299854,-0.6229413721237808,-0.8057541781652647,0.48538495768396533,0.4791809389594404,-0.4049610261564671,-0.22167874857696593
1.026046262050392,0.14177831361913487,-0.2248764182031184,-0.3885310228911882,-0.8110510588362735,-0.8717069728451138,-0.19260544439329855,0.0378516244352976
0.3680080284386319,0.2730443843350105,-0.7228095889779586,-0.5275756094811561,0.026539885147350426,-0.00358872108505121,-0.08622210580593125,-0.2097228549887605
-0.851965624412143,0.13105908962832005,0.6411070638654802,2.128709138157607,1.4737406063500718,1.523066275715972,1.178389753078588,0.14457984524708234
-1.2446697072966546,-1.6621742604952383,-0.46211897748926967,-0.7848564938559499,0.9106446634242437,0.926990633993446,-0.5464208626350984,-0.11728338505068465
-0.4005991117555549,-0.24031792284223727,1.6279030675918926,1.1573277210161317,0.34879572524410696,0.33498118452497255,1.1103652452121362,0.029103409614659497
0.3799366880240046,-0.13964582066297168,-0.6776635643113578,-0.6515477894250961,-0.2112684767519404,-0.2531087287374144,-1.0291553643515383,-0.21963749845215036
0.32134486092069553,-0.4272630221290987,0.0001578707853241416,-0.5845810954074825,-1.0814816568590047,-1.135702648865214,-0.47399554629750257,-0.0324257012904951
2.159902900983126,0.20090522251044268,-0.34361756537716476,-0.7284117786583229,-2.0930631752352387,-1.8318663499503578,-1.2051113053205627,-0.1248360105125022
-0.22905205747800675,0.656191664181765,2.0366321643384278,1.0822519252465288,-0.11724608409223819,-0.15593805515537296,1.5209216861653463,-0.06450248896616811
2.118485975937126,1.8662681184057766,-0.4527978695796183,-0.6300622160009718,-1.7013883132096463,-1.638791015542483,-0.8930347871322027,-0.17327195990276847
-1.1970538688240406,-0.9455338897734522,0.9076405773193429,1.2079846320320051,1.0290899624345862,1.0537999644780518,1.2818389131030952,0.1407889521581392
-0.2444479153400943,-0.2714184464597821,0.3001018545274876,0.8738438339071964,-0.22600550778488615,-0.26819398564077973,0.32180742615346103,0.14545466672914617
-0.8863118486065766,0.006108525317095559,-0.6408213334444567,-0.9317499718913053,0.10525089821970403,0.07988403367093364,-0.6479125449132416,-0.09628766948115322
1.7285673453266013,0.15015388882648759,1.5045182016531125,1.339386426829103,-1.2741137589937608,-1.3106175447638753,1.7230357345596765,0.06847037630753093
0.9905914318161323,0.11240375780265272,-0.22107434501810064,-0.535729847012589,-0.978345349064724,-1.0368176997979621,-0.06602663008044064,-0.21876267697008656
-0.4184145522730917,-0.8553957968995879,-0.8647641604001649,-0.32372103013613573,1.1657772533809807,1.1990247038724984,-0.8930347871322027,-0.15898320902905957
-0.7459080759402859,-0.5656838617193405,-0.8469204770008896,-0.8758760298938162,0.5955726361832813,0.5945639211297432,-0.7351740864247526,-0.15140142285117322
0.3181553318183167,0.6375762858802622,-0.38817163112121417,-0.31472658282692273,-0.13626504783551513,-0.17482306983040355,0.009713243840431955,0.02589573084709219
-0.4584267891291377,-0.6864077719570938,-0.3522163404625946,-0.7532430827685969,-0.15201376818117376,-0.1901991004687606,-0.5382327577620989,-0.14906856556566972
0.9095148407858725,-0.6924311706762059,-0.2830146793832051,-0.6443114551082808,-0.9877086299055096,-1.046806823295685,-0.5631374807237611,-0.2103060693101364
-0.6223627775999527,1.9278070519438597,0.3587211015724953,0.5107107545987708,1.188287057465136,1.2223423896874896,1.043092955013595,0.05505644691588584
-0.9540569124517173,-1.0550599999744141,-0.5415660193721411,0.6572970420471791,0.5604836353385855,0.5600161263531799,-0.6255784966852986,0.12854145140924586
2.1875961831973916,2.341567994040406,-0.8095408924524226,-0.7176557076262194,-1.6861008997361207,-1.6282158317245083,-0.9179167284220257,-0.053129809699338615
-0.39226221280432744,-0.8020300377633223,-0.11067993223299882,-0.4901050663681122,0.11406395237555693,0.0878265477044414,0.29234421290104967,-0.22197035573765386
-0.046669942626501155,0.27158496719689545,-0.825446680948222,-1.0126910444121557,-0.8110510588362735,-0.8710874821859645,-1.1579799801590291,-0.05904943506130372
0.7444430723750894,0.7584743695735017,-0.29047441888367825,-0.6662518252666756,-0.9234011460409232,-0.9820810797648364,-0.9821767215584614,-0.21555499820251925
-0.2710203233968135,0.08214176945300665,-0.06430635148202381,2.7720647153421494,1.5338159952802526,1.5875655850824066,-0.49381849710536796,0.13641484474782017
-0.2272638262092495,0.3708669308574781,0.5206591116170101,-0.0785952760698895,-0.05504467266777008,-0.09104888155107249,1.0117707605872037,-0.2097228549887605
-0.9826013723241949,-0.6956838312187069,-1.1187604762183398,-0.9067475277076501,0.9991810667753113,1.0212873791132708,-0.5382327577620989,-0.20738999770325703
0.4286336049593272,0.7286004100567489,1.5262435497729046,0.6990637226071289,-0.8221815775721013,-0.8819698081116955,2.2887552028984333,0.026478945168468063
-0.5092191523888342,-0.7964769490555148,-0.6863821898755028,-0.824183633340422,0.2786228883230415,0.26176520175433055,-0.4548020029745905,-0.21847106980939862
1.0746233780715224,0.789105919710887,-0.5805245620368074,-0.5889968523665655,-0.7754559595943503,-0.8350766018431877,-0.7820010333799621,-0.20009981868605864
0.0697879552725316,-0.7491145099112261,-0.7658386178876938,-0.896303042560362,-0.4326106485662998,-0.48362151769941264,-0.8506757340053788,-0.09570445515977734
0.03426197316787588,-1.095620425860605,-0.2227289860919576,0.8081384483593527,-0.2749625188514614,-0.32055270533487795,-0.6952195846043339,0.1270834156058062
-1.1258726204921745,-0.8813693657774978,1.4169102147949528,1.1496758505511282,0.8493483951742249,0.8653513562326742,0.8591832357529164,0.11658555782104046
-0.1419369281407381,0.11150491626402878,1.729291232687163,1.131546174593493,-0.18583373762712546,-0.22767542460469786,2.1157633452071893,0.08509198446674329
0.21433135487841434,3.4684349245123376,-0.09693005506307087,1.4214766699242123,0.31477151304031287,0.29908694313331624,0.9402784148012908,0.1273750227664941
0.7308273486957536,0.23958510023651192,2.1467746464320703,1.4617009022817455,-0.7460049516343625,-0.8045833263405,0.8055541028180934,-0.005597842507204951
0.4176631778353091,-0.07874518674288244,-0.380717184131562,-0.4767966900511752,-0.3617757837541741,-0.4103789540710398,-0.3105285070990528,0.050099125184190914
-1.0119718975194087,-0.32662397657929876,2.0212955211247086,1.246835721477197,0.6205688234045601,0.6203510993978197,1.6241643100375218,0.029103409614659497
-0.9225085868402769,-1.083640815067555,-0.2929373541882543,-0.6588607001299094,0.4921700384500413,0.4874327220141387,-0.10446409689147543,-0.143236422351911
-0.44839932114101655,-1.6465477231219532,-0.32187720191524294,-0.42423966917764816,0.25223921304399566,0.23319942724040665,-0.2850318318312774,0.04980751802350297
0.33531832697875363,0.09590239577643309,-0.8623612918960749,-0.6230462814987443,0.08597014521351591,0.058748285993931774,-1.0800946041151993,-0.02046980770228973
-1.2442598160033853,-0.9008306496472972,1.3950829056922267,1.4398266784371396,1.3685502482043177,1.411320923523175,1.4312273613519697,0.14020573783676332
-0.2603641465512337,-0.7981111516619239,-0.6937210293684768,-0.8928563341048439,-0.5251788695466403,-0.580108529129673,-0.356906190981157,0.02968662393603537
-0.22553889547566272,-0.5920846838389449,-0.4414142118579403,-0.7703072488343214,-0.2981280121795279,-0.3458201125652964,-0.8881789711891058,-0.1951424969543637
-0.9689783180266546,-1.0957990095643704,-0.31651275637363996,0.6735241703773479,1.9739333828130265,2.0537096493650497,0.1140655584341967,-0.19280963966886022
-0.11221322397722988,-0.06576211177196019,-0.6859417125468227,-0.6539768380165857,0.16301722298567914,0.1396531640234553,-0.34694639677258043,-0.04379838055732464
0.7004047646005968,0.7580949053226014,-0.008560144182407737,-0.23998230187818062,-0.4628147190496343,-0.5161725566943397,0.10008160800860467,0.0008175150279296583
-0.5649800887722536,-0.7419197751216392,-1.2161667086304504,-0.9807286490595878,0.4899118714139402,0.484354610693986,-1.0291553643515383,-0.20564035473912942
-0.12078183624142622,0.5376992794527783,-0.6244483791314515,-0.4901050663681122,0.33125324567115644,0.31656900995950893,-0.4248564688206088,-0.025718736594672557
0.2996383830697882,0.6066025263384218,1.898328865891225,1.790507509854219,0.22536647062088885,0.2049849758025423,0.8420144517234365,0.062055018772396324
0.9025335460526523,-0.7870506006725848,-0.4412948350807864,-0.6863569119615435,-1.0066185885828527,-1.0638295543064458,-1.1579799801590291,-0.04709354147309831
-0.8192791701550076,-1.0180409342994123,-0.24686335707601395,-0.37865851766370007,0.8962023347569615,0.9128038531826727,-0.044085058448634466,-0.004431413864453204
1.4391648922752753,0.6562926922971095,0.18067303827552386,-0.37377465555037637,-1.5052429956927798,-1.5002167471361503,-0.3105285070990528,-0.21497178388114338
-1.2899924972313925,-1.4261916376322077,-0.5266617960987824,-0.7365901417151745,1.2356662506005127,1.2749750063243297,-0.3609365114729149,-0.060419988716537004
0.3569989898903725,-0.02158324599090658,-0.1137715455970146,-0.5255519956990554,-0.6387567651766829,-0.6963720905336939,-0.6350493823088942,0.02706215948984394
0.2596922579422557,-0.1304292670968944,-0.6301508030164296,-0.6863569119615435,-0.1966797454022065,-0.2386743929733996,-1.1430521640699038,-0.03125927264774336
-0.10920709346898666,-0.1047592574193078,1.6300846976604155,1.4299973155951395,0.18409965380519294,0.16130608104133184,2.1949535245493528,0.09675627089426077
-1.1311360161310975,-0.20319802266166198,1.8551542621002313,1.8849154973431885,1.5414953175178472,1.5946727046038138,1.2850354616459856,0.06497109037927569
-0.7454433981169305,-0.3924018337328795,-1.2339732492794488,-0.580193375189494,1.1579580766009265,1.190864064125698,-0.8327619541880672,-0.1712307097779529
-1.2111494352380356,-1.3517307330462678,-0.28381880988035435,0.03798848177239508,2.3722021833679086,2.4715151324102376,-0.7465451897129602,-0.04700605932489194
-1.3090363082236078,-1.4650439081194258,-0.6351595728964524,-0.8057541781652647,1.2763003461582945,1.3156567025398536,-0.6544482392132294,-0.09599606232046527
-0.3776223152058687,1.3499781415715446,1.5413617423489068,1.464883437702179,1.0430448150984932,1.0690159978132958,1.6373609231934512,-0.06945981069786304
-0.9163044512374067,0.12366759314618893,2.0896294182173993,1.7219467980199192,1.0063207181391363,1.029363841836156,1.391682162630218,0.01598108738370234
0.1635103064077633,-0.9897471624083832,0.255717090732625,0.980638425112951,-0.3355809664984644,-0.38288996727437735,-0.1205505227377823,0.14370502376501856
-0.1699779551986857,0.22718022628728538,-0.291621900478427,-0.5439814508742127,-0.0967787849361579,-0.1329245421246492,-0.2305006155179009,0.0489326965414392
2.313784611224238,1.2695627169537265,-0.4460979344466876,-0.6467151570543942,-1.7912007422920426,-1.694771372795449,-0.8153637510426445,-0.1257691534267036
-0.5683924638835611,-0.8039681754159256,1.0630548985880899,0.28617007695112723,0.1037768330758709,0.07691033369565592,2.025902171330883,-0.13069731444232974
2.087074781965883,1.4721095631967465,1.0477365401678174,0.34134060305043934,-2.0338817767170307,-1.8120968822156327,1.0096796279775133,-0.005597842507204951
-0.14515978907346974,0.2921916433806429,1.9600684254438934,1.3529859743027846,0.2681269659595008,0.2500414871779248,2.812851511875316,-0.06712695341235955
0.41190871271438384,-0.3038210560376969,-0.41619849932063363,-0.6762312566297293,-0.5667348563837336,-0.6219819048425704,-0.49381849710536796,-0.027176772398112243
-1.133413557636068,-1.4842951957877375,-0.6982352855364871,-0.7731926960859541,1.0660084886303804,1.0926596332041942,-0.664386202751597,-0.05808713143103354
1.3171524163134996,0.747433690295981,-0.29047441888367825,-0.535729847012589,-1.1221313183043127,-1.1724074705877476,-0.5301540740502383,-0.21088928363151227
-1.0936098792564306,-1.342416419324217,-0.4832915832076267,-0.6207233764114971,0.8703595302493363,0.8846131575967495,-0.4788906810162427,0.02239644491883695
-0.1556362205968265,-0.9188301157608428,-1.3080690039555352,-0.7448664515672833,0.6039526765341353,0.6047400766599991,-0.6287190015903296,0.013648230098198846
1.4472147799271167,-0.9658351185362651,0.013194859838711775,-0.5056352393227614,-1.5739640570628626,-1.5527263235418725,-1.1889891276285558,-0.09033888340311931
0.9576750190894148,0.251828376132918,2.444028096701175,1.4092947290151405,-1.1639537265044952,-1.211498304840563,1.9490198013873576,-0.09862052676665671
-0.301421091662437,-0.29555046798845996,-0.13383520990742015,-0.3657108112795657,0.17850758151366689,0.15630289644515205,0.04378117690497373,0.040184481720801093
2.1617198639829276,1.5073233619129436,0.036761301094226,-0.5036747738582249,-2.0274527509081413,-1.807309964981762,-0.9078407312655297,-0.18400310341608453
0.10259604285962136,-1.0335491435349509,0.522612278911182,1.1898218183405476,-0.13278844438509557,-0.17182058426008584,0.7385548576673261,0.1495371669787773
0.27661124968023765,0.16546965649255713,-0.10750846196395449,-0.36892506643593304,-0.3415840514488596,-0.3903430524885081,-0.2797054023559335,0.04601662493455983
-0.12078228310891197,0.26444822090544423,2.2233343578133145,1.8446121582505017,0.7695924240437066,0.7794795448538236,2.704515637442657,-0.07849963267918908
-0.8198789478431592,0.006108525317095559,-1.000850191673156,-0.9539250384733454,0.6359753758800075,0.6374404615755646,-0.6010250373935246,-0.21934589129146242
1.671161385138887,-0.8028745821862274,0.2821461772629999,4.116316186743519,-1.8695843148335722,-1.7378868501672706,-1.2835074932534147,10.549181660024797
-1.271042824551812,0.044570776452195815,-1.0469652668393863,-1.0292442576909941,0.9807739259191927,1.0016483403371939,-0.7779572334551065,-0.1729803527420805
-1.109785722538583,-0.274328396093505,1.8783541250340157,1.2504023092421332,1.0568666215909888,1.0848333819135654,2.563234642758006,0.03318590986429061
0.41055778426313083,-0.3145590582791508,0.05042235249702268,-0.4901050663681122,-0.753977893511695,-0.8151335360776889,-0.039315441324010825,-0.005306235346517014
-0.10152077982389345,0.5249542243283268,1.8426904320699027,1.5597795514748578,0.7280063331330356,0.736332835086495,1.5929755974600854,-0.03563338005806241
-0.5237704703023651,-1.437764583558653,-0.21195973537536122,-0.41213061020386443,0.10230126761102175,0.07482189882161425,-0.46432260658289193,0.05884734000482902
1.9538712690588298,-0.10664387046780349,0.16623733848268515,-0.1737524516884379,-1.631387125536466,-1.594026741348243,-0.883361847417592,0.041934124684928714
-0.21858419952096508,-0.5208053368477848,-0.8320539906419844,0.4835706590562051,0.2654910689714304,0.24829260862943436,-0.22240751159220534,0.09763109237632461
2.541011418195812,1.1224518973757296,-0.4552623233496091,0.07200352535348903,-1.2401780443804422,-1.2818202793655145,-0.9028650172951289,0.019451212595888792
0.921450063165571,0.6831438247722611,-0.4000510171924064,-0.4767966900511752,-0.6888392217981969,-0.7473396604579632,-0.5920686389915416,-0.11378409912242941
-1.1204099793396367,-1.4906621571233154,-0.20278534752574526,1.1552008244017788,1.4908368297551422,1.5430959840337075,-0.6577427750761677,0.11337787905347313
2.143338944764215,1.961516324958182,0.03549592132489265,0.9695811714163365,-1.6609747431800408,-1.6135977060713544,-0.4115203581501368,0.12591698696305445
-1.1224884462824336,-1.1448919398448432,0.7553921332774954,1.4199051085076273,1.3499396852661536,1.3927069810543127,0.9916067519685432,0.1472043096932738
-0.7874967917503038,-0.4358787408576395,0.0912421542619044,0.6244186265906907,0.14449445674362513,0.11837235791200781,-0.03223083874615169,0.11921002226723187
-0.6805353236773701,-0.41595052924248915,0.04818353324993431,1.5226188249703734,1.380825875689411,1.4258355349342258,0.9334259555819835,0.1434134166043306
-0.0025429197817167975,-0.6313918287951659,-1.024781514689545,-0.8179857118602876,0.012472188245300872,-0.019037657425565374,-0.9935835851515914,0.03697680295323379
1.2801466878874301,2.1950901095889255,1.5018057445227344,1.3309036547100253,-0.45846113336330796,-0.5105784190943559,2.5307213338413606,-0.19543410411505163
-0.8863160598262092,0.26233712423833583,-0.9989191099691047,-0.9464540077328848,0.6318829442448367,0.6342426367068985,-0.3430079734968831,-0.02046980770228973
-0.6125273133254128,-0.22399721142856263,-0.9212518620373301,-0.8335860044043412,0.5733417501724744,0.5730633874203981,-0.389927140089933,-0.014637664488530992
-0.8960421596332608,-1.133866092278881,-0.17646171592685325,-0.5650520956681703,0.5507646518279063,0.5477033791872845,-0.2337684387972816,-0.08433177589294782
0.5498335049496355,-0.053630172864153745,1.7042148180961296,1.1716889109808175,-0.7972570161972371,-0.857706240519111,2.176084268859193,0.08946609187706238
-0.6165743522284172,-0.33281111949504777,1.6328941440533182,1.3002222022555587,0.3413034969717906,0.3271700176836099,1.7399196867247795,0.10871216448246615
0.6997922245043444,-0.8078514146284418,0.7616753132046727,1.0513894400585058,-0.9324151208462645,-0.9901610472961694,0.2902820875314487,0.14778752401464967
-1.2682789757446278,-1.2391745328910626,-0.8128532010385947,0.06602025323454055,2.281842315577096,2.379927945990779,-0.2081074690119215,-0.02309427214848116
-1.2869204660014806,-0.7691100422512428,2.19947148685129,1.6203134695823358,1.486865705922731,1.5370391357195712,1.5514315602365523,-0.11203445615830179
-1.263417123314923,0.10100421458869552,0.261827595237781,0.9167583524610222,1.0391819219415654,1.0631671219337582,0.759825721885564,0.14137216647951506
2.34905344931666,2.0435110742895133,-0.24350177890581723,-0.5215224588432357,-1.8986382520205183,-1.7499809624097835,-0.9993687569036761,-0.19167237174217724
-0.7996964357960125,0.26927794655155485,-1.081549149537031,-0.9427485639340681,0.5913643808508492,0.5911894276803261,-0.7942973047644263,-0.014346057327843055
-1.271045296598886,-0.834486722695224,-1.1991196669364987,-1.0250686340334925,1.1629387934550295,1.1973075956326082,-0.7166850052145975,-0.026301950916048433
0.08417298298216094,-0.18901350665590202,-0.035570375164646784,-0.4637397691467628,-0.3177194311894973,-0.36552892157764255,0.019490478532389256,-0.21788785548802275
-0.946866700633168,-0.7411398668788556,0.8257024253732284,0.26461221619445063,0.7917828002970808,0.8027518835409445,1.626585220131657,-0.20214106881087418
-0.8002332597746241,-0.33777938069780367,-1.3486803771644784,-1.0086139611245322,0.7733144875620497,0.7831065909994147,-0.8196665865358523,-0.10649392010523098
1.8017849665658063,1.2841692386141372,-0.5486849548049271,-0.8826181673984916,-2.226547791364076,-1.8747585069834887,-1.035292938232337,-0.04744347006592383
0.6388895560318889,0.9634945622943211,-0.41063264588819093,-0.4190240699848529,-0.4628147190496343,-0.5160908958789572,0.19016593675615873,0.02939501677534743
2.45357071498185,1.1968067154761455,-0.5511911268721529,-0.1475365504541354,-1.4742549438295323,-1.4764363335780533,-1.1072697784108716,-0.21173494439750729
0.6974621829528547,-0.5270811184019651,-0.33428556946530913,-0.42249675876379295,-0.6022986089124446,-0.6583193282607579,-0.2657268412161906,0.04601662493455983
2.1534559154181805,-1.9223124630031159,-0.08091486468619292,-0.3073196136033361,-1.9282863802529977,-1.764591119848697,-1.2562301220452026,0.054794000471266695
-0.019580361799227577,0.11169716325932522,-0.8970181918804931,-0.7878034646876617,0.14305977781005216,0.1179360027195543,-0.05373869007698858,-0.1776460673130875
-0.49856182045661107,-0.8477148221538604,-0.6674461867131528,-0.830437645369898,0.13008337442008036,0.10431791960779836,-0.9281635133004543,-0.11524213492586909
-0.45332763858190184,-0.35310748946883147,-0.28261321993866473,-0.4618944713539839,0.3953679733194312,0.384302262327293,0.5701886834600809,-0.11232606331898973
2.378461144351922,2.0340364347924242,-0.1767695107640593,-0.9691138611554174,-3.31473098568482,-1.9820996938937605,-0.9385869755629679,-0.2222619628983418
-1.2710459009854167,-0.2316653074497584,-1.0966352091699711,-0.9353967540362704,1.4176371434978328,1.4635189414926442,-0.5039791704766798,-0.10970159887279829
-0.9480767612380934,-0.8401717548936537,-0.7350647834987463,-0.7230128167228125,0.8824768552501632,0.9003013003244484,-0.5014229474939992,-0.14527767247672654
-1.1639018504011753,-1.0515804906204973,-1.2489926144707006,-0.9317499718913053,1.32029413699405,1.3618132884226613,-0.92301841131138,-0.12740215352655604
-0.8764616281777473,-1.2525618056610544,-0.4679453557413505,-0.9427485639340681,-0.18944006521827259,-0.2302214795047235,-0.1301358217107653,-0.19368446115092403
2.151773708005948,0.3641791327261491,0.26640583437832405,1.199046199614064,-1.989466046412265,-1.7910118290637902,-1.054088623143594,0.18219716897582616
0.47825561864987404,-0.4779487438080928,-0.06360974985003187,-0.5155218687873921,-1.0681811695866597,-1.121952232586948,-0.5688140091410778,0.04076769604217697
0.7079359866668863,0.9223358155345778,0.6091053719486943,-0.11778418424161614,-1.0066185885828527,-1.0648548518192829,0.6377717123043468,-0.22167874857696593
0.03276480042509699,0.7688749872525249,-1.182769976417101,-0.7338532525427129,0.2746958169987989,0.2566435485024478,-0.4963427004998581,0.04135091036355284
-0.05371992782665366,-0.037932074507702446,-1.0727634522432246,-1.0167923241813837,-0.2521613734554105,-0.29602158295254,-0.7542465146847153,-0.11261767047967766
-0.12107771567829252,-0.3858183085013178,-0.11545840822568862,-0.5889968523665655,-0.35974390823718283,-0.4077240815484781,-0.28860903655673215,-0.08404016873225989
-0.2254973973751219,-1.096215781379207,-0.8770000608257303,-0.49202735860281593,0.24957424364639097,0.23185842443599766,-0.7620472143315833,0.054473232594509965
-1.2446204975430741,-0.5342231593633104,-1.43185848915772,-1.0592021699767995,1.4506274353401598,1.4997480136433956,-0.878582804074089,-0.19832101500586222
0.1800221388443107,0.7704519396113082,2.2073874113330385,1.3100814389081736,-0.21677732293992732,-0.2589048150497053,3.002482085667782,-0.17852088879515132
-0.1653380598105432,-0.7976157647964728,0.1734818913279615,-0.59344100667162,-0.9939845831873949,-1.052728823664515,0.033339711222673436,-0.05721230994896973
0.25964903500576597,-1.4288212546839654,-0.28973848777308575,-0.5175162817525839,-0.2057804842902753,-0.24845301215007087,-0.5631374807237611,-0.1312805287637056
-0.6837562398437073,0.010928895234275586,-0.9220457712066008,-0.9768353226334553,0.15734307506109907,0.13407297710353536,-0.6287190015903296,-0.017262128934722423
-1.2409527531556028,-1.7665107834835607,-0.7053347143093367,-0.7476473954117887,1.3728585513573661,1.4172332014590925,-0.1656657768535032,-0.21380535523839164
-0.7518705883127834,0.1617186733193257,2.051586632065685,1.2066676928763698,0.5409800728815759,0.5383878409178992,1.1073429541977224,-0.18814392509785322
-0.9269155387205575,-0.8083499390710148,-0.5918433735650253,-0.7230128167228125,0.7404177742810768,0.7482157559747441,-0.5774300101046254,-0.08637302601776338
-0.9544123038096902,0.31350851327697105,0.9114670492063931,0.9051308191263815,0.6369966812720596,0.6405998557220156,1.230727951754786,0.10462966423283503
-0.2652174183473459,-0.6338524705178157,-0.2644154362299545,-0.5095729343799501,0.21174096671367965,0.19049033018590453,-0.2726757204203661,-0.216721426845271
1.7610442122346168,-0.6873329935152623,-0.23693383926897524,0.2145374245560234,-0.6711128863535497,-0.7308237758483471,-1.035292938232337,-0.06980973929068857
0.13981073064011235,-0.028349552510795066,-0.6017051316961278,-0.6069475658441686,-0.22785821467481102,-0.2705949238645887,-0.5631374807237611,0.05768091136207727
-1.0566833368347086,-1.344635874866847,-0.6746564228350985,-0.8335860044043412,0.7779536689418128,0.7885390381400873,-0.2537552453683647,-0.07033463217992686
0.497677007977,0.23642078264597147,1.7155687802406898,1.287440501633037,-0.5999003570105892,-0.6560767515164606,2.07112714965099,0.0874248417522468
-1.04794462315659,0.10529553611731739,-1.0929622908145016,-0.9245136375744899,1.0337565210048232,1.0583275866715345,-0.8196665865358523,-0.026593558076736367
-0.51247861084575,-0.33282599409816555,0.13352514474389018,-0.3901902400454696,0.21856972613210626,0.19769862247995856,0.5757963553840405,-0.21497178388114338
2.0237077988090197,1.913475258668067,0.40239726365515727,0.1084709770645,-1.46552152618907,-1.4704681858910054,0.925291856465149,-0.09920374108803258
-0.34911276249410894,-0.12548057024100653,1.2341825557999488,0.49612311822062677,0.11406395237555693,0.08747214553570125,0.47460930694186665,-0.0849149902143237
0.5513005911655292,-0.12313603659797899,1.544707806566429,1.3421007414449997,-0.2352928101683678,-0.2796908925960579,2.785801342606854,0.04047608888148903
0.5086795858809665,0.03155413431365678,-0.7182493896737091,-0.6687332053573974,-0.4219741889391759,-0.47304195563546136,-0.7542465146847153,0.02764537381121981
-0.23042722746104574,-0.9992433225997158,0.5776890962492057,1.216971281594426,0.2076282180148374,0.18644369297875987,1.0591316693658508,0.1498287741394652
0.16015202764860684,0.0539722203618245,-0.06226641920118344,-0.4087094962229989,-0.4009325576779392,-0.45099516315448596,-0.2081074690119215,0.04514180345249602
0.028699665627261024,0.49742228697975355,1.5261305165952281,1.2565615622493942,0.30453498017293845,0.2895544253023986,-0.2622821262853601,0.03668519579254585
1.972955681342308,2.387781552406391,-0.3609065334827823,1.9121002526156883,-0.7171403377182124,-0.7766624407004267,-0.29946943343911026,0.17315734699450014
-0.29611166715531867,-0.663401571326544,-0.8056614064143771,-0.6371501100610071,0.279929551722953,0.26272794857570986,-0.4595435632393891,0.026770552329156
-0.19501589570626032,0.19350352920813144,-0.4905158726447385,-0.5889968523665655,0.22672200409417606,0.20664598328025077,0.019490478532389256,-0.11757499221137259
0.8352757116555714,-0.8258955657651774,-0.3202867496765101,0.7738638070326498,0.494424693560874,0.48870208015579586,-1.0669517857479418,-0.21847106980939862
-1.1296089480471516,-1.400630223593803,0.004915952577128634,1.030659118001065,1.1529601890563919,1.1855868371998721,0.3145751439432247,0.1361232375871322
0.2176902304177629,0.17310901449517202,-0.46629014370620925,-0.4674452129455794,0.0633997421052226,0.03378334526722743,-0.3313443480248924,-0.21409696239907958
0.4847528534347179,-0.5313205369214694,0.3459031058936241,-0.09900112325312455,-0.6913893419703488,-0.7489861090817609,0.036491130181931244,0.008982515527191889
-0.4173582801625165,-0.6457609130208618,-0.04809257772133846,-0.4455048427871847,0.20074760261191318,0.17931066333462176,0.019490478532389256,-0.21642981968458305
-0.9092677294268395,0.26773810717970664,-1.103457817753046,-0.0445254954994639,2.090130869978604,2.1760332265094777,-0.7022903767255408,-0.20564035473912942
0.8352021983544425,0.6105976844276725,-0.19756171049508178,-0.4401268886981226,-0.7863155080799682,-0.8469016451069584,0.26855114402704744,0.02414608788296457
0.38587157455535825,0.6066441933452388,-0.8863383664720483,-0.8118428837442976,-0.32761532588671133,-0.3741110695190123,-0.7203378612508377,-0.16569017372488212
-1.2084764350805397,-0.7520013665848384,-0.9741758288334117,-0.8087918253102078,1.3436826926271557,1.3858291025298073,-0.7094448488018528,0.026478945168468063
-0.11924608332645126,3.0790118563012823,-0.6991442868044496,-0.4730409003023876,0.13008337442008036,0.10438254406768865,0.5649657927914914,0.06526269753996362
-1.2710425941004484,0.2442028001209445,-1.3122657158402617,-1.0814247797195877,1.1371394245267472,1.1657146189263428,-0.48630851438388584,-0.12778124283545036
-0.9959884949554015,1.5429467834250692,0.7130932800004446,1.1869455548134207,0.8440476838062279,0.859164930495655,1.1238683531316405,0.1562441316745998
1.044361728609694,1.1303142251929728,-0.48621906932061015,-0.5215224588432357,-0.7890431531819911,-0.8490383142640788,-0.9179167284220257,-0.0825821329288202
0.23849519641065314,1.0703802654817587,0.21262807812958012,0.31070019839689,0.07548100322075482,0.04746391311866075,0.796680961611922,-0.1496517798870456
-0.6741379924133549,-0.37242603494924886,-0.2736461254479737,0.7851754303727205,0.35872551025618604,0.3457023287760898,-0.03340585531565023,0.12795823708786996
1.2701497287965204,0.8094552548011921,-0.19093525909152242,-0.5076012822214526,-1.2290403997622914,-1.2722907452150989,0.04584800228456266,-0.013179628685091309
-1.1886462355769958,0.6583119338241923,-0.584091356826635,0.7812221403987325,1.403265348536262,1.451993053348978,0.39958506242190994,0.10783734300040236
-0.7166569365676706,-0.31923559742111235,-1.1505395998845758,-0.8894267309725968,0.7270471912230527,0.7346167876913595,-0.644671004521272,-0.20738999770325703
-0.8482602274932198,0.02997022622996758,2.111423585491903,1.6232955074520397,0.8953482888152913,0.9122242838699443,2.2929323104036117,0.01073215849131951
-0.943734125792819,-0.9652857535516114,-0.7172959410753925,-0.8027298249234409,0.8199516785102129,0.8322691916512781,-0.6882305375761715,-0.11786659937206052
1.037259720980583,0.01303330920481169,-0.13794932856252307,-0.7731926960859541,-1.9104248449440306,-1.7561743328565473,-0.7240129232352036,-0.2231367843804056
0.40407478868802804,3.3166380670049334,-0.7631594313478032,0.9872341127554887,-0.04193956246540366,-0.07650061080731621,-0.15550510348219107,0.11250305757140935
-0.5323642150661309,-0.5412699291504677,0.044624688581025924,-0.4312556036798758,0.1924475249170864,0.17006051222438048,-0.12600921295971507,-0.15350099440812637
1.9030428409705495,1.2910137010216773,-0.10807850996211438,-0.59344100667162,-1.96468351226691,-1.7820008629108763,-0.644671004521272,-0.14696899400871657
0.6124947050029634,0.6300164882231727,-0.30319710896549973,-0.4901050663681122,-0.5527500893171341,-0.6077167618051885,-0.6577427750761677,0.0465998392559357
-0.3514226270114994,0.378630660981144,-1.0557509641331928,-0.39519192855807994,0.6164326067783991,0.6178275770785788,-0.9599890631016017,0.06555430470065156
-1.2410424104994275,-1.5091460860689185,-0.8899889227601389,-0.9390628825961186,1.1349686086321549,1.1642035329448244,-0.5861705840658135,-0.14673570828016624
-0.9049792319871514,-1.5159201020375628,-0.6119992577057021,-0.8792388764946373,0.21310929427543884,0.19326700743092246,-0.9438668854095947,-0.06800177489442336
-1.0633013746574014,-1.586069129233019,-0.39994337396156054,-0.7365901417151745,0.6153967060954825,0.6181993552565936,-0.7739403028311149,-0.04000748746838146
0.002976384142506434,-0.2286634603530375,0.15269476803876636,-0.2728311126509243,-0.27113733736035317,-0.3154901385584825,1.0395145739561404,0.00020513999048499422
0.7391245625465126,0.1338529121467419,1.3416961550208215,1.9045788848393643,-0.019286868086713198,-0.05225718254701621,1.9022558710886301,0.1256253798023665
-0.6432040562476781,-0.6274625526301584,0.19482436157228578,1.6549312774290372,1.1749640539363697,1.208406384983225,0.7969788408171063,0.14428823808639443
1.5088933999144225,-0.820863126167788,-0.553555019836496,-0.793735377614228,-1.4184060875732998,-1.434687783261083,-1.2051113053205627,-0.1693935846656189
-0.6849829165771503,-1.3957521661122347,0.3777783677876328,-0.9245136375744899,-1.1925210142639646,-1.237990720523853,-0.46192836252399894,-0.09307999071358591
1.0386286188017975,-1.557327743266239,-0.36139490634173355,-0.49977044927641695,-0.7727537352443203,-0.8317108228224689,-1.3736063318555138,-0.01752457537934157
1.169589090046018,0.25562517083081576,-0.38174424825088044,-0.7149926460926062,-1.348475850609721,-1.3756560282515058,-0.33714803261048876,-0.21088928363151227
-0.7662412545763879,0.7666491962894761,-1.5407372626425915,-1.1043858158066313,0.70383533402152,0.7093354167923084,-1.3844993443044986,-0.19397606831161196
-1.0752269394789358,1.0532458726716634,-0.6017051316961278,1.976506854256812,2.266993333485038,2.3631317802873135,0.1029043952446477,0.1200848437492957
-0.5263975623727876,-0.5682616853731075,2.0116738702550623,1.368412436230205,0.4463245441542161,0.4382865334117169,1.7862931333687315,-0.008805521274772255
0.9473086049356592,0.8782031149374218,-0.6380780560626784,-0.6564144546984446,-0.7275701880562677,-0.7867922123432525,-0.7277104628026135,-0.19455928263298783
-0.1893515185281344,0.256659589198719,-0.5017419930030885,-0.691475925092492,0.03738782524186451,0.00857340746390982,-0.607070546120001,-0.13186374308508148
1.671309874298788,0.5642191766053013,-0.19808101311482715,-0.691475925092492,-1.9282863802529977,-1.764591119848697,-0.7277104628026135,-0.20009981868605864
-1.2482637411685895,-0.7309494826660674,-1.3080690039555352,-0.8057541781652647,2.2739417895174023,2.368442597808597,-0.3199014984896289,-0.07208427514405448
-0.961410300199638,-1.8064316028296925,0.4011661335806571,-0.6812755389734592,-0.4981222283560628,-0.5506757427279171,-0.05495630546280239,-0.22342839154109354
-0.8400424694103813,-0.6505036513379402,-0.2891670321570624,0.6952751759939457,0.42402939335459916,0.4155278107789411,-0.13847451715240755,0.12766662992718206
-0.011543124620955714,0.5022798015870568,2.4258821016959726,1.312347687670962,-0.43903018500716784,-0.49112089509869367,2.4582307883956727,-0.12136588530031577
-0.3118959040790174,0.022588991079387954,-0.6236941654448168,-0.6613156356166757,0.2654910689714304,0.24721495973504454,-0.4454290115840144,-0.1271980285140745
-0.33190809501509017,-1.1105702896189054,-1.0619051297598472,-0.8860140642211216,0.11113221640363077,0.0842847052650942,-1.0477582424250296,0.050973946666254724
0.9130562059891975,-0.5777489241966892,-0.35750452881801437,-0.5235342902867693,-0.6387567651766829,-0.6961106923035543,-1.1732857555194152,-0.21847106980939862
2.213058367612223,2.959221931722383,-0.7189659715244011,-0.6069475658441686,-1.5976145480240946,-1.5715328057476001,-0.6162536973976368,-0.03009284400499161
1.2560073388375557,-0.0371261998680934,0.7912911565302997,0.2430249434820045,-1.1290184711336237,-1.180190311888001,0.9054608771068327,-0.22430321302315737
-0.7819000783077369,-1.3911744204650116,-0.663681011604111,-0.9067475277076501,0.06036363011795055,0.031718718447227345,-0.33909504181254096,-0.15985803051112338
-0.16598183617037254,0.03155413431365678,-0.6261505810024639,-0.7560580097270124,0.06945295734639867,0.04071333337609572,-0.6847660820508905,-0.12136588530031577
-1.2233597603361974,-1.0857101612174267,-0.6908138664793685,-0.8826181673984916,0.924944535701376,0.9452457221516996,-0.1273816218003985,-0.14236160086984717
0.7496122648650667,0.5530603927138308,-0.6863821898755028,-0.7311271598052996,-0.5784927711508054,-0.6344561839545578,-0.883361847417592,-0.060419988716537004
1.4434830000844363,-0.3177612161086174,-0.43749348092625534,0.5773138984360202,-0.08497162181524404,-0.1212170097297131,-1.054088623143594,-0.03679980870081415
-0.3087885641572469,-0.6516801896557503,0.010852404290081299,-0.48057300334307634,-0.15201376818117376,-0.19208641041121732,-0.07352109591084789,-0.19368446115092403
1.1519585817262161,0.3245041402749672,-1.2967501924273173,-0.793735377614228,-0.6486358013196393,-0.7072460095267815,-1.577019220993729,-0.0866937938945201
-0.0007668826742289381,0.010206752673335607,0.8000606920814173,2.6120869766290404,0.8833385152719979,0.9002386301057229,1.232324400691548,0.1568273459959757
-1.1389150125091756,-0.647566035096188,-1.609898755592989,-1.1378694949172148,1.1269810239960003,1.1571728321469374,-1.0935295088921442,-0.10386945565903957
1.8932390557197722,1.9357473952038855,0.6412343902220998,0.3009923848472109,-1.4226265940302394,-1.4383005307376178,0.6936270160415784,-0.03563338005806241
-1.0211630256538362,-0.16761404218466094,-0.8947850400649967,-0.8560355203993538,0.9349543081071852,0.9542826481314699,-0.7351740864247526,-0.03505016573668653
-0.7503294951016238,-0.8922544361310847,-0.44489173819249994,-0.49977044927641695,0.701884131918017,0.7086324808642699,-0.6255784966852986,-0.012888021524403371
1.7935551422447131,0.8167921484810573,-0.16291014238300455,-0.5135331951480189,-1.5460835258032382,-1.5336345998555205,-1.2051113053205627,-0.17930822812900876
-0.15550758868462075,-0.1395798020258542,2.2914705361199013,1.4447478032913115,-0.17685697245037138,-0.21732022415987307,2.421601887565695,-0.046422845003516074
-0.5690661733014422,-0.2630261028349517,2.1710418836140577,1.3069531620680646,0.13586500897844375,0.11120336219244634,1.825624775297984,0.008399301205816015
0.07244932852984262,-0.17805874798106014,-0.5353260074313587,-0.7393379131793646,-0.4914362382855542,-0.5456152637664261,-0.8240002669911672,0.004025193795496963
1.0887615002644968,0.4104481116419794,0.7710768518571663,0.26203120997191603,-0.9690421538622983,-1.0286360753710022,0.04687877122087592,0.030269838257411242
-0.8776331929445709,-1.1624562572960724,-0.27640210203748067,-0.5607862573524375,0.498923511582435,0.4944327038193634,-1.0477582424250296,0.026770552329156
-1.1945187123427707,-1.5769925477702609,-0.8841639288236871,-0.9209236886556585,0.8555081620181954,0.8716377296027523,-0.3649938812978773,-0.01872016473816211
-1.1394786959940595,-0.91382053513671,-0.45010440487812803,0.6492229196742544,0.8528714660309007,0.866741827439787,-0.10711561796083752,0.12270930819548712
-1.2176610630502165,0.3269815292010567,-0.7623591645433175,0.5548315331253789,1.2111399391501703,1.2442736370682281,-0.5861705840658135,0.10608770003627474
-1.2710403192494413,0.0841558155210027,-0.719444407410755,-0.9501794270664627,0.9299580609655196,0.9488401809194085,-0.3199014984896289,-0.06800177489442336
2.0867090503520225,1.643239619066789,-0.3712897961044615,-0.5671949302929337,-1.6510449581679616,-1.6064927083462592,-1.1655844305476601,-0.12836445715682623
1.7471355273594185,1.7057767203233316,-0.7502848885925846,-0.7149926460926062,-1.2476509627004542,-1.287898952905103,-0.883361847417592,-0.22115385568772764
-0.6846640502788026,-0.485285637487958,-0.8387723527424423,-0.8431180674293769,0.5712066349941217,0.5698669639437357,-0.8644682524187145,-0.15169303001186116
-0.5995767795937327,-0.3027110035141018,1.8135439691345692,1.28538507403344,0.37838334288768305,0.3676106455182716,1.5705342566901432,0.06409626889721187
1.0564349578524321,0.13259475275948004,-0.45206148656142564,-0.5544364704475007,-0.7890431531819911,-0.8482599636052983,-0.543679153470188,-0.1449860653160386
-0.24279081488379545,-0.9250871441290515,-0.8164982092918573,-0.6940497217837477,0.3893248510049506,0.3784873160084131,-0.4407964537839204,-0.0402990946290694
-0.6862919610572895,0.04751458760339324,-0.8977653568369607,-0.9501794270664627,0.31349589224172564,0.29802642657603534,-1.0170640446029964,-0.19018517522266878
-1.0102412985708942,1.5140038629209664,-0.4975982122672296,-0.22937075191374082,1.4604955935814952,1.5101978673405647,-0.39632451020794435,0.06287151882232254
-1.144767065259734,-0.8143442184919515,-0.4826292249196566,1.058776176082491,1.3411723146075742,1.382018485723772,-1.1072697784108716,0.12824984424855795
-1.0030040326177954,0.15195840423140886,1.6590812042823035,1.8011151494370095,1.4389311803369194,1.4882903767698688,1.519391075594243,0.09442341360875728
-0.2193210710533166,0.3768312481489341,1.940764589160451,1.6802174289414105,0.49555070755461506,0.49081033459270057,0.8615965955834095,0.044558589131120145
0.16243912941627736,1.591810313328693,2.446730912925696,1.2839131594987487,-0.6240632987493077,-0.6816242224826683,2.3386074423941094,-0.22342839154109354
-0.5130647730475546,0.24407253695664888,1.682677234543613,1.1566194825603093,0.1924475249170864,0.17063165087206109,1.169289062910051,0.07634376964610519
-0.7061090271550875,-1.8552338213041957,0.13159365138151066,-0.6992262524510623,-0.5597256101238004,-0.6179125044386923,-0.27794030377446016,-0.1382791006202161
1.5294719087847088,0.41814206511020763,0.5535632616070394,0.31370613446632983,-1.1533844723227835,-1.2025690517771057,0.6176774300494344,0.04514180345249602
-1.2084710826868403,-0.6970798284953773,-1.243626988467745,-0.8997670278221604,1.4383438832075348,1.4885375747505636,-0.3649938812978773,-0.09045552626739448
-1.1216496282876927,-1.4967492622983516,-1.411070453401415,-0.8495466125101107,2.0366991809693133,2.1193431836546224,-0.7465451897129602,-0.06479409612685606
-0.6937711838039006,0.08271746650741055,-0.24270209427271522,0.8139801028631718,0.4404905606513517,0.4320621400494568,-0.06602663008044064,0.12912466573062173
-0.9558333268967958,0.004982713793214456,2.0370829310991687,1.9388845032374302,1.6077930509214775,1.6646861883068516,1.8033269404302223,0.02502090936502838
-1.2227620816821212,-1.493322454252802,0.5989051832861434,0.7055590504848781,0.2103713464473712,0.1885761015966494,0.6694780105349943,0.1451630595684582
-0.6769881987960985,-1.9400508386163258,-0.14779324033383634,-0.3222138024660731,0.3236695686880283,0.309051154320601,-0.6010250373935246,0.057097697040701396
0.05820755352820083,-0.18545781894089003,1.0592254640471301,1.4089259322727143,0.5289307610681782,0.5254818716652665,2.148796132308368,0.07430251952128966
-0.617986184335056,-0.11052991363812724,-1.1015855279819797,-0.9885817291672555,0.31221914804290624,0.29658174177890095,-0.7277104628026135,-0.01930337905953798
1.2478566621464584,1.0658507421875885,-0.5256287026873753,-0.4104179361852916,-0.9263995813270751,-0.9859604743678781,-0.8240002669911672,0.050973946666254724
-0.47080268260383024,-0.7602572189865666,-0.3309207160149762,-0.7393379131793646,-0.17506827025670044,-0.2161245603382064,0.23930501423305248,-0.15256785149392496
0.9897061562851912,-0.3016673711126131,0.010890916081173046,-0.49202735860281593,-1.3809644470408549,-1.4027928894554642,0.06413817883828515,0.019188766151269646
-0.7071872883319651,1.430044636209831,1.2728453152086632,1.2660012208065556,0.5034084121246194,0.4990657733974387,1.32921056656622,0.1294162728913097
-1.0903949580885817,-1.148251875104788,-1.3070266744592527,-1.123320249895586,0.6216010362954855,0.6231916872445032,-1.0111078798262416,-0.1703558882958891
0.03696941382680444,0.08366692000150298,2.2756268213489537,1.4462639336718033,-0.07325984362739658,-0.10864329345334955,2.304481882649026,-0.09570445515977734
2.199739736398174,1.3160899279829836,-0.8472498821578325,-0.7149926460926062,-1.401645866869805,-1.4197028503867004,-0.9654601034697985,-0.221387141416278
-0.24521246372008604,-0.8118439084565016,-0.6643060830924339,-0.7257070252533939,0.08447633473198211,0.05783724118995802,-0.5409498222669016,0.01248180145544713
-0.6774922995151709,-1.096215781379207,-1.0013344232712327,-0.9317499718913053,0.47514742083287825,0.46959136095904175,-0.7094448488018528,-0.14061195790571956
0.16622991053514136,0.6879063808434918,-1.0101524235377284,-1.000531253630541,-0.4368871795259526,-0.48769387060629943,-0.6610553632804993,-0.07208427514405448
-0.15991350366283066,0.24680586816547997,-0.8637325904461716,-0.6787487953439829,0.32493627295739697,0.31114697217100895,-0.713054088385948,0.013356622937510908
-0.8807715168962019,-1.284614397534788,-0.9007680611747149,-0.9353967540362704,0.44865157987705395,0.4418768269502444,-0.644671004521272,-0.10620231294454305
-1.130485287912055,-0.9850142968849924,-1.1505395998845758,-0.7997186497331767,1.4389311803369194,1.4871205525643583,-0.39847209980101145,-0.03592498721875034
-1.223522461453791,-1.4651934263764077,-0.8387723527424423,-0.9768353226334553,0.7546078674468378,0.7670845454295043,-0.3649938812978773,-0.18960196090129292
2.2495793662662154,2.0414485969242597,-0.004977957490504141,-0.3835771406539095,-1.8869467133002669,-1.7459070049206638,-0.5861705840658135,-0.21555499820251925
-0.9547033910880975,-0.9766957339201757,-0.559286059012737,-0.7476473954117887,0.73374789685172,0.7418268934372104,-0.05131079189529961,-0.2015870152055671
1.29617250243183,0.5318193227182291,-0.021920765621394365,-0.436564697239692,-1.3974859129564936,-1.4171182620001588,-0.6414467524269052,0.05068233950556678
-0.44279696696642895,-0.1573029278874085,0.3083471164896553,0.05302180833798021,0.5134489959265203,0.5092966879759026,0.2533734639811972,0.04747466073799951
-0.5700951602968485,-0.9934316449241346,-0.34408525366653997,-0.6889116786892082,0.05427226424864765,0.025218898291037763,-0.4316364931706786,-0.022802664987793222
-0.7347625762777317,-0.3890181819595712,2.105307645270195,1.3262072219166596,0.6491965536373685,0.6521260523345278,1.5156835807312163,-0.11961624233618814
-0.4591724035411917,-0.4086317137985392,0.8228686939671404,0.31848860070055135,0.34754970630701787,0.3342284732247122,1.485842914618686,-0.20651517622119323
-1.2502222728613475,-1.4043704301188527,-1.1912506503192817,-0.3609172872313769,2.0712733857866326,2.155253662312224,-1.395592239656508,-0.11086802751555004
1.0567444626092652,-0.6034255367254105,0.20559199289111188,1.4380606063980539,-0.6536006792681969,-0.7117107472384189,0.014078214678232786,0.15770216747803953
1.3207695299670328,0.7487701820003639,-0.04813721321190209,-0.6001612892526592,-1.5142197608695338,-1.5077574654545984,-0.5745443443168912,-0.21001446214944847
0.3832558332623502,-0.09619783818193949,-0.008277233099640614,-0.4637397691467628,-0.6216288012098619,-0.6793664134329767,-0.09919569026216991,-0.1496517798870456
0.20844268377179245,-0.8698317016742854,-0.2802926727501433,-0.625377021019326,-0.4177413598181648,-0.4694107090806168,-0.6577427750761677,-0.19135160386542052
-0.38665069369344274,0.4094837953622852,1.719978852767078,1.9721118994967444,1.1226055389521319,1.153418034384518,2.401069102091709,0.08538359162743127
-0.8745044085152329,-0.09999447027533477,1.9439143343325014,1.3759339384285374,1.0236265909037452,1.0472372449040164,1.6998088707323176,-0.15169303001186116
-0.4005983080812778,-0.7170338028761368,-0.6006368019680262,-0.48627644930227626,0.6390371361395913,0.6420587539355058,-0.20341498101750932,0.0014007293493055318
-0.9039153441795402,0.953600990726898,-1.0212010276064596,0.5174441330982462,0.6842041207993647,0.6899265242771027,-0.8416524943368463,0.10725412867902649
-0.5170321597157302,0.728412958769208,-0.6828718873141868,-0.8495466125101107,0.14735956230867564,0.12327815090604319,-0.8068488802144457,-0.09657927664184116
-0.04466125463479189,-0.3925175731052611,-0.16267227677924087,-0.5736635916835955,-0.25593674783918574,-0.2992988085044563,0.13132649181751563,-0.20243267597156214
1.1004859110411966,0.7769601645173015,2.0765740557929417,1.3344736316403685,-0.9628730256423106,-1.0230725626174728,1.6533894073484423,-0.014346057327843055
-0.06502528460739317,-0.5842494704019641,0.04543790916247307,-0.5889968523665655,-0.5879682489613316,-0.6460872370374391,-0.3313443480248924,-0.06858498921579924
-0.10767946168908453,-0.033381043647216134,-0.30523008542802527,-0.45638795924896525,0.0709623202563551,0.04187525582382787,0.33537877375429653,0.00023430070655378467
-0.9957815406428318,-0.11888398801735506,-0.9525871959249059,-0.8928563341048439,0.9299580609655196,0.9502621834344701,-1.4925267208826296,-0.12107427813962783
-0.17254323691193804,-0.02517817533542371,-0.4918681511175186,-0.6443114551082808,0.04047238586094557,0.010229582138666126,-0.2554510272227439,-0.2111808907922002
-0.6353470466333959,-1.2976419439225635,0.7107063685740448,0.2200549278198235,0.28904336764565436,0.2717031349122903,1.27714677197161,0.03960126739942522
-0.3507746068809686,-1.303247714835601,-0.3562482650596626,-0.6001612892526592,0.20212634065597213,0.18117912814876294,-0.5547213935090258,-0.15810838754699577
0.9583056720703357,1.890515451231727,0.546516461365289,0.9102103246323815,0.23617541496236782,0.21692136062548917,-0.5169249721126223,0.032019481221538866
0.24674113814357634,-0.027209605909071857,0.11069870073511662,-0.5017198542722824,-0.7407139131188212,-0.8013021250022817,-0.1426873971607847,-0.17647963867033575
-1.219581813887729,-1.6022594857836028,-1.4866604864719997,-0.824183633340422,1.8652149191580691,1.9391784153342588,-1.0230794756740673,-0.11640856356862084
0.04397781228677766,-0.4710903027549386,0.9068675926806966,0.1384876008420175,-0.47156130934557633,-0.5244278535743663,1.5524566487987193,-0.04263195191457289
-0.844980122768827,2.4998723292121983,-1.0568628789957109,-0.6324167791400264,1.136416180339105,1.1675890947389025,0.07504906430341927,0.06336725099549205
0.10080291839985654,-0.6073850179175805,-0.020335348748969327,-0.48627644930227626,-0.5620582621862815,-0.6179125044386923,-0.044085058448634466,-0.0003489136148220889
-1.2810110391243503,-1.3819864955473455,-0.9696742819889341,-0.9173522925272165,1.297169700779899,1.3363266278064612,-0.6917149612550663,-0.19280963966886022
1.1444606098617898,0.8917145514588569,-0.40427187467887404,-0.23465615903758003,-0.6711128863535497,-0.7299664283433357,-0.34892527197546713,0.006358051081000457
-0.6909481285321923,-0.4110260239790636,-1.14218250521241,-0.9353967540362704,0.7145202550079686,0.721762826963049,-0.8327619541880672,-0.221387141416278
1.644787028533832,0.266453789697355,1.784589771589455,1.1226720415724243,-1.2894550973289813,-1.3245203961262912,1.5500620660426527,-0.1464441011194783
-0.04220743467604709,-1.0669464967265436,0.27243638380495383,-0.17132766459445722,-0.3177194311894973,-0.3648131814369011,-0.021757212949220235,0.04426698197043221
-0.22737695515378487,0.16852972012634015,-0.31078855638017533,-0.3313068759314971,0.34879572524410696,0.3351846052723349,0.6872334047305066,-0.027176772398112243
0.061382186100823286,-0.8178511425090634,-0.757064608526384,-0.8860140642211216,-0.3699318837138799,-0.4185191053936221,-0.7779572334551065,-0.1473189226015421
0.39816360145054663,0.39319218614681906,-0.1817267361038168,-0.5056352393227614,-0.40511652290248695,-0.4558479412465444,-0.2797054023559335,-0.1974753542398672
2.164003631662297,1.8595480642889526,-0.20934555782182604,-0.6001612892526592,-1.904519570204445,-1.7540987267330845,-0.8881789711891058,-0.15781678038630784
2.1076027648807374,0.27414447954635823,-0.7393186347855122,-0.6889116786892082,-1.46552152618907,-1.4704681858910054,-0.8881789711891058,-0.20184946165018625
-0.7026450369430989,-0.8831436675556422,1.507702600010865,1.881076245175316,1.0055291576804541,1.0282756424107824,0.12321166078675941,0.10521287855421091
0.34827482921939895,0.25132526859858706,0.9814544463747618,0.41920492579408747,-0.3256307356465249,-0.37366047568289784,1.359082652393113,-0.013471235845779245
-0.3637706654172384,-0.8044157671383765,0.13016745772028634,-0.4786822672449465,-0.2981280121795279,-0.34467027348247015,0.10757994704725074,-0.0945380265170256
-1.2284659544207182,-1.9282700351800262,-0.534119720177693,-0.8027298249234409,0.9282888115651443,0.9464070076043607,-0.7581342826472411,-0.03417534425462272
0.29378155228477587,0.49161783094578976,-0.7795107144517006,-0.452741177104,0.13297707387193944,0.10876758919552953,-0.6101161235168381,0.0603053758082687
0.9332902020948299,1.9609019200265294,1.6711422505394262,0.9901704881379866,-0.7380756176790293,-0.7990731824661992,2.1311632373701235,-0.16510695940350625
0.3577048362909228,-0.625456937191825,-0.5245982723810678,-0.7420966538201932,-0.699066727665733,-0.7588623340961602,-0.22725036126575054,0.02239644491883695
-0.8086593086157198,0.2851045749870029,-0.7623591645433175,-0.8560355203993538,0.5300303007068239,0.5273065377766631,-0.2192003643639308,-0.014637664488530992
0.3156347719067973,0.6161992727370625,-0.568695796208325,-0.6300622160009718,-0.13452570396273814,-0.17301875507260167,-0.8153637510426445,-0.19718374707917927
-0.30305963274760667,-0.33957079172017884,-0.22031825082162657,-0.469305412218942,0.10966412215760517,0.08295442982930348,0.0799441990221592,0.0016923365099934687
0.46981434362274016,2.2117195615788012,2.4292016256459554,1.6929703189701557,-0.28843069880500793,-0.33442337910695963,1.8517771211481966,-0.08987231194601861
0.8059890947967174,0.44786876029168154,-0.33639160162189463,-0.6115090583977062,-0.7808755656968273,-0.8420894632587106,-0.37319123855013747,-0.21584660536320718
0.6015575301610743,0.7048896186286134,2.342561618339799,1.3117818218356343,-0.9597982780548368,-1.0169842246431957,1.9427421029187484,-0.061294810198600815
-0.9758483512951418,0.390028425242537,2.4782905863453184,1.999852045378447,1.3850979059785187,1.4301228278988336,1.556285324259884,-0.12632320703201066
0.9144195633960545,-1.3343962645854845,-0.2336543979705887,-0.7420966538201932,-1.3245784477950324,-1.353938570502697,-1.2651865204471857,-0.1041902235357963
1.177749728748357,0.1323156494389366,0.9546824062954895,-0.003460131865057803,-1.9342894652033942,-1.7688699173492723,-0.19107688268213827,-0.05604588130621799
0.26708296196885806,-0.03625878256373279,-0.3310112865682877,-0.31472658282692273,-0.1732817722560641,-0.21392979449332375,-0.37319123855013747,0.0433921604883684
0.8559202840450522,0.1459355265707964,-0.726934337747033,-0.7123398074691148,-0.7863155080799682,-0.8455481275423827,-0.7058570291633617,0.022688052079524887
-0.8192846055737991,-0.8610517271956177,-1.4004102713815259,-0.8431180674293769,1.380825875689411,1.4256079321172799,-0.878582804074089,-0.20499881898561595
-0.21163133186926644,-0.15356962958265435,-0.8452775107120826,-0.701829131659185,0.3211328349803221,0.3067248096276031,-0.3920520837001655,-0.14994338704773355
0.6801933325128526,0.5882065137602255,-0.13047539388165658,-0.46005408780881335,-0.6511161149170452,-0.7103522910700495,-0.1512022679889835,-0.08608141885707545
1.9251526786289412,0.7361249863239727,-0.5714963282900642,-0.4730409003023876,-1.0484564715194555,-1.1029655710168413,-1.3318969787747683,-0.10862265237825293
0.44841994253071776,-0.5799128785238737,-0.6252040185536918,-0.5255519956990554,-0.2942412995457323,-0.34103449580462525,-0.6711034478006265,0.041934124684928714
2.143095510664969,2.4653504710289624,-0.16302912828515698,-0.535729847012589,-1.9223080503623942,-1.762469516680883,-0.8598356946186205,-0.10066177689147227
-0.5928522926232701,0.41439347775872626,0.6290602301730895,0.06602025323454055,0.3722688549369587,0.3604765883759912,1.444228848138294,0.01248180145544713
-0.5056560510481122,0.35207114083665264,2.1221129797934313,1.7644673823161374,0.6722965142744421,0.6770802697795253,2.0169434443896646,0.006066443920312521
-1.2069557283711827,0.19903117703527373,-0.5180367567932844,2.1711634106259488,2.564592617846217,2.675411775207785,0.2264337964414016,0.12329252251686298
-1.224437689969016,-1.2734831893266676,-0.8155838364905721,0.1970056976103196,2.3872382805304975,2.4899663317627625,-0.7620472143315833,-0.19951660436468277
1.3566853152962857,-0.5947048579669274,-1.004252196337924,-0.7617224972842638,-0.9114690379916656,-0.9720136505951462,-1.054088623143594,-0.21739212331485328
0.217913807811799,-0.09893180454421571,-0.24855480695747723,-0.5912153570416305,-0.35974390823718283,-0.40945074389141844,-0.17898556293359605,-0.21701303400595895
-0.7734688490221137,-1.0160561206989687,-0.5160171697132234,-0.8860140642211216,0.08447633473198211,0.05714339467835662,-0.6778961690924191,-0.20913964066738464
1.3428156128315494,0.028283580696568868,-0.023051079476475264,-0.4824689266523631,-1.348475850609721,-1.3756560282515058,-0.5014229474939992,-0.21613821252389512
-1.1884226886442524,-0.40720616663423953,-0.5326169622599541,0.8438639762075876,1.1138147513658383,1.144112260802565,-0.12327370677790733,0.14399663092570647
0.46006361970587706,0.08645452331227065,-0.011522496593882168,-0.46005408780881335,-0.7945138877647033,-0.8545315206389945,-0.29040560796715265,0.015397873062326466
-0.659576191896184,-0.8356018534468357,-0.24190400625215763,-0.5823837529750057,0.2641713210932533,0.24671398788712975,-0.2436792482118687,-0.03417534425462272
1.1027713615105625,1.100785441128863,-0.019461887515736607,-0.3530012371830959,-0.8878954625910568,-0.9465609338995565,-0.21283666523841988,-0.12107427813962783
-0.8322608365026599,-0.8213656678537249,-0.4428495208877634,0.5205640644146005,1.8542336293863007,1.9262547817271458,-0.36907866599171824,-0.15577553026149227
-0.5961529008863096,-0.3115100092447954,0.07619001343554654,-0.5115502278970883,-0.08497162181524404,-0.11976391398802007,0.0031061197731617625,-0.22371999870178147
1.3124252193688155,0.6355515046468734,-0.18073036073745272,-0.23068831878146032,-1.094905298542966,-1.1486851935754026,-0.4339135046561162,0.062055018772396324
0.2158918959623666,-0.16747971048857313,0.10517046875394648,-0.4730409003023876,-0.6047008347215046,-0.6609325098123,-0.28860903655673215,-0.1887271394192291
0.6347874300072687,-0.6242102495771378,0.140463521000993,1.5982299413187544,-0.22415516555021683,-0.26716960234883963,0.26712195699100016,0.13933091635469955
-1.098601224194521,-0.37242603494924886,-0.3338292009543508,0.8951170898012334,0.8642626749984026,0.8787239928009037,0.19903868332324673,0.14020573783676332
-0.036026766577631396,-0.7227465503273494,-0.1854854204532518,-0.6762312566297293,-0.7119534164640093,-0.7709013031593677,-0.5355278501861138,-0.016095700291970678
1.8360403160151166,2.397061652855417,-0.664932133549815,-0.37702672561204853,-1.1016640191482323,-1.1559960530856672,-0.8327619541880672,-0.19601731843642753
1.9041037401602898,0.9400888230586608,-0.39406719639750365,-0.6207233764114971,-1.5646108443358748,-1.547863421468615,-0.9599890631016017,-0.12308636754837458
-0.8296049895347019,-1.3797153569647795,-0.26075163542422625,-0.8087918253102078,-0.22415516555021683,-0.2668713393300349,-0.580329516068976,-0.1257399927106348
0.9721350666457219,3.1856522198610167,0.7865179698771796,1.087949425826277,-0.2352928101683678,-0.27894290331144755,1.5887303426201718,-0.03854945166494178
0.21006644798232463,-0.7875427696661027,-0.7018837593334255,-1.000531253630541,-1.199751667377802,-1.2455956193689253,-0.8196665865358523,-0.13332177888852115
-0.8874674848862854,-1.5796379825306093,-1.2145114965953092,-1.0292442576909941,0.6512199216476827,0.6551402122871294,-1.114258825439034,-0.11903302801481228
-0.3849288855121234,-1.48762715251854,0.8109383836377684,-0.1200278992411226,-0.5504323543005956,-0.6063707203761659,0.2264337964414016,-0.21963749845215036
-1.1258166438981045,-1.0132248806978024,-0.6052869937926496,-0.8335860044043412,0.729922715360613,0.7381060698372642,-0.43849341924749036,-0.15898320902905957
-1.1228712795479254,1.17523757582945,-1.1562096685034122,0.4202340601805325,2.210518071036061,2.3031863629286113,-0.4407964537839204,0.07022001927165855
-1.0855925010752263,-0.632733534073787,-0.7823021583049001,-0.9353967540362704,0.6633011827632149,0.6657958949547788,-0.6544482392132294,-0.1382791006202161
0.9670666404968613,2.6153103491247753,-0.2510683951550791,-0.13021575371908234,-0.3740272054882285,-0.42316713529296707,-0.5980248037682963,0.059343072177998515
1.103169421129409,-1.2102975600129484,-0.24781851436519894,1.6836137328255325,-0.9939845831873949,-1.0500855110657485,-0.8026360002060688,0.32263517756313637
0.2132500055782046,-0.13355044368470026,-0.021628242274765765,-0.49977044927641695,-0.5550715356803587,-0.6108411881032495,-0.001339090215665712,-0.13565463617402465
0.008608991247445142,-1.2468668718039653,0.23016234605348818,-0.5175162817525839,-1.094905298542966,-1.1465612369810336,0.22028060505495892,-0.013179628685091309
-1.103588960565323,-0.9966204496502693,-0.620317704057552,-0.7560580097270124,0.907259389395517,0.9273072448869923,-0.43849341924749036,-0.2135137480777037
-1.1342671616113777,0.8476087971617573,-0.5901076646488682,1.1514629309697872,1.8856372315025984,1.9586397067784913,0.5989618651879518,0.09792269953701252
0.8565689138808862,-0.1682858676497081,-0.002979487497787196,-0.6230462814987443,-1.4918812149865783,-1.4928216518281683,-0.7277104628026135,-0.19951660436468277
-0.3571918262119132,-0.7567276473231648,-0.34427248230477747,-0.7907630564179646,-0.29230184381292096,-0.33948681058221103,0.18690692166849943,-0.22109553425559006
0.5737907369679686,0.16921198235215174,-0.08047902985981199,-0.5460598392461873,-0.7673643500635173,-0.8269007797779596,0.3573418577389715,-0.20447392609637768
2.390674708405962,-0.14692433037664118,-0.6841846409910157,-0.1749680432292804,-0.8791532675932655,-0.9393423234259558,-1.3024010882522923,-0.09077629414415123
1.5317316922055981,2.0900711986712985,-1.0704528496516708,-0.9427485639340681,-1.2514019167827428,-1.2922121742802386,-1.1655844305476601,-0.21975414131642557
0.32406633112096483,-0.41673357399460603,0.033208094273352626,-0.4491135382605439,-0.5597256101238004,-0.6159998836312839,0.1844510787461452,-0.2205123199342142
2.145170980043271,1.5359971875709144,-0.09743470496639298,-0.4190240699848529,-1.7642028867772868,-1.6791386556240266,-0.9078407312655297,-0.14898108341746336
-1.2710350894479243,-1.0632080107722324,-1.3229544044128696,-1.132985632803891,1.0071118466412028,1.032734478399521,-1.0170640446029964,-0.212055712274264
1.7337129427733027,1.6233306968730454,-0.4405793221176742,-0.6491272489021422,-1.4268594231512504,-1.4419476858506715,-0.9128577379400681,-0.14256572588232874
-0.4951466203860756,-0.468136729212305,-0.8703112833854149,-0.6001612892526592,0.8440476838062279,0.8593201967227694,-0.3180152385048,-0.11086802751555004
1.9010389619765578,1.2993521884745565,1.6107211871315275,1.4262899480471314,-1.3285340926612812,-1.3598076262575498,2.384552345526972,0.07576055532472932
0.19428625847633169,0.40101556184908854,-0.47359902052816283,-0.5956738474276069,-0.15553683903784954,-0.1945821130212383,-0.42037833105036587,-0.15781678038630784
-0.8866308931670138,2.1730321080028547,2.202563842064299,1.5994443825865092,0.4192916670987441,0.41069445241265135,1.2107838858839712,0.12037645090998361
1.790424395235477,3.1861998703072882,0.9389392011513746,0.2152295263793018,-1.9585535118270165,-1.7797808660137737,-0.2470192889437207,0.030853052578787118
-0.4873146845175708,-0.5275003687563877,-0.6697647086302603,-0.7123398074691148,0.40857483267371403,0.3997218124371905,-0.7659856376072806,-0.004431413864453204
1.0559547954829407,1.2803924326495493,2.1928959884610153,1.7428897223287776,-0.6338423776095418,-0.6916940065283392,1.8274688964461947,-0.011429985720963686
-1.195327547622672,-0.9136236657640139,2.018689246338658,1.0861862576082968,0.7461104894912667,0.7547511346479058,1.2539633876283713,0.015106265901638528
-1.1104260045363334,-0.7455611174707767,1.940240296326856,1.8166933451399065,0.9872029517280808,1.0100889711745265,0.9539843637003719,0.18657127638614524
-0.6657227678477602,-0.6869628415363248,0.24591290062162127,-0.20607426683606703,0.26285037071114803,0.2444010384908785,0.6435568840564315,0.03814323159598554
0.2796061210500169,-1.036703104336232,0.5983386755037967,0.4802787540294756,-0.18583373762712546,-0.22702235501081353,1.0783191807118846,0.06555430470065156
-0.4891152498788929,-0.6994557856953967,-0.25591822670337433,-0.2658576567799779,0.6091657096379088,0.6111591317799601,0.3767472014998038,0.05738930420138933
-0.6871521945480342,-0.8158963491926206,-0.25651921630777547,-0.6889116786892082,0.11698977162101648,0.0913359320516273,-0.5091242724657541,-0.11378409912242941
-0.43384361132314203,3.301291130754859,-1.43185848915772,-0.8273035646567765,0.9316253905846779,0.9510650569919245,-0.8240002669911672,-0.05753307782572646
2.181805474827055,0.12195490660435022,0.20879703932714072,-0.3222138024660731,-2.0468259961387014,-1.814512968414851,-0.7860720644858628,-0.10334456276980128
-1.0651703603697764,-0.6814667844998457,-0.4153027384184377,-0.4070052694338162,1.0606827410465012,1.0861619789461876,0.2950828170619425,0.06147180445102045
-0.3915412351818703,-0.6471145661424998,-1.01765232713121,-0.701829131659185,0.6752825976042148,0.6804042576021375,-0.6882305375761715,-0.18960196090129292
-1.1063668451327913,-0.7326188530364929,1.9244141939959192,2.8678134274269693,2.207411107947486,2.29873271900155,1.2724179280559442,0.03756001727460966
2.2527660555010267,1.3314846223441494,-0.741336219562531,-0.6230462814987443,-1.6911788136633752,-1.634222988507362,-1.1430521640699038,-0.09730829454356099
-0.9047306866915227,-0.6269274792329271,-0.2124980965817605,-0.1044727560560221,0.9991810667753113,1.022607153920633,-0.7351740864247526,0.039951195992250735
-0.46404669756274564,-0.186191433302402,0.9674261911949993,1.3695849452333269,0.4192916670987441,0.4099386999035637,0.9774123201481664,0.14137216647951506
0.5221674921312038,-0.462970812499476,-0.7007400299828228,-0.8431180674293769,-0.6511161149170452,-0.7087284791997821,-1.0935295088921442,-0.11932463517550021
1.0974819530484652,0.7175541234879824,0.08683986710105665,-0.334364684516868,-1.1255708049569109,-1.175593037080748,0.19259872005802434,0.015397873062326466
0.17038224471384375,0.05952864459219059,-0.9056960806872031,-0.8691990348327748,-0.21677732293992732,-0.2605770814288571,-0.664386202751597,-0.21526339104183131
-0.9171965264387182,-0.15124067562590585,-0.35489976645678134,-0.8758760298938162,0.029647588253901454,-0.001602148481505531,-0.29220753429282403,-0.12340713542513132
-0.4728352310533431,-0.3021051770428737,-0.3860869685850363,-0.36892506643593304,0.5178892534375708,0.5132770759186754,0.27635184367391546,0.015689480223014404
0.2014893198009237,0.17555689831667856,-0.575316786257171,-0.31472658282692273,0.38690053113555656,0.37545089002123466,-0.8196665865358523,-0.05196338105658687
-1.174149355799822,-0.5975350316978959,1.9047881586795394,1.1138709499027881,0.6911053243164968,0.6958538618337413,1.398767197654195,0.04980751802350297
0.8270120745852101,1.181022331810453,2.347838319139771,1.4960361779712361,-0.8589575169028132,-0.9189359834647695,2.294385004412146,-0.06246123884135256
-0.33741690740681457,-0.6808675020907314,-0.3574077528496617,-0.6347793920832451,0.0889531564389283,0.06152269517532515,-1.0291553643515383,-0.2103060693101364
-0.40237918999249045,-0.9846251464826009,-0.20674836546516878,-0.4455048427871847,0.20900043103168195,0.18738133488923228,0.06513825488883217,0.022688052079524887
0.3217962821435435,0.12840315007183944,-0.29047441888367825,-0.6069475658441686,-0.8475421591509754,-0.9087849498062744,-0.9028650172951289,0.04864108938075126
-0.17534082285800595,-0.613386638687604,-0.28770131520910386,-0.6613156356166757,-0.12413323692154932,-0.1635042243662341,-0.4813531929126752,-0.19310124682954816
-0.7814858898651131,-0.9554834750326725,-0.991286741865845,-0.9245136375744899,0.5572512082601913,0.5560633306125717,-0.2709309981857445,-0.21409696239907958
0.0828526278583043,-0.10541522919993031,0.050771038087284115,-0.37702672561204853,-0.23902445429835184,-0.28323059097910885,0.13311509026623233,-0.029509629683615736
2.137553863990617,0.428220175338467,-0.7046421357901459,-0.6467151570543942,-1.5007753713742253,-1.4991515214359872,-0.9385869755629679,-0.09503375869019508
1.4191254809075702,0.6587154805501912,0.26475635630168226,1.1080040183217377,-1.281764135291112,-1.3191643872479477,-0.48630851438388584,0.14807913117533758
-1.0725726199894914,-0.05968636680108237,1.4471111628321494,1.2243986722940035,0.8902134205992355,0.9061210924461199,0.6724127048158973,0.1160023434996646
0.8516645929961253,1.1429498872819537,2.3957742439757133,1.6817105449982017,-0.6095172608926432,-0.6665756827673827,2.1042588279472203,-0.07879123983987703
-0.5988118506358968,0.035707138836821674,-1.010648062950676,1.4349886823907172,2.754933723027707,2.878096390938754,-1.0291553643515383,-0.19689213991849133
-0.5241700146606955,-0.513846757212819,0.5169845712904557,0.08798744987583981,0.46253589615785545,0.4547670112388328,1.2396715273574317,-0.14994338704773355
0.5981745121072861,2.411841274352748,-0.10338693417282464,-0.3207098549458715,-0.7171403377182124,-0.776823716083853,0.028050562570891495,0.050099125184190914
0.7520995521699535,0.5491797748183733,-0.4547682155792427,-0.6712235273776747,-0.7781632301178985,-0.8379041932692327,-0.738940739324329,-0.19076838954404465
-0.6562647017449282,-1.1289370194217736,-0.4515713171127217,-0.691475925092492,0.24154981571997572,0.22200500626041011,-0.5716723872069137,0.006941265402376331
-0.348093366987848,-0.11767860582030205,-1.0273587843224825,-0.9209236886556585,0.27075807910285987,0.2531760536057392,-0.9935835851515914,-0.07879123983987703
-0.0023271778357039983,0.11151339822975315,1.521174454530358,1.0509767415614497,0.24957424364639097,0.23065214064240847,2.644777757925283,-0.16044124483249927
1.224005888258167,0.6609331940576979,-0.39919068189052676,-0.6588607001299094,-1.1961318329277357,-1.2406894518640181,-0.8196665865358523,-0.16743981668900976
-0.606723735469768,-0.44852929533163677,-0.9936562398255446,-0.8625859354412149,0.6522305476517057,0.655860400340756,-0.5065462479419436,-0.07879123983987703
0.6026119342826606,-0.6435073327599757,-0.048717928602551246,-0.5629158849631676,-1.2290403997622914,-1.2699449590605556,-0.644671004521272,0.02502090936502838
-0.6666824943280311,0.6679694428755969,-0.8333250032719077,-0.4824689266523631,1.3023404345504286,1.3424230102632861,0.10196492988901307,0.0626382330937722
-0.3212803864101865,-0.7777276625969092,-1.1239943727307875,-0.9209236886556585,0.30067756873339363,0.2849346775669861,-0.8738412438092906,-0.1414867793877834
-0.4751997493883226,0.5281061585005312,-0.6290037917980571,-0.8527834503376818,-0.019286868086713198,-0.05160113679209151,-0.13290262669895053,-0.07616677539368559
-1.2338721151371637,-1.557327743266239,0.33921805627581647,-0.12227892277144616,1.197332759129161,1.231641952094556,-0.8461472796124858,-0.0402990946290694
2.1290219421360566,1.7226121809696389,-0.2075457057601142,-0.6230462814987443,-2.008334984497086,-1.8025821470021908,-0.92301841131138,-0.19846681858620618
-1.2315566880762583,-0.7300465513571875,2.627462734781674,2.0384917312152826,1.19246901116515,1.2265201067012517,1.100351834759543,0.001109122188617595
0.13597504288108328,0.719090407799852,-0.6469635743422275,-0.5336822496248506,0.13730682206999442,0.11321351150286064,0.09439618208027262,-0.21701303400595895
-0.8338118318081856,-0.11927511530009959,1.9517717571262703,0.9679537710714958,0.17710618658186575,0.1549038030599098,1.497638844822439,-0.024260700791232874
-1.2039412651995287,-0.8068548253305075,-0.703490498187669,0.38759589725054966,0.8262373499291837,0.8388710057067653,-0.4226132535021461,0.10929537880384202
1.0317427581992908,0.5720700138878761,1.1990610553365053,0.4072583952227535,-1.1568990023932482,-1.204535414979632,1.1231742705815866,-0.15898320902905957
-0.5758590944833021,-0.7390507963665985,-0.7204030005208144,-0.776090241684289,0.49555070755461506,0.4893706551053092,-0.7166850052145975,-0.14352802951259894
0.37700603071443917,-0.3678977434934743,-0.10823411878857685,-0.7230128167228125,-1.3524973315352902,-1.3795281380083821,-0.6917149612550663,-0.1791041031165272
0.9490546887513461,0.5790567938593705,0.6991249900862205,0.1991331398634549,-0.7619949256142905,-0.8223320260848582,0.9612901424561597,-0.12399034974650719
-0.6192381644140604,-1.0667125886567934,-0.7515797816437182,-0.8149074724152487,0.40857483267371403,0.3975867202569918,-0.8153637510426445,-0.16219088779662688
-1.1001660740776367,0.3752701401166959,-0.9974768962507125,-0.9576910620322521,0.8405030782652243,0.8560939602263268,-0.9179167284220257,-0.0601283815558491
0.07790549167149916,2.117706941694456,-0.944099974012023,-0.8210777242346008,-0.081615733872153,-0.11742153781386248,-0.5603190801193723,0.032019481221538866
0.39163378420303513,-0.8078514146284418,-1.179730166061924,0.7585927833735827,1.3673169491558355,1.4116667383458275,-0.6224542218522094,-0.17852088879515132
-0.29492141106573283,-0.3318594286083807,-0.8449497262449008,-0.7703072488343214,0.22672200409417606,0.20727626977325256,-0.025228299047787554,0.029103409614659497
0.766653814012038,0.49094898436687967,2.0869851114363835,1.3445345426359963,-0.8277790476302087,-0.8866686203429258,1.907971307983386,0.011898587134071256
-0.5727072087044831,-0.933144459142115,-0.23621862502318963,-0.6889116786892082,-0.009685886347436128,-0.04141988052391126,-0.39632451020794435,-0.14061195790571956
-1.1986119691077934,0.017982933723674394,0.8988038482426406,0.20054780486675058,0.9531279619190481,0.9735815924239842,0.6311475537385706,0.02239644491883695
-1.0537056716862203,0.6369834299473872,-0.5317180118016368,-0.08177746256513221,1.8608323797140354,1.9329608434988943,-1.0935295088921442,-0.08987231194601861
0.26346217962942936,0.80653327689059,1.5990510638206759,0.8743770620299346,-0.267322222147962,-0.3116887725461377,2.194097749666694,-0.09162195491014623
-0.006457477155561925,-0.75808054747399,0.20459698309128335,0.05825056175245021,0.31604601241387753,0.30030921276855094,0.4470898034055916,-0.21380535523839164
0.2809262818981039,-0.09023130847032898,0.5358889831485727,-0.03353220548419683,-0.3863830440071747,-0.43540378101384314,-0.9821767215584614,-0.1653110844159878
-0.39844816975368114,0.9345501592894906,-0.4295336708602177,0.0702992985643065,0.8651352256982668,0.8814262114035951,0.3158965561298576,-0.08608141885707545
0.16047941582544914,0.9971401923094155,1.2236453979952364,1.1007436758195153,0.32493627295739697,0.30994941764939044,2.6376598167625285,-0.2231367843804056
2.1332577220148172,-0.36334416951072335,-1.3429452266283166,-0.4901050663681122,-0.3843164108075144,-0.4345449297783733,-1.1579799801590291,-0.1519554764564803
-0.7458509151275398,2.31636172326151,-1.4017273504489582,-0.9652852440895815,0.9357853444979893,0.9556741250326581,-1.2742776065704995,-0.035983308650887925
0.47044163101675307,-0.8163472462163438,0.012696797689713617,-0.45638795924896525,-0.8733542880850439,-0.9332267608120689,-0.6350493823088942,0.009565729848567761
0.02514747174311699,0.4286387402601291,2.216060815994822,1.4935384203854283,-0.17506827025670044,-0.21511861467130455,1.262158390599086,-0.022511057827105285
-0.917194065569497,-0.28061045009727664,-0.8596327274768357,-0.776090241684289,0.9332908048333752,0.9532084238667113,-0.20030676936505354,-0.008222306953396383
-1.2710478387936328,-0.5166349365634298,-1.0978670533970087,-0.9539250384733454,1.3241126017407883,1.3671821349878581,-0.6847660820508905,-0.05283820253865068
0.5575441518220164,0.9088707131329321,2.1838081893246,1.341829789231067,-0.5855935671133304,-0.6420951848833091,0.6447073046408711,-0.04758927364626782
-1.1218251541243185,-1.5891328827174933,-0.38473774472606337,-0.5235342902867693,1.293279511654783,1.3339862436156784,-1.6577450682052524,-0.16598178088557003
0.046094419878833934,-0.5105653500191122,0.011006429197228784,-0.539843333043579,-0.5714265852166143,-0.6282776834767505,-0.05131079189529961,-0.2103060693101364
-1.1362835095643886,0.20090522251044268,-0.3811276931641275,0.928686391634226,1.2723536750891375,1.3118129948969786,-0.49381849710536796,0.12504216548099062
0.16514479352016936,0.1456587103965525,-0.8582753980391208,-0.7338532525427129,-0.22415516555021683,-0.26691393411260295,-0.5328349912361456,0.06059698296895664
-1.1389123769544598,-0.3030906728106196,-1.0745052115799445,-0.9501794270664627,1.1385848313703664,1.1696275691976519,-0.8068488802144457,-0.2199291056128383
2.2950527056171546,0.3788704318853436,-0.23329955273172573,0.8810079286082596,-0.8390392436087902,-0.9000070237310958,-1.4543321790670372,0.05601875054615605
-1.1301685306675913,-0.6237652361983717,0.27780494572414044,1.54600175062681,1.6259702559286797,1.6838034658677952,0.7144635127685782,0.16674198945936552
0.27210729027681996,0.6597239081818592,-0.6392514418426035,-0.5867854469185966,-0.17685697245037138,-0.21773209731765414,-0.4764381590535411,0.02793698097190775
1.529416198155518,0.2561424625042718,0.008960766820004436,-0.5135331951480189,-1.7116702211589974,-1.6465276098295432,-1.1810864551662834,-0.14125349365923304
-0.3491097045733195,-0.028411194083031565,1.489338503192932,0.7256787717693178,0.07698410645966572,0.04804452116575615,1.2036830534718344,0.001109122188617595
0.04639681141628598,-0.38624100661378674,-0.26518297320795586,-0.3968672351065108,-0.07492717324655489,-0.11110253867406894,-0.3920520837001655,0.05680608988001346
0.055906766459413546,0.05133356927227657,-0.10067963915580017,-0.38193370679309535,-0.17864788428289075,-0.2187073802622175,-0.4963427004998581,0.03901805307804935
-0.5953053800445725,-0.41028473583715097,-0.385879099035199,-0.5316407012780883,0.5056456701983446,0.5010548215339442,-0.08879464515460875,-0.07966606132194083
0.008699193842283614,1.5364316772099005,2.4196552593914085,2.153305048723299,0.5034084121246194,0.49892742082307745,2.335460276791146,-0.09628766948115322
-1.1372301914698473,-0.8682788357263581,-1.2897106848489523,-0.8527834503376818,1.5513093350608411,1.605490703121549,-1.0734874800479295,-0.20418231893568972
0.2726457580006077,0.21491847187501564,-0.18617836278872518,-0.3267453833779593,-0.16615771396923487,-0.20610937914347605,-0.082383706659299,-0.22430321302315737
-0.4657977755457142,3.227847816424497,-0.8214105062613688,-0.13021575371908234,1.3107037407584148,1.3514796283860169,0.32311314120680845,0.05797251852276521
0.09936362743063697,-0.3552967070644311,1.105121683597352,1.4935384203854283,0.13586500897844375,0.11150476522175512,1.2835724746419264,0.1375812733905719
-0.17133954640167212,-0.4349279756781699,0.8619455975217556,0.17536310590715862,-0.1502554381365692,-0.1884251413487723,1.2947864123078223,-0.07995766848262877
0.5731978070546533,1.0594029881691767,-0.7510613209545265,-0.7848564938559499,-0.619198384975832,-0.6776194969164675,-0.9599890631016017,-0.15399672658129587
0.004248220070129767,-0.7604992518466722,-0.25062367068644115,-0.5979139259296549,-0.25972197960851534,-0.304385262952507,-0.3275059488782601,-0.050796952413835125
0.12096968292851992,0.9817805445981346,-0.4185594669047056,0.030799198595191705,0.6122845554676554,0.6142434345778494,-0.22887330407854142,0.05972216148689283
0.976045294152823,0.10245487187167084,-0.8668353211753698,-0.6940497217837477,-0.5573967052951608,-0.6123080236838095,-1.0734874800479295,-0.04791004152302455
-0.0795009746935611,0.5254865431346677,2.4712733932207147,1.5545205166210738,-0.16971536715106836,-0.21005469939394214,1.8945502514674588,-0.10911838455142242
0.09489701538135088,-0.3108862120381962,-0.08446763889568183,-0.7149926460926062,-1.0097943684816346,-1.0679473186297468,0.008617058889702866,-0.17181392409932877
-0.33673916970040507,0.15256497663738916,-0.39886853293931285,-0.6539768380165857,-0.032187891544371995,-0.06627509460530537,0.06912209688170555,0.0603053758082687
-1.2710437800241057,-0.07113272798715538,-1.2867312936497741,-1.0250686340334925,1.3342462765116367,1.3781707298460806,-0.5861705840658135,-0.024260700791232874
1.0674158626334018,1.419642743793201,-0.7786770684032949,-0.9846440341100666,-1.3850771957396972,-1.4077879393043664,-1.2301305653695658,-0.20744831913539463
-0.7320689403445594,0.24784592640299763,-0.5751499179035352,0.5736172640553104,0.5475104575455813,0.5458001594682695,-0.4115203581501368,0.10842055732177824
-0.3602372092194144,0.27254013781767966,2.1527547908833964,1.598136434301119,0.3211328349803221,0.30705801106886776,2.192737823991967,-0.0023901637396376465
-1.196386736356248,-1.5028593052766996,-1.6188819007225357,-1.000531253630541,1.5734185456678214,1.629617570992244,-0.8644682524187145,-0.12369874258581925
-0.3316892728700381,-0.13700716957342413,-0.6390556381965973,-0.8210777242346008,0.05884318640851793,0.03040795355755695,-0.9935835851515914,-0.21847106980939862
0.3581667368598648,1.248637605416403,1.45442973700516,0.8203493978377447,-0.3078906278195071,-0.3541275744531404,1.2783568051815897,-0.05633748846690592
-0.7768354331595407,-0.5734296602235688,-0.5538712644220807,-0.7588844497111558,0.4899118714139402,0.4841569104331019,-0.39632451020794435,0.025312516525716318
-0.04002466597467245,-1.3868232533931828,-0.031096827336194184,-0.29129845404701604,0.08447633473198211,0.05756350456869625,-0.589112418750242,-0.02134462918435354
0.3941712687940048,0.40903672254660106,-0.18429134212310397,-0.42249675876379295,-0.3740272054882285,-0.42412923711119144,0.031229601454954316,0.035227159989106166
0.2010544670420679,-0.14460489498432563,0.445965549010962,-0.13709206530684734,-0.5855935671133304,-0.6430039919364473,0.28890341912393486,0.001109122188617595
-1.1190529242161635,-1.478782235316127,0.6389122791797288,0.9257236277701695,0.695034169387862,0.7008546453225161,0.9760851059275236,0.14195538080089093
0.18947325334646756,-0.4557339759734356,-0.2775098351087315,0.14464411027043725,-1.2665035423369624,-1.3060932073348903,-0.92301841131138,0.10083877114389188
-0.702646852712438,-1.1208155058357934,-0.6153058925701927,0.014344525686231357,1.6555995785419706,1.7168688882473468,-0.5409498222669016,0.06292984025446013
-0.8731178425088387,-1.7038168850810476,-0.3663117350647346,-0.49395501288695914,0.6205688234045601,0.6229290125681693,-0.32559584986526563,0.056222875558637586
0.13586944615266736,0.6463212374118907,-0.5088865286987698,-0.5867854469185966,-0.13800648101074434,-0.17656863004057083,-0.03694467030654927,-0.0061810568285808245
-1.2728586080902318,-0.4101677213145403,-1.0785990761078856,-0.9965250765398892,1.1931648321259816,1.2241550347713244,-0.010328785003783026,-0.03125927264774336
-0.20914283722406027,-0.5070835279878423,-0.521231154097153,0.7626772812681697,-0.02089323162398208,-0.05437878571483031,-0.35891799262040636,0.12387573683823885
-1.021167351888838,-0.1984674596634259,-1.106597921373765,-1.0334452652348058,0.671299784813344,0.6750544672614321,-0.9821767215584614,-0.17647963867033575
-1.1389019809745207,-0.40052360753451777,-1.145643419778593,-1.1427881179074242,0.15734307506109907,0.13228983226681504,-0.9935835851515914,-0.13769588629884022
2.164113367797815,2.169062826371465,0.22669852921656253,0.9566900061239701,-2.1133396308520376,-1.842147461189005,-0.7620472143315833,0.14137216647951506
1.9408795192726824,2.5013623653537342,-0.4738579150549132,-0.7907630564179646,-1.952449321991716,-1.7775736645588855,-0.7699498867938558,-0.07500034675093384
1.7920680159791915,-0.977414989372812,-0.47920254336204376,-0.11666505264030151,-0.8027588935561024,-0.8641357454578642,-1.2928804846439905,-0.12340713542513132
0.8150336608788703,0.4130324718360661,-0.18655683824890334,-0.3451748385531167,-0.8849755362382968,-0.9443060791476794,-0.4226132535021461,0.056222875558637586
0.9531043475260975,-0.5079118553298386,-0.9969973123475594,-0.5715006365132252,-0.08833529604824396,-0.12510930078806873,-1.1357242460492978,-0.07319238235466864
-0.6384947750388551,-1.0971092247317942,1.0379478096095258,-0.1475365504541354,-0.7619949256142905,-0.8226955271964281,0.8497052793764546,-0.19805856856124307
-0.8171978066995393,0.17661650137939777,0.01166037374962075,0.20757801415106109,0.6174677677963603,0.6184441936827889,0.5052884274919507,0.07896823409229665
-1.0066262224568612,-0.6457609130208618,-1.2305198097838186,-1.0167923241813837,0.9047152361645354,0.9234391516059735,-1.1430521640699038,-0.1426532080305351
-1.137248915427736,-0.11485760714508632,1.0200860541800383,3.494790573803026,2.9221048091306434,3.0549634813144344,1.7385410183172658,0.13058270153406143
-0.41639198805893596,-0.6966515948752325,1.5651632861367637,0.9269596567399618,0.19798618664547382,0.1760689928069764,1.1994127825957634,0.031727874060850925
0.959346006869754,2.2121917495003145,2.150348281274718,2.054522779991239,-0.2807192819845396,-0.326677639286197,2.4778450818721423,-0.09832891960596878
0.32014387912362946,-0.1452672523206178,-0.09431609667420589,-0.4087094962229989,-0.4156295707425527,-0.4665303014255748,-0.4071395720624444,-0.07616677539368559
-1.112017815665048,0.00972514556006176,-1.2112214933701446,-0.6347793920832451,1.6383041944339678,1.6965953319437164,-0.27794030377446016,-0.03359212993324685
0.7308272281559886,0.11209289413857519,0.091808705257212,1.1669931039244366,-0.6047008347215046,-0.6615289098585355,0.06213304985354339,0.13903930919401158
-1.1910650076288294,-0.13305722672676956,-1.0013344232712327,-0.9576910620322521,1.0189272579589639,1.0411384843788114,-0.5195477347282678,-0.02046980770228973
2.520212411938207,2.219920697715067,-0.5285875106844792,-0.7257070252533939,-2.0210521094115768,-1.8049387599302404,-0.8881789711891058,-0.1831866033661583
0.6199049355555833,-0.0429001388667741,-0.18097922184141568,-0.5255519956990554,-0.6461597239558884,-0.704698820211423,-0.7820010333799621,-0.21759624832733482
-0.6006926652536009,1.5278023162820276,2.6074376783265563,2.530748001008582,1.3697824989746892,1.4136821994393824,2.5788582422832924,-0.04292355907526083
-0.7209052441581724,-1.038885793673392,-0.6763720183240224,-0.8149074724152487,0.43110707841650386,0.423227843290736,-0.7739403028311149,-0.09016391910670654
-0.10799802716415484,-0.530186141075736,-0.054073285157335615,-0.701829131659185,-0.8475421591509754,-0.9069678721750377,-0.017159884066398966,-0.22197035573765386
-1.2528370539341815,-0.5464797200988665,-1.2517026800059177,-0.9209236886556585,1.6197637122612651,1.677114845186567,-0.7058570291633617,-0.06858498921579924
-0.21945494167123772,0.1907056974047022,-0.5834095090957157,1.1775571187780407,0.5561721289814473,0.554655201861588,-0.06602663008044064,0.11658555782104046
1.126696701182815,0.08910834812593993,1.2732809809828876,0.9879128461013722,-1.0097943684816346,-1.0679473186297468,2.223604889751126,0.07896823409229665
0.6776566573287901,-0.9326598895105672,-0.6353534769193327,-0.824183633340422,-0.7972570161972371,-0.8567113103874029,-1.1732857555194152,-0.12748963567476243
-1.02901301002803,-1.5796379825306093,-0.563801043595777,-0.7393379131793646,0.8936386860888003,0.909692111486502,-0.5169249721126223,-0.20097464016812244
0.5170774750338666,0.1752850936497616,0.05716745792751997,-0.19346326700908226,-0.43903018500716784,-0.49089147019380724,-0.4764381590535411,-0.019011771898850043
-1.1349949822982657,-1.100986511519472,-0.9276477286500822,-0.9464540077328848,0.9735070287787012,0.9962786525337153,-0.7351740864247526,-0.12923927863889004
-0.8123327945154202,-0.31422080871832536,2.2336322193606692,1.4378247887493638,0.680245775830879,0.6850389771288732,2.036303964895579,-0.04321516623594877
0.6421077165132584,1.5828211949935254,1.722117047919155,2.502302912784256,0.49780011521156875,0.4924323273536397,2.027888056828546,0.169366453905557
-0.8153598115633441,-1.2521028519305333,-0.2852703338549675,-0.6762312566297293,0.31221914804290624,0.2960434735913855,-0.48630851438388584,-0.11524213492586909
-0.6006855072537981,0.5873634352352153,-1.0727634522432246,-1.085956360631474,-0.05011636329604393,-0.08414151551017933,-0.9654601034697985,-0.14790213692291798
0.43664803591689755,0.9036579038096226,2.308518538507041,1.841988776101207,-0.13105326411324755,-0.1696336272139405,1.0454668291424516,-0.04846409512833163
0.5606341324543874,-0.15220512215502538,0.7297521872296656,0.7763253006868358,-0.20031318826667996,-0.24233215044252723,0.40984150543060044,0.07313609087853792
-0.5627740513116927,-0.5157605136285464,1.635297023957717,1.070513409773731,0.4001843994905699,0.3897926282256575,0.9840050336261915,0.029978231096723307
-0.2179405044912538,-0.4266324754609559,0.140296396839129,-0.3482947698694711,-0.06164192156817854,-0.09761743942589812,0.38445608069772724,-0.19630892559711546
1.772311030666084,1.1642853666681103,1.4699898866619028,1.2194020389819753,-1.716838650676084,-1.6480938631060864,1.2983053912071378,0.11075341460728173
2.152547887600045,3.225616440008907,0.36209439699493895,1.1269384524106927,-1.7966611741487102,-1.698333709109891,-0.36907866599171824,0.14778752401464967
-0.05422309011458746,-0.9988619578512978,0.15098956942585326,-0.7149926460926062,-1.221662557152002,-1.2641425996876916,-0.0476871296892126,-0.21876267697008656
-0.6347773268869487,-0.03641364448153165,1.8144961635327543,0.9462010848772489,0.27338442573429,0.25445548373965016,0.5067341336445077,-0.039715880307693525
-0.9374996844899873,-1.0828728729224089,-0.5883794599019079,-0.3087946699003565,1.0758475544684296,1.103954461376695,-0.0672692735491857,0.063513054575836
-0.40102893523629796,-0.37666133360684567,-0.6564598295573056,-0.627715647998323,0.3525273693740923,0.33915174173554713,-0.5659690823159045,-0.017262128934722423
1.883996108609504,0.9703343769745192,-0.7586456249657888,-0.8210777242346008,-1.6168167220474163,-1.5832766068887345,-1.0477582424250296,-0.2143885695597675
2.0496544227172526,2.4666741043569123,0.14340458461520111,-0.40530523508869326,-1.9585535118270165,-1.7797808660137737,-1.1969964742898067,-0.18971860376556807
-0.8130709736647184,1.107866491794003,1.6243970239271943,1.461131046874851,1.2227735300406546,1.2594396066879465,1.850944198140779,-0.026010343755360495
-1.0841783468834838,0.8636040903776261,2.2769236414727003,2.208651864227408,1.6945144922778,1.7588965063037934,2.204752362804542,-0.18931035374060498
2.3171705212450178,1.4105320242525783,-0.4452532150539041,-0.3641092726420716,-1.4268594231512504,-1.4392090682747696,-0.987853249975778,-0.17557565647220316
-0.7401580445747739,-0.7032365352723109,1.5767532692701434,1.0555029260894957,0.5934700354607559,0.5950083252710283,0.7604587542310388,0.04222573184561665
-1.241470627990175,-0.8763700275825977,1.466512263841994,0.8961508425935247,1.0047371647932017,1.0294677309865874,0.8795260024437886,0.05738930420138933
-1.0925389785737618,0.12644335441637303,-0.8640761513915403,-0.9807286490595878,0.6018622032893495,0.6028151689961901,-0.7620472143315833,-0.17531321002758402
0.09016760888860924,-0.18629335044230108,-0.5532390252466575,-0.4958880592180799,0.1416236776985028,0.11748353863724563,0.07209284406211944,-0.22197035573765386
0.3802284171761151,0.7565324746616613,2.3283193548661965,1.3923749547185442,-0.6913893419703488,-0.7498871645381451,2.416738062010359,-0.056629095627593856
-0.9845535463775601,0.12106977770181264,2.159218212413033,1.9572012267933847,1.5718121821305513,1.6264685852225862,1.5809640910108465,-0.005597842507204951
0.1781903148539447,-1.4055950636499248,-0.539271772771965,-0.7070644870981482,-0.4326106485662998,-0.48422210342107996,-1.0669517857479418,0.03111549902340626
0.20402240644960185,-0.3173928301620835,-0.20767875057256877,-0.4491135382605439,-0.5667348563837336,-0.6220895804772698,-1.121329617560241,0.05505644691588584
0.9505223313409551,0.8226378537283032,0.9882814971411898,1.316014564423823,-0.7223458835051982,-0.7816938333396904,0.18363024245617096,0.14662109537189794
-0.8785715775680953,-0.5668863360997896,1.9601330287790368,0.9737484018095379,0.4169169852507429,0.40826200859877915,0.8049665946720589,-0.10795195590867067
0.1513685162007261,-0.06179298436844159,-0.256744820566607,-0.6588607001299094,-0.6167720363859363,-0.67340986987149,-0.6414467524269052,-0.053421416860026556
0.06753755997968283,-0.7328520358168183,0.11243498159340205,-0.0914128975367556,-0.030568971282268844,-0.06468917623586909,-0.6952195846043339,-0.19397606831161196
-1.131374918309338,-0.1602055010216936,1.5490086772600624,1.5968260058197437,1.4229900466034662,1.4716634497045968,2.4378008695563205,0.10667091435765062
0.23690856000898983,-0.21878967862556678,-0.6495677082124994,-0.8463248648903724,-0.673631988540918,-0.7334073954912615,-0.8196665865358523,-0.0802492756433167
0.5292388177612652,0.8364375177601189,-0.7814626764380902,-0.5017198542722824,-0.1293201581757523,-0.167294852936424,-0.7277104628026135,-0.16306570927869068
-0.011955757341120749,-0.28891356674825247,-0.4966374798056827,-0.7819220367384917,-0.32960263660785966,-0.3766555864705993,-0.5491750625454654,-0.21584660536320718
0.509716795649252,0.44832822494102814,-0.5314188103390681,-0.6762312566297293,-0.4497929882928929,-0.5011970260700556,-0.38780963937974555,-0.013762843006467181
-0.8132087452145393,-0.9197377587330219,-0.5360817897236829,-0.8149074724152487,0.30325031642555317,0.28685548262678456,0.06713345747439661,-0.2231367843804056
2.301331121434088,1.2283478658256906,-0.18573726052164152,-0.5175162817525839,-1.8811361125595425,-1.741875931990763,-0.9709811083683508,-0.22371999870178147
-0.7290620372916498,-1.3618702963016374,-0.7772915102211506,-0.776090241684289,0.5112237568955286,0.5061694573472593,-0.2192003643639308,0.02881180245397156
2.2584012032802843,1.9130099262680609,0.6651538840784031,0.2991568894447013,-1.6759981205656242,-1.6237715064961402,0.8093590516414143,-0.01492927164921893
-0.07831435070873702,1.1013982079010023,1.655309006685125,1.3304905450358033,0.8807519972905252,0.8967309914614207,2.6594375724729096,-0.041465523271821146
0.8116244455956317,0.6679694428755969,-0.2894118416790526,-0.539843333043579,-0.8000053448763563,-0.860505875699585,-0.42936802583848316,-0.2047655332570656
0.533202480146796,0.9300509552666166,-0.6554387992823061,-0.548144497275837,-0.22785821467481102,-0.2703369592928361,0.14021703196629468,-0.21409696239907958
-0.7275752682913026,-0.7323761882017539,-0.7528788829994567,-0.8758760298938162,0.34754970630701787,0.33487500904989426,-0.7203378612508377,-0.20097464016812244
-1.028278664510765,0.2232264307737117,-0.9390928129005526,-0.9427485639340681,0.7077298775162364,0.7132033811022064,-0.9491933148849384,-0.05808713143103354
-1.1445888314287598,-0.41583310513868355,1.8221036588756045,1.3512504712239042,1.0728272555758926,1.1007784969487369,0.9291333044004763,0.06380466173652394
-0.5748655540622636,0.22032084099176497,-0.3466202697149189,0.8917466734538337,0.4567669154292125,0.4500010919409377,0.005316527481333088,0.12620859412374236
-0.5055247895647118,-0.9235875364044068,-0.11997401428968806,-0.5175162817525839,0.035843080349776235,0.006743304137165959,0.12230325214898286,-0.03417534425462272
-0.6934147506502312,-0.8188545155217102,-0.6471632911264615,-0.8463248648903724,0.31221914804290624,0.2962980219376983,-0.738940739324329,-0.07179266798336655
0.15850786146050397,-0.24570089161975175,-1.0827353021442752,-0.8758760298938162,-0.10016999804753904,-0.13627146091689743,-0.7820010333799621,-0.12136588530031577
-0.08234345368357299,-0.5601125969340912,-0.4632522585186232,0.8382705534191593,1.342428046989298,1.3852136270022135,-0.9765529988218078,-0.21876267697008656
0.3805471286167546,1.2246378572177041,0.005579928820524625,-0.23068831878146032,-0.1966797454022065,-0.23907028713900705,0.6389331840058735,-0.09862052676665671
0.878323340331106,0.40950732209618096,-0.40275156208975493,-0.6207233764114971,-0.8966906944854902,-0.9570044704288538,-0.7901706960133761,-0.17735446015239956
-1.110182343736214,-0.6238542291038107,0.19194576314617431,0.9939916334784801,0.7203153710951675,0.7295735871598134,-0.16129027523427583,0.1582853817994154
-0.3301498811825281,-0.8375805629162674,0.38601367462386005,-0.29129845404701604,-0.2521613734554105,-0.2960675468717318,0.9850968631349747,-0.09716249096321702
-0.19326525952837992,-1.0280016107807404,-0.47502501992877183,-0.9317499718913053,-0.8675784121420801,-0.9276854165473036,-0.8371908812105024,-0.19164321102610846
0.4139671087280918,1.1307063426053745,1.2348210698128388,1.5300887340810132,0.10525089821970403,0.0782444387077062,1.5148666881045245,0.047183053577311576
-0.6620113263227491,-0.2342177550377467,0.9152091305236744,1.3244030584326123,0.6622982474454152,0.6668795485230247,0.8545982130213752,0.14049734499745123
0.21543849860339587,1.3503205837919414,1.6351871520656447,0.9430713714749568,-0.29230184381292096,-0.33794535515750335,2.535843777492089,-0.00209855657894971
2.1153799691881914,1.3234708462126794,-0.2943397833020759,-0.5823837529750057,-1.7642028867772868,-1.6757497096813605,-0.9654601034697985,-0.12168665317707249
-1.0234032292608768,-1.250464791119309,-0.992706754497108,-0.7997186497331767,1.2322845300466985,1.2683038677736456,-0.4115203581501368,-0.1382791006202161
-0.6855628989421451,-0.20248755777609664,2.3655377987815003,1.5755139852039335,0.5860868251716805,0.5864981115841067,2.0953540754144098,-0.08462338305363576
-0.23725034582905602,0.3200352791916148,-1.227095950432988,-0.7819220367384917,0.5892556634695219,0.5890902285694919,-0.5195477347282678,-0.16569017372488212
2.1431729784748335,2.9567788835930453,0.2764001850729149,0.9651549945989012,-1.952449321991716,-1.7775736645588855,-0.2436792482118687,0.14399663092570647
-0.047393808424971214,-0.3026161000791455,-0.1826006065165915,-0.4491135382605439,-0.08833529604824396,-0.1251387164959058,-0.18500099400466732,0.02385448072227663
0.2962817429592731,-0.27593612385819544,-0.6923766341483356,-0.6324167791400264,-0.27113733736035317,-0.31645852545026176,-0.12191058143220145,0.05738930420138933
1.1382622453462803,0.5109771005802585,2.3062607760318294,1.4069556854277097,-1.3285340926612812,-1.3598076262575498,2.118011416115985,-0.0458396306821402
-0.737265176011521,0.7674813961108061,2.0281553805669197,1.5449926038166688,0.7193511256694907,0.7257343620473385,2.2580675806738824,0.031727874060850925
-0.20577711174336558,-0.10021997378052858,-1.5084542723376535,-1.0167923241813837,0.2469043663834037,0.22835669224937705,-0.8026360002060688,-0.04204873759319702
-1.1249613509469087,-0.28739416878916224,-0.7568017126699307,-0.1279387710568633,1.8270849251808792,1.8959858182044196,0.34110308008124185,-0.03592498721875034
1.5402787319800983,-0.49060522827248676,-0.3098424420087203,0.6305140452727936,-0.25972197960851534,-0.304150454929769,-1.0604859932616053,-0.11311340265284717
0.31691862609917865,-0.23238867563909316,2.4234101796736938,1.4857705056980912,-0.4803609900442009,-0.5344036738070429,1.8996181277498247,-0.09191356207083416
-0.9219500556926481,-0.5037744437032201,-1.1181110315014293,-0.8335860044043412,1.0015648594922693,1.0258336704787594,-0.9385869755629679,-0.0945380265170256
-0.5757379362432453,-0.7036104214183608,-0.3507861667175568,-0.7284117786583229,0.057321146432431566,0.028718876979011824,0.1322214525060386,-0.15140142285117322
0.6650382163449188,0.1907056974047022,0.03895714805467361,-0.4437075371894862,-0.9174228161503197,-0.97660638477517,-0.29040560796715265,-0.21934589129146242
2.1582612760621664,0.1550440490017805,-0.3423109417774782,0.7306184898193675,-0.5550715356803587,-0.6115739035778427,-0.9765529988218078,-0.21701303400595895
0.03580386108674918,-1.1245681651567119,-0.3299257919831634,-0.5912153570416305,-0.3801919615276227,-0.4298227798181662,-0.5014229474939992,0.03056144541809918
2.1655161612320133,1.7015403998555627,-0.16148506730741408,-0.4711706322791571,-1.758863127723768,-1.6740664173346484,-0.4407964537839204,-0.21097676577971866
2.141592433639891,0.5232882300222755,-0.8685695240486949,-0.9137992584137022,-1.9223080503623942,-1.762469516680883,-0.8283652378289683,-0.055054416959878984
1.2233063187845183,1.2574752427768774,-0.5830690208848998,-0.4958880592180799,-0.8027588935561024,-0.8629219618988034,-0.06354897974895254,-0.22401160586246943
-1.2903167952360672,-0.8708677724678083,-0.5963918084247798,0.7442647591538608,1.3996500276001662,1.4434119755814603,-0.43619912490109913,0.11746037930310425
1.305291553991894,-0.4947091300752669,-0.31346699008994183,-0.6046780609709871,-1.2894550973289813,-1.323846784004872,-1.0477582424250296,-0.040590701789757336
-0.21773820285865572,-0.26448717435510466,-0.7792326392159095,-0.824183633340422,0.13008337442008036,0.10520555140102589,-0.9333527797951323,-0.20447392609637768
-0.5252377539396952,-0.30017242547765605,-1.0978670533970087,-0.8527834503376818,0.5366100833057728,0.5332880699793509,-0.674490268057444,-0.07879123983987703
1.104375405389188,1.4078650594476276,-0.6236941654448168,-0.48057300334307634,-0.6289445927347369,-0.6861801724921767,-0.607070546120001,-0.1169917778899967
2.0092520669065097,0.7618855575147281,-0.25772391305031533,-0.5419092945606825,-1.8354711422429142,-1.7185419095493084,0.04378117690497373,0.025312516525716318
-1.2710410791353304,-1.0268601459418392,-0.4996647331647594,-0.7703072488343214,1.0515071221633707,1.0779983678257385,0.16443669913325867,-0.11183033114582024
0.243220149245212,1.0825269550762664,0.9351392222172036,0.1384876008420175,-0.6216288012098619,-0.6794914986512326,1.0419025132084685,-0.1391539221022799
-0.8553522334632248,-0.30272560453558944,-0.8528917054100822,-0.8335860044043412,0.7853456183868011,0.7976693873273466,-0.4006273457011522,-0.01580409313128274
-1.2674116311831212,-0.8999388017180979,-0.5226916348425008,1.0233936946070539,1.3966303578059578,1.441827691464737,-0.12463991263548788,0.14253859512226683
-0.4133213605029288,2.696365921565455,-0.771524047859823,0.7045375224159695,0.23617541496236782,0.21711397243919336,-0.10711561796083752,0.1136694862141611
0.2801422550167692,0.38411493330478635,2.334750064288925,1.333102745230123,-0.7249556824891215,-0.783823605289004,2.3029546288928033,-0.05896195291309735
-1.0211599765779258,0.4537858843573923,0.3325226600847232,1.0755117218337684,0.8764308526783922,0.8914095814215296,1.0385168086946792,0.14545466672914617
1.2228343205577972,0.4620610799998854,2.1348673104969786,2.2821774197426774,-0.5161037667104236,-0.5718029536340524,2.532664207814765,0.1317491301768132
2.2265358225710536,1.6672453847373812,-0.6130984329225747,-0.7674337993190022,-1.9223080503623942,-1.762469516680883,-0.9028650172951289,-0.1534426729759888
-0.4382791814547536,-0.058084654678982155,-0.7851132327261804,-0.6889116786892082,0.46713460879762375,0.45984486858076057,-0.03105810155067262,-0.07004302501923892
2.5443899868685977,0.9703343769745192,-0.8047714621462372,-0.691475925092492,-1.7429608518911024,-1.6657591850256335,-1.0111078798262416,-0.11874142085412433
0.4994733301739957,3.066429209433679,-0.2834165424263301,0.8692947056048869,-0.6610800231698567,-0.719547336754253,-0.6711034478006265,0.12795823708786996
0.7869713309310997,1.254264586401419,-0.4105221155030464,-0.03850748696527852,0.029647588253901454,-0.0014530377163896923,-0.2436792482118687,-0.12953088579957797
-0.705500194196436,0.06640389967124254,2.0578693630218132,1.7306473541136542,0.9316253905846779,0.9514278357961604,1.2409588607463273,0.020938409115397266
0.7564326013646987,0.386285798182481,-0.006423067808327631,-0.2603291183920594,-0.7354421147858154,-0.7938097876338985,-0.1745129469619319,0.04135091036355284
-0.4640469243885825,-0.09026332795584419,2.5221549295201164,2.518217127885786,0.8841996634672382,0.9009112935147213,1.2737728049894497,-0.13973713642365576
0.19334280167281503,-0.8163472462163438,-0.5475934261581652,-0.4958880592180799,0.029647588253901454,-0.000708353550838583,-0.580329516068976,-0.09016391910670654
0.9932063796233668,0.3185429176166883,-0.05325861136584554,-0.2617071120944733,-0.8110510588362735,-0.8704689920505224,-0.5014229474939992,-0.04175713043250908
2.2413923905730986,1.655286927513464,-0.6529989149911226,-0.7338532525427129,-1.7857607999089018,-1.6912418695407676,-1.2474044786636684,-0.08334031154660883
-1.0211602544023473,0.4294987845379281,0.015675904212913896,0.998682886622005,0.8919270649406772,0.9106416717411261,0.5038392557999563,0.13991413067607542
-0.026389193865121088,-0.45854446452080627,0.08706272815953986,-0.3835771406539095,-0.3455999624491218,-0.39299812477627055,0.11314329153574162,-0.06771016773373542
-0.6741356079986416,-0.3824636901720088,1.5821405108583058,1.1078139306812098,0.17990762309428546,0.15769689687535976,1.511953208563493,0.09938073534045223
0.02738451811461618,-0.21294249213131555,-0.3331000933462288,-0.4104179361852916,0.09934562348011712,0.07150934258723965,-0.2537552453683647,-0.1534426729759888
0.3153435728235348,-0.7820389917271696,-0.08588782549516753,-0.7338532525427129,-1.3049605172606724,-1.3382476146584705,-0.38780963937974555,-0.22022071277352623
-0.7779780870172506,2.381100314061267,0.7268597310851886,0.8660654305100761,1.20632236974736,1.2413562137250536,0.19983887647076934,0.06642912618271538
-1.2973048372259743,-0.4385756070036466,-0.77043485608149,-0.7674337993190022,1.444791103206353,1.4901703768829604,-0.1540674194878849,-0.02221945066641735
-0.826916065733296,-0.27935065147051197,-0.27137690903299494,1.0854011809969875,0.9783556719071674,1.000078195784664,0.5386090482302898,0.1337903803016287
0.35957326390691846,-1.164318210499754,-0.34869779127706096,-0.5544364704475007,-0.7119534164640093,-0.770425097843347,-0.9281635133004543,0.0547648397551979
0.22561636072971766,-0.06040922555808028,-0.6905911118704671,-0.7096971135687657,-0.1876357800518902,-0.22802161874515223,-0.9179167284220257,-0.06887659637648717
0.41655937752508226,-0.9763085746340813,0.20121444069674244,-0.16171271140214394,-0.5183672221960615,-0.5727485057003331,-0.9545670910208139,0.048057875059375386
-0.6731014139977198,-0.6684706783201646,-1.122679459915731,-0.9576910620322521,0.4921700384500413,0.4865523804947515,-0.9599890631016017,-0.027468379558800177
-0.7368823370849803,2.397752072596185,-1.2071467064509185,-0.7338532525427129,0.975125045625293,0.9972638576585515,-0.29220753429282403,0.06470864393465654
0.024045184814247462,-0.27557711782624167,-0.4696074501748069,-0.7393379131793646,-0.7249556824891215,-0.7849753306452106,-0.7022903767255408,0.05301519679107028
1.6128897695766562,5.022081316918392,0.6594931299203393,2.468429095592741,-0.3177194311894973,-0.3655840339605951,1.0397139295505902,0.14166377364020297
-1.2668202083395896,-1.5289314311116322,-0.3688925887081386,-0.7645722481794339,0.9465456897986462,0.9645137832469102,0.14723651094103862,-0.21497178388114338
-0.02483542384045255,-0.32662768105470347,-0.5181814042113019,-0.7420966538201932,-0.4326106485662998,-0.48504944977355735,-0.49887748758732553,-0.003556592382389394
0.04309216252323198,-0.61413840564157,-0.18197621848690612,0.5886896880280099,-0.34761209732321574,-0.39608931144582576,-0.1512022679889835,0.11571073633897663
2.1057905169886837,1.7982799800013984,-0.15865006864878942,-0.5979139259296549,-2.040339439706418,-1.8120968822156327,-0.9078407312655297,-0.1533260301117136
-0.3652281518795068,0.555642321184066,-0.48728894787251414,-0.5912153570416305,0.09934562348011712,0.07126282439351418,-0.7659856376072806,0.05972216148689283
-0.8638979662244761,-0.7361868849890935,-1.4004102713815259,-1.05484213272045,0.8018409752274035,0.8124748750801221,-1.221675241040769,-0.1592748161897475
0.5032960790082894,0.5496114135103127,-0.4813077918639188,-0.6161008600941525,-0.4562892334154295,-0.5088118266072349,-0.7659856376072806,-0.15665035174355607
-0.3198332237077378,1.8181387798191058,0.3517237623767147,0.2214274478594362,0.5860868251716805,0.585965633062533,-1.562091404904604,0.043683767649056335
-0.4601272790730513,-0.6648156737030333,-0.42093446210516106,-0.6787487953439829,0.16443229673791313,0.14203255416397323,-0.14692984148120433,-0.1849362463302859
0.3628129940319712,-0.17832918132809017,0.01019713551593101,-0.4207582330348552,-0.7513153712866298,-0.8119378424925922,0.11498642050819584,0.008399301205816015
-1.2278545114457908,-0.43579948912924793,-0.291621900478427,0.6969998177994229,1.0165718667924981,1.0414490261915763,-0.8644682524187145,0.12183448671342333
1.7160576670275853,1.891458978018139,-0.317912873865772,-0.5912153570416305,-1.532341783636584,-1.5221682225285351,-0.878582804074089,-0.04983464878356491
1.1042611495897536,0.7222168175326817,-0.2741172311422549,-0.5316407012780883,-0.944521604094124,-1.0033378341572563,-0.7203378612508377,-0.21642981968458305
-0.0005332349764530748,-0.2910866080429383,0.04238866166052733,-0.4767966900511752,-0.4368871795259526,-0.48928933293552007,-0.1205505227377823,-0.06391927464479225
-0.7219243300826278,-1.176911339616768,0.507102715514915,1.4361718081937953,0.7927000688781782,0.804136785460869,0.37555244649692887,0.13699805906919604
1.9069120795262977,2.053784291781351,0.7650517745919375,4.765940828753792,-1.6560013491291197,-1.6121661216292515,-1.0111078798262416,19.369656735081364
-0.3541305789573404,-0.9984134082480514,-0.0828089928008308,-0.6491272489021422,-0.5138438396057723,-0.5669233687702586,-0.018305942864014435,-0.056629095627593856
2.5003727420171287,1.8910816331859268,-0.24767141845357452,0.7449079082117124,-0.9814597282303384,-1.0390506413565255,-0.713054088385948,-0.05954516723447323
0.5150693904676655,0.07700904067102143,-0.3550921308182074,-0.5135331951480189,-0.39676063265773054,-0.4474978932563561,-0.13847451715240755,-0.22022071277352623
0.028946780940873943,-0.1138403888796989,-0.03882784798032517,-0.7476473954117887,-1.1290184711336237,-1.178344773895391,0.04996057484298192,-0.15373428013667673
-0.9501355067922543,-0.44087942510093775,-0.9161295339264953,-0.6838115550773954,1.0826203082845227,1.1092246496994886,-0.20030676936505354,0.003733586634809026
-1.2610563251960458,-1.578434977106293,0.01878402883262838,0.9326170875511584,0.8519915006357134,0.8694485607117737,0.03228557698054125,0.16761681094142938
-0.49291730077824514,-0.8642483305291132,-0.808343189278246,-0.7393379131793646,0.3844721504269633,0.3729113610025877,-0.4137227133533671,0.013065015776822972
2.778319558319321,0.4231889502604263,0.6441754538363073,0.3308873406903123,-2.040339439706418,-1.814512968414851,0.5610187983488182,-0.17569229933647834
-0.7898137796841671,-0.2775166953957894,2.1785383545561325,1.7283275680723325,0.19105954688472826,0.16801374950976586,1.1870431268226502,0.25772342359400174
-0.6784872203387441,-0.47234618930535205,-0.8217195384648778,-0.7096971135687657,0.701884131918017,0.7089757814029944,-0.47399554629750257,0.02035519479402139
-1.1408209525275042,-1.2822083863550506,-0.26826794422373,-0.6662518252666756,0.5765385385550311,0.5769629789121297,0.37375587508650837,0.007524479723752205
0.07724449577828617,-0.19778301442882415,-0.20009970718199152,-0.49395501288695914,-0.21677732293992732,-0.2595310594939051,-0.4316364931706786,-0.2181794626487107
-0.27041957452700494,-0.786066710632265,-0.9801046662816959,-0.8625859354412149,0.29422565357161284,0.278293993333567,-0.9765529988218078,-0.04467320203938845
0.287987839877316,-1.12936239767426,0.09721333078086176,-0.6324167791400264,-1.3166993906619848,-1.3481581076586446,-0.13290262669895053,-0.041465523271821146
0.348970393553628,-0.19282940811470575,-0.6357415673724667,-0.6687332053573974,-0.3638105110272128,-0.41311475548756604,-0.18500099400466732,0.04222573184561665
-0.7946236439589486,-1.1223276301053162,-0.46237054020073737,-0.8210777242346008,0.12573196661880895,0.10004474995155575,-0.5861705840658135,-0.21409696239907958
-0.10502153529218763,-0.5316988453038581,-0.20049160244409653,-0.625377021019326,-0.32761532588671133,-0.3744493631737735,-0.6255784966852986,-0.09162195491014623
-0.9279587318968832,-1.1543506882802579,1.0915613412442047,0.9010401605655364,0.2694431194262577,0.25285826773265924,-0.3049736824005037,0.13466520178369254
-1.0759926226344863,-0.6068653348683073,1.1515175615882722,1.2357082520100708,0.9374459895181254,0.9573114722253984,1.4855569646718383,0.13670645190850808
0.776331426313913,-0.7162799027176311,-0.380614622710774,-0.7532430827685969,-1.1255708049569109,-1.1778847757712692,-0.7094448488018528,-0.1543174944580526
-0.2059154914148896,0.4853435527150629,-0.45501519311896804,0.639931792725696,-0.12586014950699706,-0.1645135690104903,-0.7699498867938558,0.11833520078516808
-0.8042361788697455,-1.1378323863964188,-0.7051037214480521,-0.8367487724548038,0.5145603359150634,0.509352800919221,-0.883361847417592,-0.1776460673130875
-1.1867021717533193,-0.3704076707864529,-0.6948448230109049,-0.9652852440895815,0.5101098552317698,0.5074064977236539,-0.042889121689298766,-0.16452374508213038
2.1433379996189865,1.3697992761863969,-0.2830950196779845,-0.535729847012589,-1.6861008997361207,-1.6297088098037837,-0.8240002669911672,-0.13186374308508148
-0.4029020940859837,2.0934058029040568,-0.8502268079712006,-0.4473068349758397,-0.13800648101074434,-0.17579557382310904,-0.9281635133004543,0.07196966223578617
-0.044888223032516585,-0.6177251486804824,0.03949526768092096,-0.42249675876379295,-0.3617757837541741,-0.41081288997275284,-0.3773319796332483,-0.0003489136148220889
-0.818169335964921,-0.635868504020646,-0.512721269301341,1.084418579362963,2.2945895456725514,2.3920945868025214,-0.9385869755629679,-0.15023499420842149
2.4307123587774773,1.6275540955179133,-0.2737246045167109,-0.5845810954074825,-2.161784236605323,-1.8553995929517109,-0.6318759060731197,-0.10766034874798273
-0.5863344463619733,3.1184784577094815,1.4225963795078156,2.7220069943256764,0.9055637834196992,0.923600866867423,1.018207682424693,0.6385623754524469
-0.7339596501833098,-0.09048748206067074,0.6771069404770043,0.9746710502947652,0.2825393507068763,0.26642796182576617,0.8974435748949441,0.1489539526574014
-0.731807155763157,-0.9857372526556177,-0.8589534866416415,-0.7420966538201932,0.7289648408995621,0.7368133166331728,-1.0669517857479418,-0.06975141785855098
2.003860310649228,2.1223765264295267,0.5862161739129468,0.3794624536654409,-1.389201645019589,-1.4086268189219386,0.07406526289071737,-0.2199291056128383
0.38873019220404603,0.5513713095622762,1.8952669217314828,2.0239004028255283,0.2981002472651515,0.2824667748913265,2.7196090704428935,0.06088859012964457
-0.10908993137963292,0.016124846397852576,-0.5823889133021564,-0.57800991804043,0.16443229673791313,0.14116769685577135,-0.1972144565629369,-0.06158641735928875
0.11854283231350887,-0.3855493761556465,-0.10215871719733843,-0.8118428837442976,-1.2779339007142216,-1.3145385523189457,-0.4248564688206088,-0.203015890292938
0.0199629220281963,-0.03452533882536739,-0.7985967194024353,-0.7588844497111558,0.026539885147350426,-0.003824375049867363,-0.6544482392132294,-0.07266748946543035
-1.0604623485973161,-1.3187471942502818,0.12821963206733464,0.8139801028631718,0.5626345896560995,0.5619479845199634,-0.08622210580593125,0.14224698796157884
-1.168374282430571,-1.0092694317396143,-0.9778139257127209,-0.9768353226334553,0.796363350534375,0.8103715212000114,-0.9281635133004543,-0.015220878809906866
0.5807962567022519,-0.43302811617844655,-0.9244370034740312,-0.9729638076742644,-1.1463808696003186,-1.1962472204642733,-0.8068488802144457,0.027353766650531873
-0.8100879678366759,0.6873712910964592,2.0879502537399732,1.8283853755391841,1.2070115748680466,1.243238141662937,1.6800238226943114,0.011898587134071256
-0.8564119375761986,-1.124325795838369,-0.46388325018134224,-0.6467151570543942,0.7574292947610878,0.7660899742247078,-0.45716813450658,-0.1855194606516618
0.619870995836606,0.4146749226178289,-0.12265427869196764,-0.386875779913536,-0.7513153712866298,-0.8115844060186939,-0.29582758004794074,0.05068233950556678
0.46515764807002474,1.0627558749285604,0.18701893507321127,0.30949415339133834,0.6989523959460896,0.7046639292914945,0.863200166376908,-0.22022071277352623
0.7444548175305034,0.9691686443554308,-0.22780436845541233,-0.5439814508742127,-0.6939439557486533,-0.7529060874830154,-0.2453469619168968,-0.20651517622119323
-0.15220687801734775,-0.5729983659700099,-0.7373111823036805,1.1562650909562444,0.44865157987705395,0.44166262378513665,-0.6544482392132294,0.1113366289286576
-1.3003162458703625,-1.4058833471846328,-0.5003559543906535,-0.7230128167228125,1.2397139301328153,1.2787512426219174,0.041707261201451795,-0.22167874857696593
-0.609816272420298,-1.2666557391442814,-0.4378483261651183,-0.793735377614228,0.14449445674362513,0.11958530356174435,-0.28860903655673215,-0.19047678238335672
-0.41738597274969874,-0.6180354869087493,-1.0899270967684926,-0.9501794270664627,0.22129224889289495,0.2019042598248349,-0.589112418750242,-0.20009981868605864
0.6806539253046038,-0.7026758676537594,-0.08339361175012641,-0.42423966917764816,-0.7249556824891215,-0.7836593554935262,-0.5603190801193723,0.004900015277560774
-0.0933945353272795,0.15944195164491476,-0.7870928136713153,-0.8894267309725968,-0.16260876986142764,-0.20155729748454596,-0.8110913245348657,-0.2135137480777037
-0.13955420043052644,-0.8280138568668293,-0.0760987445556137,-0.5845810954074825,-0.3822527194354659,-0.43191432769587956,-0.5248276445748946,-0.04117391611113321
-0.8087087706427573,-0.09343639102547036,-0.9969973123475594,-0.9067475277076501,0.7385152242126702,0.7473005185758163,-0.8327619541880672,-0.221387141416278
0.17027377633667692,0.6457519077934379,-0.45861362217634866,-0.3436201391059814,0.03893092591342702,0.008365881098734623,-0.4049610261564671,0.05418162543382203
0.296252759154668,0.17422461988239024,0.43585316262356744,-0.14171458162419176,-0.47595447314389633,-0.5294678261979331,0.9136188469626305,-0.06391927464479225
2.367308239574468,0.4978679241233297,-0.262197877042067,0.5350855151348283,-1.1118615496631004,-1.1625647971981066,-0.8881789711891058,-0.016095700291970678
-0.5170036915237021,1.2728952096950732,0.10058141098223665,1.0546821853602664,0.45561035936942057,0.44841891603559086,0.6152688777213741,0.13699805906919604
-0.600703946779729,0.6508281461662186,-0.8122489180280814,-0.9691138611554174,0.0889531564389283,0.06235291635285049,-0.8506757340053788,-0.11961624233618814
-0.9520954128163619,-1.2360558576484342,-1.1858330805653168,-0.9614777214396685,0.8884977482758524,0.9053637769917974,-0.9993687569036761,-0.06683534625167162
1.2928244624315313,1.044363796147128,-0.2941745360341875,-0.48627644930227626,-1.0257784658360565,-1.081644319502928,-0.25885692825771894,-0.21701303400595895
-0.16032730386328603,-0.4536493334890823,-0.2664911779179086,-0.6347793920832451,-0.22600550778488615,-0.26922111649959973,-0.19413788078974678,-0.11436731344380528
0.002634452768454124,2.0368329033113897,2.4801049719026587,2.087816446896426,0.30325031642555317,0.2873767600664765,2.2764860837656467,-0.18172856756271863
-0.8553496480244946,0.29739089170114136,2.2966358986780966,2.0262195795981977,1.2854676762608832,1.3257329743771884,2.932658429354424,-0.04613123784282813
-0.9269089093613375,-0.5912122325202389,-0.614752883763528,-0.793735377614228,0.6673060000725518,0.6707164830492455,-0.5464208626350984,-0.14206999370915926
0.14844378138395461,0.8576671603231101,1.195149382477548,0.5376933054474413,-0.17506827025670044,-0.21511861467130455,2.3633680498105245,-0.16918945965313736
-1.0416480165325834,-1.7318617495435962,-0.025954264317055956,-0.5195164672669675,0.729922715360613,0.7397512540784953,-0.09267409697879468,-0.16685660236763386
-0.37421264283408756,-0.5588296343958162,-0.5400350594948725,-0.6762312566297293,0.20625470493809575,0.18596095470675086,-0.389927140089933,-0.20943124782807257
-0.40179395638311044,-0.44135648607727046,-0.712327308982642,-0.7674337993190022,0.09341619622040766,0.06565591832217266,-0.8371908812105024,0.019771980472645518
-1.2710424810791152,-0.22434497566296754,-1.3339367747256086,-1.085956360631474,1.1664860008622493,1.2011425801863704,-0.5221819255395427,-0.15140142285117322
-0.34711797516439546,-0.8122936798184418,-0.05073463685351091,-0.41729424777305657,0.0633997421052226,0.03415224632515791,-0.19875863577974123,0.03143626690016299
-0.030137562950814413,-0.03960709502629095,-0.46312617962297775,-0.6539768380165857,-0.10697631545102576,-0.14382577311900055,0.005316527481333088,-0.21934589129146242
0.6833478401355323,0.1703848022671654,-0.5203574201201489,-0.8463248648903724,-1.1016640191482323,-1.1559960530856672,-0.5547213935090258,-0.2143885695597675
0.43344916055305965,-0.21480853256960536,0.3203158526755716,0.11329798350773976,-0.0967787849361579,-0.1328945222608558,0.6936270160415784,0.045433410613183955
-0.5194478204987467,-0.9402140829793681,-0.9228412602956578,-0.9353967540362704,0.2103713464473712,0.18965079982391317,-1.0052098249005135,-0.2015578544894983
-1.1389088847640796,-0.061038060445425237,-1.284757298846445,-1.0334452652348058,1.1291638243241375,1.1591686642772594,-0.9385869755629679,-0.14877695840498179
1.7709567043660959,1.1268005456516303,1.9784014920751447,1.1650708116897328,-1.8187109215394195,-1.707387284263381,1.9696580381072182,0.0323110883822268
-0.5240375338513023,-0.6730510506787459,-0.6980083578350591,-0.8691990348327748,0.03738782524186451,0.006868362123022035,-0.8240002669911672,-0.19718374707917927
-0.7437209024478147,-0.3962642718067659,-0.9625756157883464,-0.8928563341048439,0.5913643808508492,0.5920810530384203,-0.7277104628026135,-0.19893339004330687
-1.0524104648343917,0.11579113196342791,2.369471577607981,1.4725519768465551,0.7825780522697123,0.7934602156332277,0.9032167365582324,-0.08170731144675639
-0.5969016756949852,-0.5852919805557694,0.3793287641809615,-0.17740565991113938,0.30838215521450274,0.29273861258564393,0.6800491747927191,-0.2111808907922002
-0.6819209913029229,-0.20017983783154866,-0.9157382141347644,-0.7617224972842638,0.7844236832561703,0.795918529961472,-0.19260544439329855,-0.012304807203027499
-0.8873255601388451,-1.3399231578334219,0.2923691016899133,1.2524100940863843,0.9767412586623162,0.9995450606763013,-0.7094448488018528,0.14574627388983408
-1.097715199894729,-0.36031554245844477,-1.2580985466186696,-1.000531253630541,1.15867065609134,1.1922708856682585,-0.8416524943368463,-0.15373428013667673
0.2889661675764689,0.01741374610760521,-0.05858391378996542,-0.4711706322791571,-0.48256928132275606,-0.536206595249093,0.137563571226428,-0.1712307097779529
-0.908394949482022,-0.5490696601600793,-0.42768358651475774,-0.19596712341769748,0.7917828002970808,0.8026188569313363,0.07701187717924556,0.06963680495028268
-0.5240639643223156,-0.1672782338088729,-0.7939553536400015,-0.6324167791400264,0.6060401397372103,0.6063810870520157,-0.6882305375761715,0.031727874060850925
1.7754483387880327,0.701776738756917,1.3835060279335978,1.420026124813476,-1.4141978322408664,-1.4293317743827392,1.3264879399863294,0.12203861172590487
-1.003793431894026,1.0227494697249224,-1.2507972818038253,-1.0997321711988024,0.5278303868642609,0.5249058352590628,-0.7203378612508377,-0.20184946165018625
-0.03669518192526665,1.2579493226434177,2.326794543548795,1.5451945511041323,-0.2057804842902753,-0.24768253278247673,2.830791625682157,-0.026885165237424305
-1.1387651648871788,-0.1294448792876277,-1.7369177678768968,-0.9729638076742644,1.8458318624101024,1.9168901620274277,-0.580329516068976,-0.0435067733966367
-0.01616241958873002,-0.3307077376747974,-0.6570737019103486,-0.7674337993190022,-0.20031318826667996,-0.2420126939966517,-0.7542465146847153,-0.13390499320989702
1.084022605252508,0.710534845267612,-0.010099450821371566,-0.5056352393227614,-1.2327434488868856,-1.274059563104821,-0.5603190801193723,-0.21322214091701575
-1.2961775900663395,0.25684054458495614,1.7341594010110044,1.2940061295215577,1.320931246625952,1.3600325774818278,1.184852173949406,0.0778018054495449
-0.2055289676522415,-0.7062394045775446,1.5138537339643001,0.6879843091371314,-0.4072130423482038,-0.45689587146068866,1.7027448606890772,0.0378516244352976
1.4978909459602399,1.2970130210523456,0.23774421301143228,0.24700039229444215,-0.7249556824891215,-0.785469989563013,0.21795691544963133,-0.10299463417697576
-1.1473418483846844,-0.9860710333004362,0.007759376881278768,1.3332399563122341,1.2848147859350274,1.3232537259724335,0.004212333868992872,0.17111609686968463
2.4136518934832574,1.881533947115122,2.228340112463583,1.4294006967090955,-2.0020180117833264,-1.7979119867774296,1.725861320405245,-0.03388373709393479
0.6372613369710269,0.13510452308260806,-0.40754928961155457,-0.40191766157596404,-0.30007528304859793,-0.3468159414236543,0.10008160800860467,-0.18785231793716528
2.192649759317484,1.2555216874361117,-0.7565389896007758,-0.5502354629036887,-1.389201645019589,-1.4086268189219386,-0.7351740864247526,-0.0849149902143237
-0.6755284581901788,0.7756467171091541,-1.0839249849728159,-1.041924679750473,0.23617541496236782,0.2173185163972054,-0.6287190015903296,-0.11203445615830179
-1.238285193319825,-1.6868941286350083,2.360951351021465,2.525122538016222,2.793732964164401,2.920528369238825,0.8862432474928177,-0.10766034874798273
-1.1277122453979256,-1.3232616771759604,-0.8664893816164964,-0.8273035646567765,0.8790250847050775,0.8949230263276484,-0.6711034478006265,0.050099125184190914
-1.1997724164869095,-0.6349721796547059,-1.491585392325207,-1.1090710107882773,1.1057094329800294,1.134883776987334,-0.8240002669911672,-0.1064647593891622
-0.9560447267448946,-0.6146029064730693,1.7279765758281584,1.1500336365351915,1.054572118958408,1.0795179911963786,1.8463424949732226,-0.01492927164921893
-1.1129651562752314,0.9740258806923188,1.1152730878229995,1.517593647030835,1.3518115292241444,1.396381671340755,2.124308304918267,0.13874770203332368
0.2482288182665513,0.04810270902322324,-0.1648181800646051,0.02989525652676136,-0.6610800231698567,-0.7192696366751616,-0.3449739779439825,0.07931816268512214
-0.7170479437934341,-0.2602501329413223,-1.0675832527240903,-0.691475925092492,0.9686421150052256,0.9892878893031892,0.0031061197731617625,0.036101981471169976
2.0108927417536635,0.01723396113116414,-0.7661075268351571,-0.4419148938683532,-1.2894550973289813,-1.3251951952300358,-0.9491933148849384,-0.19939996150040756
0.32271287513657104,0.09132848375415255,-0.0011496779313123744,-0.4711706322791571,-0.5343111387618539,-0.58849958120751,-0.34892527197546713,-0.21701303400595895
-1.0430222926568897,-0.8614638381996649,-0.6453694221383408,-0.5215224588432357,1.2716948507451198,1.3116749295517471,-0.16274525989493605,-0.10766034874798273
-0.41869434282245793,0.12196614323025712,2.3774347751194083,1.4101544901301193,0.035843080349776235,0.004757757472247202,2.4441608493267504,-0.0747087395902459
-0.820987832430287,-0.5384391022915123,-0.9714688220863003,-0.7819220367384917,0.9064118343032326,0.9243590659957489,-0.8644682524187145,-0.16452374508213038
-1.0289361771306473,0.0042881238508349455,1.9312204670200483,1.6017738650484052,1.1910763665392679,1.226397627249004,1.7006110103918264,0.046308232095247766
-1.085153005467074,-1.128693996229368,-0.9782710248309457,-0.8658845747008412,1.1255239957888763,1.1563626700111476,-1.0604859932616053,-0.14761052976223005
-1.3011735479106712,-1.4930181992935765,-0.533818716296505,-0.7703072488343214,0.7222419400751171,0.726769345421773,-0.5659690823159045,0.05593126839794965
1.945262244443934,-0.14626129592181047,-0.08432101061183592,-0.7532430827685969,-2.3899624299517717,-1.9135334615187962,-1.0669517857479418,-0.2135137480777037
1.8203852333164396,1.9012204947187392,0.5993737155711655,0.2275702759754262,-1.2703036570791446,-1.308025667578429,1.4145185416409896,-0.21963749845215036
0.2448094882562449,-0.060566411417996686,-0.014342855585530306,-0.4674452129455794,-0.48256928132275606,-0.5356046778138429,0.028050562570891495,-0.10911838455142242
-1.2008292046027955,-0.7232053869988413,1.44877985274052,1.8581596816410715,1.657115781863779,1.7168947715268268,1.3550735566825125,0.11308627189278522
-0.7729188102929174,-0.49142517809359815,-0.0780182350883094,0.7760180930299511,0.35872551025618604,0.34713625642626167,-1.1732857555194152,0.1320407373375011
-0.4201430467245301,0.42122813890341404,-0.2037724246640655,0.8410729238967976,0.1416236776985028,0.11707742617925482,0.28890341912393486,0.12854145140924586
1.4533890642285126,0.8601297144895229,0.2686350236732105,-0.2048027602900901,-1.389201645019589,-1.41115454025973,-0.3180152385048,0.006066443920312521
0.6832458747872528,0.22983702759561586,-0.6802592431420159,-0.8625859354412149,-0.9597982780548368,-1.0172863535679684,-0.883361847417592,-0.1312805287637056
-0.4591565058094143,0.44632860437911603,1.3890607767888317,0.7146854817540506,0.3965735808267976,0.38556792622142533,1.4603456529253334,-0.10241141985559989
0.19153983126091126,-0.0057319075061677115,-1.0196762966974193,-0.7645722481794339,0.08298098344514025,0.05549504188677749,-0.34892527197546713,-0.21847106980939862
-1.0806782090068316,-1.4755436258051435,-1.0529846338170643,-1.0505094313005308,0.42402939335459916,0.4131548246963645,-0.7465451897129602,-0.10503588430179132
-1.0756921164872246,-0.8609487158086073,-1.0833297009680443,-0.7560580097270124,1.478890675510472,1.5299173250423816,-0.3105285070990528,-0.06537731044823193
2.1388479484743668,0.3063036103157862,0.4500426507417851,0.9581080578105643,-2.059886831720193,-1.8218540569685517,-0.42936802583848316,0.14924555981808932
-0.6278296904968956,2.479195021684678,-0.7977223483604122,1.2670589328944146,1.0134253806000986,1.0378737915995158,-0.2176031485479598,0.1136694862141611
-0.14114488241275905,-0.5883800034390935,0.042886638579763124,-0.49202735860281593,-0.2845698631169069,-0.3290250316297731,-0.0672692735491857,-0.21788785548802275
0.8570673097295312,0.5140504227587942,-0.04312468076100512,-0.5650520956681703,-1.5414884571574021,-1.5278584965002384,-0.6318759060731197,0.055348054076573776
-0.26380087976431,-0.33927208573919415,-0.9102995841803085,-0.8928563341048439,0.12136745872411633,0.09582249148057269,-0.6193460101997537,-0.18901874657991705
-0.7217140510481285,-0.5711020329588304,1.4608802651554684,0.730290271521684,0.43110707841650386,0.42208794755803686,1.126636741871775,0.008982515527191889
0.4171700865161303,0.24316040166865252,-0.09032770603765054,-0.4087094962229989,-0.5161037667104236,-0.5704830908080603,-0.3449739779439825,0.019771980472645518
1.6394561196355515,0.16300648501198658,0.36844201962502937,-0.20353358892732976,-1.7642028867772868,-1.6774404338064532,-0.4595435632393891,0.03901805307804935
2.147552495209225,0.6404557072110774,-0.26075163542422625,-0.0608345382562736,-1.160422073249924,-1.2094959557437241,-0.7779572334551065,0.05884734000482902
-0.9332832811633549,-1.002735857335387,-0.7795107144517006,-0.8758760298938162,0.47628850152465707,0.47050531195040085,-0.45716813450658,-0.025718736594672557
-1.1098048821632793,-0.9412961322265284,-1.4332835642333104,-0.9173522925272165,1.5458653070936503,1.6008445081533547,-0.9179167284220257,-0.034466951415310663
-0.48598359648666745,0.2527771129163496,0.4559802106172069,1.6999459029271478,0.8235468271450886,0.8368937965763702,1.0077914041581713,0.14545466672914617
-0.22659043591536127,-0.7998461985518582,-0.17005217504281514,-0.8495466125101107,-0.9814597282303384,-1.0403324781760785,-0.06478653562572857,-0.21176410511357607
-0.3894293739138316,-0.5893816113494393,-0.29376171648357624,-0.6491272489021422,-0.13452570396273814,-0.17398668197273254,0.07603126733781705,-0.003264985221701457
-0.9269109635214999,-0.13625923373391519,2.017810767422947,1.4421744422470837,0.8449324827009853,0.8590703897872525,2.262408661408938,0.031727874060850925
0.15814463556919936,0.12868292761315914,-0.6334186564171456,-0.6812755389734592,-0.19849532853750815,-0.24089669039832737,-0.7659856376072806,0.03639358863185792
-0.07886631913441518,0.26419091720325305,2.1827513537138112,1.366976662790783,-0.25593674783918574,-0.30069202514771703,2.457562708059487,-0.007639092632020509
-0.8642042023132763,0.4109183017965558,-1.020183894397792,-0.9173522925272165,0.6693042677136101,0.6725528524344863,-0.9078407312655297,0.0008175150279296583
-0.7842211687664881,-0.894619024839907,1.2833927536732384,2.492913697378601,-0.04193956246540366,-0.07624161688950044,0.26425340672312614,1.3066343805885097
1.0078320485667296,0.33537645050386317,-0.08918837047327635,-0.38193370679309535,-0.9144428707145543,-0.974438235219665,-0.2503778855526047,-0.2181794626487107
0.9825066569686152,-0.02096952503857769,-0.4427297147620865,-0.8367487724548038,-1.5692799077727972,-1.5515047965339386,-0.92301841131138,-0.13752092200242744
-0.7744241238511944,-1.0937048649478545,1.4384439910253468,0.31848860070055135,-0.3256307356465249,-0.37214362390996325,1.9390610372317874,-0.1823117818840945
2.062298210338496,-0.4278938140984218,-0.1522280457700162,0.7190370713163374,-0.6965030789975718,-0.7568666073504735,-0.9935835851515914,-0.21847106980939862
-1.283153633662433,-0.05852418283071855,-0.6043885148004677,-0.6613156356166757,1.5393053730771633,1.5934883758773137,-0.38359675937136867,-0.060886560173637715
-1.1511915726255812,-1.3029771122420664,-0.9782710248309457,-0.9846440341100666,0.8729646395649934,0.8911840005268223,-0.8196665865358523,-0.1729803527420805
-1.239876443216599,-0.13799616059932468,-1.4598438721469988,-0.9501794270664627,1.7985019916722085,1.8674750503949555,-0.7699498867938558,-0.0802492756433167
-1.1379312763647431,0.35349887967801,-1.441942382257577,-0.6001612892526592,2.0697541370816444,2.1550271776939267,-0.49381849710536796,0.06467948321858775
-0.2561571075417669,0.034195490004259546,-1.0687286206576645,-0.7997186497331767,0.33879745841508124,0.3252147634009072,-0.1972144565629369,-0.02134462918435354
-0.11121144642072561,-0.6529934903284252,-0.7988886019530669,-0.6564144546984446,0.29938948073745214,0.2833283014465608,-0.9821767215584614,0.0346439456677303
-0.04773521227120464,-0.1585047444242295,0.49117552844130474,1.1727281045793239,-0.011281640987427712,-0.043434592152299674,0.8491591674741956,0.14195538080089093
1.2488495331397966,0.6238442282511398,-0.2999154165460931,-0.3267453833779593,-0.8110510588362735,-0.8721205240648785,-0.22240751159220534,-0.22080392709490212
-0.7343783017547811,0.0675169276970464,2.385346832064682,1.5769618458064236,0.5212105445673225,0.5170735721886424,1.3531776842241852,-0.07587516823299766
0.7799874706335046,1.0698323802288492,1.4887765273852671,0.9367690991282169,-0.6387567651766829,-0.6975505956630029,1.9222594070484231,-0.0006405207755100258
2.0172786337244935,1.3181062400397379,-0.721123456952545,-0.7789999875105901,-1.6362766510619156,-1.5967620986373854,-1.0604859932616053,-0.19727122922738563
0.7272095490717135,1.8321216761480257,2.2214237383314472,1.35935649251246,-0.6711128863535497,-0.7301091863663441,2.637759056273635,-0.13740427913815226
-1.1389055887309039,-0.16291904194181964,-0.9280508886795467,-0.9729638076742644,0.8660072515555723,0.8828992669182825,-0.8371908812105024,-0.1998082115253707
-0.13659635134266676,-0.22712977795625106,-0.485551846439391,-0.7703072488343214,-0.2540478316839353,-0.2995770466317018,-0.9281635133004543,0.006941265402376331
-1.106775222823103,-1.9929073279916156,-0.8748756990392995,-0.7878034646876617,1.2295734625075823,1.2660805216154911,-0.7351740864247526,-0.11218025973864576
1.6313752294493713,1.2467014440906894,-0.046133534152807534,2.718467041714108,-1.1639537265044952,-1.2125034193080877,-0.6479125449132416,0.8415209592912506
0.48616124102781255,0.052506833242929214,-0.497323481579213,-0.7967205382507511,-0.7727537352443203,-0.832456221388296,-1.0052098249005135,-0.1933928539902361
-0.6574560890389549,-0.9647914841569301,-0.27735139946047066,-0.48818810643494326,0.5189971961312055,0.5153706335139884,0.20620257559628027,-0.015512485970594802
-0.4752698250529664,1.5644035703021604,-1.0507852712654786,-0.42249675876379295,0.7489484863728888,0.7578895184339666,-0.674490268057444,0.06339641171156084
0.10350498668335074,-0.2999173285493344,-0.5452644248017778,-0.7044418516438574,-0.16083755040584666,-0.2011624497844635,-0.19413788078974678,-0.21088928363151227
-1.1946947106034165,-1.2113200735178704,-1.2365830505106588,-0.6324167791400264,1.686616656230072,1.74810906649223,-0.580329516068976,-0.1919348181867964
-0.8056708304433606,1.1804959674630524,2.347269072385589,1.716925423609124,0.9823838571718798,1.004250512192826,2.4289151530555753,-0.12340713542513132
0.6977176931799168,-0.5132190379741689,1.910533550908252,1.0988203135627042,-0.9055396107319573,-0.9640408076078959,2.0481860996918853,0.002275550831369342
-0.12848674334176416,-0.4291561347045638,0.24007350186133186,1.6818762478194684,0.5945217170041992,0.5951204670264802,0.7322900779292059,0.14574627388983408
-0.35663574024580974,-0.5799128785238737,0.10605164131438288,-0.6687332053573974,-0.8475421591509754,-0.9083298714493502,-0.5603190801193723,-0.17589642434895988
-0.028804399863468645,0.8042073899021417,1.1265955574974897,0.46212953035653076,-0.11724608409223819,-0.15533280448215875,1.489074263041307,-0.14236160086984717
1.3058065982884568,2.265041974245512,-0.6684983935205685,-0.6115090583977062,-0.9354322768656759,-0.9952633219314815,-0.4764381590535411,-0.22197035573765386
0.9021335354844214,0.5396545361552101,-0.31113315393197283,-0.42423966917764816,-1.2476509627004542,-1.2891263526490677,-0.7984522753101707,0.06380466173652394
-1.2710414799193976,-0.05476065912166667,-0.9530163243991088,-0.8725294683282323,1.3881416672142872,1.4316421211703538,-0.4137227133533671,0.00023430070655378467
-0.9999945848650016,0.312060098100672,-0.7589097367265234,1.1342961329090269,1.7223059428931966,1.7864469736262982,0.16697503386877385,0.11571073633897663
0.09890676851001794,0.35787658044137066,-0.31312037560012995,-0.3918534505060185,-0.07994069851069842,-0.11627007218713624,-0.2726757204203661,0.056222875558637586
-0.7962068466562718,-0.940105917758909,-0.015287414725666337,-0.5419092945606825,0.22807627130527722,0.20978709293601294,0.2592004568971939,-0.1426532080305351
0.7191285196383376,0.12602308984880478,0.17720796298297833,-0.41213061020386443,-1.041940761926627,-1.0969642980760905,-0.0939727995935801,-0.21409696239907958
2.1206386567533237,2.3579212863291015,0.14063057531922685,-0.11331849107471767,-1.7220255719302868,-1.651245719518123,-0.6677354957211072,0.05389001827313409
-1.101985230295843,-1.122751277725697,1.4871395351714187,1.2837657954694492,0.9743162629298057,0.9948537207741651,0.5893822267829932,0.09967234250114014
-0.7726485633594213,-1.3969703053534692,-1.3836718171036626,-1.0126910444121557,0.7751719419404983,0.786422111210921,-0.48880149043082954,-0.06450248896616811
-1.0211733957455744,-0.04227829773290321,-0.7856778276439538,-0.7997186497331767,0.9382755992369369,0.9591065854725462,-0.5143135389604322,-0.06975141785855098
-0.5538618742523876,0.27956751631301496,1.8251584367694584,1.2325411355006974,0.5797282932941017,0.579998327119965,2.040772907227224,0.0019839436706814055
2.4941647781011502,-0.24499621940670735,-0.3756210781983011,0.06085017715449053,-1.5052429956927798,-1.5023561291935557,-1.114258825439034,0.014114801555299556
-0.053438848997740186,-0.0543221498309586,0.6614267942494889,1.1973781717398349,-0.011281640987427712,-0.04317326689539912,1.0625961248911318,0.1489539526574014
-0.9838584458864535,-0.7769939191331343,-0.7469376672570781,-0.04251366405593045,1.5904432456102247,1.6475456990127693,-0.39632451020794435,-0.18464463916959797
-0.3040241522451165,-0.4814092513702689,0.10982772395080305,-0.42423966917764816,-0.1590684922924221,-0.1986592764810677,0.28613661413574937,-0.21555499820251925
-0.7768372489617137,-0.12870370162265127,1.817764979532567,1.744934402747045,1.1291638243241375,1.1590010271967288,1.8587081640288823,0.0346439456677303
0.10697479677952507,-0.37666133360684567,-0.3098424420087203,-0.7819220367384917,-0.7972570161972371,-0.8571089723050532,-0.5355278501861138,-0.18697749645510148
2.2897375797556685,2.0825431703796067,-0.2620453944404357,-0.5758333379331445,-1.9403175110777504,-1.7710273787869084,-1.0230794756740673,-0.07295909662611828
-0.9392740991730194,0.06477511928647027,-1.4965717330988806,-1.07692272071696,0.8668787532013301,0.8826601483389955,-1.0170640446029964,-0.16802303101038563
-1.2433321086356286,-0.9594738994244205,-0.6235058341643815,-0.6762312566297293,1.3580336114963099,1.4037930715415967,-0.4454290115840144,0.011898587134071256
2.165583041831881,-0.21601915127624818,0.3614540554317661,1.16349404018174,-1.6962745761824234,-1.6372622774153438,-0.6350493823088942,0.1448714524077703
-1.1997717173782618,-0.40751765462610995,-0.7146856234061147,-0.776090241684289,1.133519590076681,1.162877951198036,0.21406414066828824,-0.021927843505729412
-0.505581747610211,-0.8830914544871069,-0.12416311410288146,-0.5255519956990554,0.14305977781005216,0.11776444133785355,0.30052308625793,-0.06479409612685606
-0.048561654403558745,0.4132672095471811,-0.5519775389600103,-0.5036747738582249,0.17007881972429525,0.1469064953586524,-0.5248276445748946,-0.22371999870178147
0.3805357946716424,-0.412783059444505,-0.19697830031806396,-0.5912153570416305,-0.7727537352443203,-0.8335770467511969,-0.11111483321553813,0.002275550831369342
-0.9944893230632963,-1.0014996956437672,0.26849353594906744,1.293860902324894,1.0750930694427825,1.102286875577472,0.4460263979692348,0.14545466672914617
0.07796767415057254,2.100883682737706,-0.7677247905462733,-0.8495466125101107,-0.2521613734554105,-0.29542455349783386,-0.8371908812105024,-0.13594624333471259
0.35627181947403846,0.47836859256131825,-0.7781222686815771,-0.7674337993190022,-0.32960263660785966,-0.3777350352164024,-0.37319123855013747,-0.0061810568285808245
-0.007231681831375115,-0.1622829097415626,1.0369260552148398,1.1883005819392864,-0.22415516555021683,-0.2680230646862414,0.5214740858928766,0.14020573783676332
-1.2071630034335823,-1.3734860790320325,-1.0704528496516708,-0.9464540077328848,1.1777790896636864,1.2116171410159506,-0.8930347871322027,-0.21147249795288814
0.7705588574820419,1.1009390385084783,-0.5649378032273241,-0.452741177104,-0.47595447314389633,-0.5297215744516915,-0.14692984148120433,0.05768091136207727
-0.8787455639185207,-0.11706648450534837,2.3904985006400596,1.3893456299212361,0.39898179225108876,0.3893016293382508,1.815380311853869,-0.07908284700056496
0.28983287086792714,-0.21930967993528674,-0.10446472847564112,-0.3968672351065108,-0.3884526274336754,-0.43819176914298597,-0.5065462479419436,0.04135091036355284
-1.0332554028863126,0.5382643736122735,0.9197299914796784,1.0980494672889338,0.5212105445673225,0.515193843901622,0.8769224418534667,0.17753145440481916
-0.9397468185489934,-0.27450057641011344,-0.8317368679475815,-0.9317499718913053,0.5442489422350791,0.5427732480772082,-0.8461472796124858,-0.1925180325081723
2.1433069241256346,1.8416526768972339,-0.1952976604687078,0.9785786214634502,-1.7749417725034082,-1.6825578604128686,-0.92301841131138,0.14370502376501856
-0.08769735835581544,-1.620257610137188,-0.7249879765780027,-0.8149074724152487,-0.04847730948204273,-0.08334942671643608,-1.1889891276285558,-0.1867733714426199
2.437612887624968,1.4246822217789734,-0.593936221986183,-0.3985466128777738,-1.389201645019589,-1.41115454025973,-0.8644682524187145,-0.006910074730300651
-0.030173967636174533,0.431549427078457,2.4958974231519226,1.5671538507954355,-0.21677732293992732,-0.25907171345822433,2.1919974488600076,-0.11815820653274846
-0.5124016877249024,-0.3622077713307914,-0.7007400299828228,-0.6001612892526592,0.515670824628158,0.5124152866893371,-0.7351740864247526,0.05243198246969441
-0.12103724798601515,-0.40522572458401246,1.7948334771586056,1.3728315152032373,-0.23902445429835184,-0.2831416985942422,1.9677716443543554,0.10433805707214712
0.8565729823077332,0.03689176043230547,0.11777591350985853,0.7679823790834797,-1.0681811695866597,-1.122747556636652,-0.18651425095171775,0.1358316304264443
-0.1316078907299777,-0.09291353020391407,2.0845899711592657,1.3656688205897227,-0.20031318826667996,-0.24281183533900785,2.023400814425153,0.016272694544390277
-0.043543460341888544,-1.322029207488628,0.017119259937554563,-0.6371501100610071,-0.9085012929551686,-0.967475345358734,-0.3332727255281911,-0.04117391611113321
2.1156424558831115,2.1320821783892017,-0.6881489690404866,-0.6637793231201189,-1.6216572705980095,-1.5859359814115153,-1.0604859932616053,-0.09803731244528084
-0.44668598901174467,-1.701047540707261,-0.44344909072467936,-0.5671949302929337,0.21447633157056445,0.19294666109689979,-0.232132319166201,0.03551876714979411
0.12927406220334597,-0.33520768985466926,-0.27106492217982736,-0.4824689266523631,-0.22046155095590417,-0.2639014166822535,0.30119969050839934,0.028228588132595683
-0.0999265256480338,0.06069599578494112,-0.5284390489797718,-0.6687332053573974,-0.012879154035093647,-0.04534052313534706,-0.5274849931818358,-0.027468379558800177
1.1889713086835692,-0.7919790261590004,-0.338047575551981,0.5420178728315814,0.0633997421052226,0.034482014735418204,-1.1072697784108716,-0.06158641735928875
-0.5686734676932521,-1.102181390524684,-0.4772388921133951,0.5866719826157241,0.2455675816468622,0.22713930981508348,-0.8979299218509426,0.1162939506603525
-0.7911602787408336,-0.3284809796182191,-1.4137805189366315,-0.9614777214396685,0.9424165416240202,0.9625996156619108,-0.8461472796124858,-0.18172856756271863
-0.2374209319009415,-0.47210303856084646,-0.6607768660356849,-0.6662518252666756,0.12573196661880895,0.09993036138913991,-0.07352109591084789,0.03756001727460966
0.06108120072605252,-0.009535524464126822,-0.11361376657963998,-0.8027298249234409,-1.2143220708668514,-1.258994597545601,-0.3199014984896289,-0.22022071277352623
0.27960274832682647,0.3583622628582699,-0.12992728857799765,1.3767073728828374,1.3023404345504286,1.342748470925073,-0.15550510348219107,-0.22197035573765386
-0.9498685414718451,-0.7390507963665985,-0.9045534411230788,-0.8149074724152487,0.8816146827929591,0.8971918419920548,-0.5950393861719555,-0.09366320503496178
-0.9628934232522356,0.30097946892071986,2.2484903090935937,1.7731601209924064,1.2945774015750053,1.3357752895729058,1.237807192858694,-0.03563338005806241
1.4182203011758294,-0.98129339722123,-0.6540137242067157,-0.7789999875105901,-1.2476509627004542,-1.2891263526490677,-1.3120740279669028,-0.07322154307073743
2.244808252226471,0.17772969694894747,0.26005585344952625,-0.12680308696760711,-1.7272311177172728,-1.656022684482744,-0.6544482392132294,-0.11439647415987407
0.0714280087564773,-0.5528558617667374,-0.4316253025034833,-0.3802941719486614,-0.0017333543707794832,-0.032956329807763675,-0.8644682524187145,-0.04000748746838146
1.0289183969058477,2.2291378749938877,1.1202201160305199,0.9732866152151533,-1.5187290738178467,-1.5132360766686412,-0.6511715600009012,0.13058270153406143
1.1915714344259416,0.916512367051571,-0.171386641984348,-0.3561567842768148,-0.9324151208462645,-0.992420336399708,-0.47399554629750257,-0.07033463217992686
2.184688672083693,1.4709363522837553,-0.19491082192045683,-0.5502354629036887,-1.8869467133002669,-1.7438861643878962,-0.9545670910208139,-0.08847259757471652
-0.03227424572766906,0.3577624239594451,2.0001394238170036,1.4817982306607713,0.13008337442008036,0.10527002625466525,2.806858364081216,-0.029801236844303674
0.2784179341433002,3.7924729490235984,-0.7919415804372635,-0.9209236886556585,-0.4368871795259526,-0.4897464028830995,-1.5923249963541155,-0.22395328443033183
-0.39637117256544624,-0.46539028681564165,-0.8242004347779526,-0.8691990348327748,0.18967023873426467,0.16843764486507112,-0.6778961690924191,-0.17385517422414434
0.20195645924146016,-0.07167076928551161,1.0687447839468551,0.33555276676627577,-0.4671814179656584,-0.5197005475534378,1.636247373726484,-0.08229052576813227
2.828501155554643,1.8903644359818557,1.1739515778344383,0.23433220480573574,-2.829161394616634,-1.9637733075226007,1.3942379157607536,-0.16131606631456308
2.3486798927130548,0.46569210174138925,0.18160373284108025,0.6274730563710377,-1.4353623386934342,-1.448415001793262,-0.04169554610970043,0.055348054076573776
-0.16048766015081942,0.09390289668453046,-0.9300728107210207,-0.9209236886556585,-0.035431165702533095,-0.0698230502943573,-0.8416524943368463,-0.049047309449707505
0.3125281605579485,0.5672103897758817,-0.1137715455970146,0.9826921074944402,-0.4219741889391759,-0.4742112646120105,-0.33714803261048876,0.14253859512226683
0.6614785980135371,0.6749752899310681,-0.5141509315382262,-0.39519192855807994,-0.23343058390838092,-0.27780173820343484,-0.1972144565629369,-0.1105764203548621
0.5724496589842157,0.07119349420187056,0.24094079041012761,-0.3721543415307441,-1.1152767289669696,-1.1679021434193504,0.5997877476042244,0.00023430070655378467
-1.1578421624657425,-1.5097607376064892,-0.7078844849080264,0.7986878585088351,1.068284976317297,1.0958791031209059,-0.4407964537839204,0.12766662992718206
-0.04688427937966067,0.2751671542801624,-0.0299862194921883,-0.33283408895699235,-0.06164192156817854,-0.09671506498961949,0.17785296866977518,0.02706215948984394
0.8252924530555663,3.9904463860504378,-0.5069125338954408,1.1543126818649578,-0.3740272054882285,-0.4238082678590716,-0.3294221020979303,0.11950162942791984
-1.231427359514665,-1.5415777336917809,-1.0716064814345803,1.963678179135827,3.867637126795588,4.055085567796727,-1.221675241040769,-0.07441713242955797
-0.8252484444182449,-1.1805453356016775,-0.8407128086662511,-0.9032484639649535,0.26680961653304525,0.2492787185967803,-0.7699498867938558,0.017147516026454087
-0.457150025180753,-0.5026591502487042,-0.521376962282366,-0.7257070252533939,0.17007881972429525,0.1471810776846388,1.0100984335603795,-0.03271730845118304
-1.2165615988482885,-0.21847775786815218,1.1418313124025774,1.2089706920510732,1.1593828855058426,1.1918547630157137,0.7776123532450782,0.13670645190850808
-0.6305890595747553,1.2808736059009285,-1.1380685772851957,-0.8399260820186822,0.7733144875620497,0.7836908703269448,-0.46192836252399894,-0.22284517721971767
0.07781857273326716,2.6325417838192737,-0.6182682637776568,-0.7176557076262194,-0.3577148764937122,-0.40729362967722255,-0.7203378612508377,0.06147180445102045
0.16256717603996432,-0.6304979750036784,-0.9656657824171729,-0.9032484639649535,-0.2021333303062176,-0.24445530717467315,-1.1969964742898067,-0.1437029938090117
-0.2681322883095663,-0.647566035096188,-0.9495961269746412,-0.9965250765398892,-0.218618266608333,-0.2614579533039732,-0.7620472143315833,-0.18114535324134273
1.337025845208667,0.5665698798972412,0.7917500673527302,0.06085017715449053,-1.348475850609721,-1.3756560282515058,0.5057707137837361,-0.05283820253865068
0.04540124847629332,-0.09696931469783535,-1.3143807109083494,-0.8928563341048439,0.28644526131578146,0.26915868753581235,-0.8416524943368463,-0.18849385369067875
-1.0326712235170565,-0.19709885798968846,-0.9778139257127209,-0.9768353226334553,0.7461104894912667,0.7544613201850761,-0.9078407312655297,-0.21147249795288814
-0.6107478345528405,-1.2861534425688925,-0.7301175280810629,-0.8431180674293769,0.3096622815175989,0.29544559901082584,-0.8068488802144457,-0.1933928539902361
-0.5025354217149639,0.055143577275107346,-1.5119151869038365,-1.0592021699767995,0.457922549562991,0.45117855026003667,-1.0867747365558071,-0.14297397590729186
-0.13342417553306754,1.1505498332828485,-0.5639632400416337,0.5805832770366909,-0.03705552771455249,-0.07186531040980526,-0.7779572334551065,0.1075457358397144
-0.15088958863878232,0.31031028598961113,-0.5290332269194673,-0.6637793231201189,0.03738782524186451,0.006722457168419947,-0.39632451020794435,0.003733586634809026
-0.6247031234953678,-1.0058867099215538,-0.8420116989572222,-0.7070644870981482,0.6940529558518883,0.7003609027454474,-0.8153637510426445,-0.18668588929441354
-1.1319469879839494,-1.0858284893745758,-0.07034777331006582,0.6652779178774294,0.7649263661243259,0.7757450635244918,0.13844935282766477,0.12358412967755095
-0.3571920169842503,-0.901469493130923,-0.49404135734195703,-0.7674337993190022,-0.009685886347436128,-0.04215343036114001,-0.5409498222669016,-0.22065812351455816
-0.44909710736626135,1.0198295202409946,1.0865367763156615,0.6186549266848688,0.5615595114132396,0.5602126991607227,1.0310817155161474,0.0046084081168728365
-0.9033041938986796,-0.44669322360237335,0.28576369638959137,2.8118954350346526,2.0540893488314684,2.137244615726004,0.6713138632506789,0.13903930919401158
-0.815569250949626,-1.0141869477216057,1.3170045914586368,1.4137050063591436,0.45907726323937836,0.45187025240911305,-0.1273816218003985,0.1918202052785281
-0.8247569504700443,0.3800687548551878,0.43540068973838103,0.4924275820728349,-0.5003577614807053,-0.5549896871581025,-0.7984522753101707,0.13903930919401158
-0.6630429136284484,-0.8262484221593038,0.6414332564965262,1.8828746797857467,1.1959447810968027,1.230144785792165,0.9136188469626305,0.14574627388983408
-1.021160315243758,0.442229726530555,0.023960825347765523,0.9284399792184286,0.827133082391452,0.8423790626404636,0.4821756864948365,0.13962252351538745
-1.033521216669597,-0.9718904500021929,-0.8970181918804931,-0.9353967540362704,0.8387275202428396,0.8542062002574046,-0.8506757340053788,-0.1129092776403656
0.4449679212293553,-1.1092491563949223,-0.20867800066045075,-0.8179857118602876,-1.4396325713656826,-1.4493478850616301,0.04378117690497373,-0.13098892160301767
2.2556134151225455,2.0631445686827057,-0.0030592347569701472,-0.4637397691467628,-2.040339439706418,-1.814512968414851,-0.8552383657357993,-0.21701303400595895
2.4393386520771054,0.9498963555908471,0.07251005064166745,-0.4312556036798758,-2.241341215074174,-1.8804742607377811,-0.8930347871322027,-0.19899171147544448
-0.6638033062810423,-0.8406803176857331,1.1155355010847248,0.5034554269300388,0.5134489959265203,0.5089486040885486,0.4507970606148192,0.0043168009561848995
-0.7162485933180005,-1.8724417613982818,-0.6414116359913035,-0.8997670278221604,-0.16438215594685018,-0.20476703581321617,-0.5688140091410778,0.005191622438248711
2.534766861436302,3.759786774752803,1.1533889592634534,0.5025431315991552,-2.226547791364076,-1.8747585069834887,1.4946409358879953,-0.019886593380913854
-0.5468635515258051,0.10546581781841982,1.2966136997722117,1.140126390429814,0.8816146827929591,0.8979410687260999,1.2212073481464847,-0.19689213991849133
0.01710211145189359,-0.3736077531625632,-0.41844672310609327,-0.7284117786583229,-0.4562892334154295,-0.5100154370028307,-0.5221819255395427,-0.11145124183692591
1.8644085753581612,-1.0434905556938434,-0.7487365336469877,-0.8658845747008412,-1.6071838431245191,-1.5780126285778198,-1.2301305653695658,-0.12224070678237957
-0.3938030024902978,-0.624699905401744,-0.5962159082523795,-0.9729638076742644,-0.5458079709726962,-0.6012372870416814,-0.7503835888595926,-0.1782292816344634
-0.26392385672017377,0.44481000417414407,0.32949704936452306,0.27293452795123824,0.6522305476517057,0.6556192115844366,1.3738269878223255,-0.0825821329288202
0.34891653772973885,0.13315281531418732,-0.17566255675882145,-0.2534800671586412,-0.009685886347436128,-0.041443521502545475,-0.5575137579871077,-0.01405445016715512
-0.7797051354188119,-0.6156429860024597,-0.6755133001950083,-0.7674337993190022,0.5123368033563909,0.5080094463826073,0.3567252887567251,-0.021927843505729412
0.19088113420565783,-1.7860749443683541,-0.42826081857943865,-0.6812755389734592,-0.5274565494245095,-0.5811716042136702,-0.8196665865358523,0.03551876714979411
2.1508723867531945,0.4377274575219255,0.29729012099774305,1.1390369572886123,-1.6861008997361207,-1.6297088098037837,-0.5920686389915416,0.1428302022829547
-0.9515138593793803,0.16441916096243117,1.9842547592571094,1.9961820228772456,1.6940221360346364,1.7566830631874824,2.0684430154182376,0.03843483875667347
-0.12456220121827116,0.035707138836821674,-0.3252557494170633,-0.4419148938683532,0.1081945397265843,0.08131079849315166,-0.2049751001664119,0.04135091036355284
-0.43376550715665696,-0.09087181834897028,-0.4076590009160252,1.0599996587498677,0.6369966812720596,0.6397146560037568,-0.2832511358908407,0.11308627189278522
1.779686322899978,0.776378626203592,1.8062753495151713,1.3249586874979469,-1.5976145480240946,-1.568971268489235,1.7182536260575416,0.07196966223578617
-0.23225651152782734,-0.3155521548177498,-0.5482167917976792,-0.7176557076262194,0.12282375512388212,0.09837455719787258,-0.6040402348393675,-0.21934589129146242
0.6225115582038643,1.8182177286328662,2.326485828961787,1.4887347993122593,-0.7972570161972371,-0.8561155907044712,2.6808013643765958,-0.05517105982415418
-1.2267135598529897,-1.7098913664467257,-0.906459659019351,-0.8725294683282323,1.2841616014481676,1.323106322420794,-0.8506757340053788,-0.18143696040203067
2.394884215106523,0.031257083706121624,-0.49213915664337665,-0.41729424777305657,-1.7482422527923829,-1.6690604847146047,-0.9821767215584614,-0.18347821052684624
-0.07517603758326011,-0.7568725469288697,0.1560031458140497,-0.580193375189494,-0.8878954625910568,-0.9475673691497671,0.23554772535380888,-0.21759624832733482
0.38339810597749235,-0.7688959173952506,2.066208982036284,1.3671073109833982,-0.6486358013196393,-0.7075151229547825,0.7837312904492509,0.03639358863185792
-0.7724589146141374,-0.963145006825473,-0.14346375262257371,0.8573795205593718,0.46483707591729917,0.4579629916037276,-0.13290262669895053,0.13233234449818906
-0.46978393275595337,-0.4468129040563661,-0.8068510892429179,-0.7149926460926062,0.5034084121246194,0.49928472946646085,-0.260567101490655,-0.004139806703765268
-1.0732343966254116,-1.0952038070260461,-0.5468155836567774,-0.7731926960859541,0.7686604131186081,0.7798147270390601,-0.5832429956100075,-0.10620231294454305
1.1377173412529715,1.2438913034623518,-0.1731525464367157,-0.19848008477873724,-0.5048391960973199,-0.5587133935012559,-1.2651865204471857,-0.03487520144027379
-1.095851951563902,-1.401995837451303,-1.2489926144707006,-0.9032484639649535,1.220044601340179,1.2573168560517791,-1.0230794756740673,-0.0601283815558491
-0.16981434755654748,0.43584897354937496,2.2478918323152706,1.7859619568553695,0.4498136985317157,0.4417764341348087,2.7631439074476147,-0.028634808201551926
0.25281038627529717,-0.737140960177959,-0.004897826562035314,-0.49782652784615006,-0.6685981538165747,-0.7266975968337774,-0.5631374807237611,-0.055754274145530046
-1.254713783256229,-1.6977650757859999,-0.8565851919888359,-0.8463248648903724,1.3753147026336512,1.4195745602699934,-0.92301841131138,-0.19222642534748435
0.6873376575931223,0.392479094848939,-0.3455855439956929,-0.45638795924896525,-0.4892144095839165,-0.5433289979172681,-0.008068797943085477,-0.21934589129146242
0.7911540534467649,1.5741835050514823,-0.4659091430718089,-0.30437891294127317,-0.24463999241337603,-0.2895049004283555,0.016248938140419184,-0.21963749845215036
0.17485223496937397,-0.7143025809389153,1.3537242195325687,2.0695288307966724,0.76679459182624,0.7766339449444987,0.2882129041034714,0.11658555782104046
2.3631067653515703,0.9266341365189491,0.09089553294117281,-0.48627644930227626,-2.3334193268733543,-1.9011792161985817,-0.2436792482118687,-0.21689639114168377
-0.4891156909705744,-0.7175900289142214,1.2881130509552947,0.9043656628059742,0.46253589615785545,0.456709687308848,1.202770531283951,0.04864108938075126
-0.24737891040829033,-0.9129693798748051,1.1991517080492937,3.033360338153873,-0.10016999804753904,-0.13696864027774794,0.7673787092676126,1.9222170968007435
-0.054117253334877685,-0.5624330594528821,1.1632186716911164,0.8379896903334879,-0.08833529604824396,-0.12434528440516265,1.3833852238396582,0.07313609087853792
0.3671925813175592,3.1365491898632976,0.4073413528055401,0.8051989985307784,0.3211328349803221,0.3071721848555821,1.0484211231859917,-0.014637664488530992
2.0934451946141857,1.7135848537510372,0.8430309722279392,0.33555276676627577,-1.641182723236576,-1.6009021215786292,1.1365671997663178,-0.21847106980939862
-0.8269222870668159,-1.2556467210622153,-1.0394330602732156,-0.9691138611554174,0.629832388112224,0.6317359397511609,-0.9765529988218078,-0.12407783189471357
-0.44202612456131346,-1.002511030555119,-0.40394560628748133,-0.6300622160009718,-0.05340004067737117,-0.0881267227565904,-0.731430756602847,0.03668519579254585
-1.1385668390540868,0.06820528580586871,-0.5605708592681236,0.8695631319484373,1.1629387934550295,1.1968083863806602,0.2287251921145861,0.1256253798023665
0.1634930999791319,-0.86429994032419,-0.22829445205254073,-0.5017198542722824,-0.23715743157532895,-0.2818550724199932,0.08673147294903594,-0.2181794626487107
-1.271037722178028,0.47814309353631207,-0.6453694221383408,-0.7448664515672833,1.0758475544684296,1.1036716856678133,-0.08879464515460875,0.062055018772396324
-0.1049635555568346,-1.202585608243414,-0.2227289860919576,-0.6637793231201189,-0.6436878683799692,-0.7019030781789652,0.2570219109912169,0.02239644491883695
2.293736207746739,0.024409856612628185,-0.8609946815552978,-0.7476473954117887,-1.7642028867772868,-1.6774404338064532,-1.1357242460492978,-0.028051593880176053
0.07776174594950519,2.0253748183796083,-0.5386621910521091,-0.7997186497331767,-0.4177413598181648,-0.46991701546204717,-0.4788906810162427,-0.1528594586546129
-1.0505861900958107,-0.8168483900116157,1.8343235450765112,1.3854129948024165,0.8996134961991173,0.9160826060033848,0.2902820875314487,0.06292984025446013
-1.1389099794405997,-0.14626129592181047,-0.42093446210516106,0.2991568894447013,2.024204685584512,2.1038326350031684,-0.39847209980101145,-0.05954516723447323
-0.007844130469063425,-0.5909505886388609,0.06872925605560061,-0.6115090583977062,-0.9174228161503197,-0.97660638477517,-0.31613484559005245,-0.014346057327843055
-0.07503091422902668,1.2381293575202286,2.1106848428349343,2.096509185572695,0.6070827452794931,0.6081018157312025,2.1626719249258617,-0.1330301717278332
0.5154942023251298,1.3055644950959266,-0.23664759999048612,-0.6092245485063877,-0.6913893419703488,-0.7495865770876369,-0.7779572334551065,-0.18289499620547037
-0.38481945824002506,-0.6734180400396057,-0.5424874177101752,-0.7476473954117887,0.09044236349752018,0.06280336973281203,-0.42037833105036587,-0.1951424969543637
-0.9451006960411953,-1.1963663375189515,-0.6274795453931807,-0.8527834503376818,0.438150377828341,0.4302038986346905,-0.3199014984896289,-0.18464463916959797
2.1624674400807153,2.922183986558572,0.09265702899112002,0.980638425112951,-1.7642028867772868,-1.6774404338064532,-0.5603190801193723,0.13699805906919604
-1.2710544081482604,-0.4682175773954484,-1.2808383151490539,-0.8758760298938162,1.548045372081997,1.6039829860782813,-0.7427310077568168,0.001109122188617595
-1.2041350928916468,-1.8901257463812442,-0.07167123766071773,-0.7504395754235496,0.16725830727032215,0.1449062304726644,-0.09657860463963376,-0.17706285299171162
-1.0559245401551274,0.6269332951726811,-1.5482796210324943,-0.9067475277076501,1.6459599573969361,1.7069341494038546,-0.46192836252399894,-0.019886593380913854
-0.6221068984353317,-1.2336559661265474,-0.0848589108078268,0.32854276299513285,0.2694431194262577,0.2513864436186777,0.06513825488883217,0.08917448471637442
0.17446412117036758,-0.45928403076818886,1.940607373502696,1.947906275476999,-0.0967787849361579,-0.13355550348805545,2.494080489642476,0.10842055732177824
1.4554205621921408,1.0694095993621338,1.163699131882028,0.5931080115590399,-1.4830412915969293,-1.486594711502594,1.3531776842241852,0.04251733900630459
-1.032837317261678,-1.3322596477182198,-0.5029935501980495,-0.776090241684289,0.6663058324274594,0.671102851757005,-0.607070546120001,-0.1073687415872948
-1.1548952378112074,-0.32662768105470347,-0.9483210600710916,-0.9317499718913053,0.995996566990617,1.0187083035189983,-0.48382577646042874,-0.01580409313128274
-0.5748669718958495,0.24862553250986438,0.6677162608019174,1.1571507294380656,0.35996196486764903,0.3476843655907541,-0.10314268470484278,0.14253859512226683
2.3444838179318634,2.298114279536777,-0.3526942043991574,-0.6161008600941525,-1.9585535118270165,-1.7775736645588855,-0.8110913245348657,-0.12486517122857099
1.9879455183689716,-0.5288846645526537,1.0196447913865956,0.7035144820917806,-1.952449321991716,-1.7775736645588855,0.012989923052759868,0.07896823409229665
1.42839529702619,1.678793689873752,-0.5731529122413027,-0.5956738474276069,-1.094905298542966,-1.1474094065244052,-0.8196665865358523,-0.07004302501923892
-1.0290147085852506,-0.7936432860495024,2.316897715815033,2.4022398025659397,1.579826259719441,1.6355562820310026,1.4255685446708206,-0.06450248896616811
1.6435759753413828,1.2497869840069544,-0.07888502213267269,-0.37539877759705814,-1.4184060875732998,-1.4337898968185914,-0.06478653562572857,-0.006764271149956699
0.3226763726265407,-0.7631155114091641,-0.09481745524404277,-0.5419092945606825,-0.631391416849841,-0.6891195538590262,-0.5774300101046254,-0.1665649952069459
-0.40281491998138663,1.344489207333774,-1.3938891947018677,-1.0592021699767995,0.20625470493809575,0.18454839030014578,-0.7984522753101707,0.0016923365099934687
2.15566924417653,1.850383213473216,-0.1272523829143993,-0.5296051663372268,-1.952449321991716,-1.775379111892368,-0.6287190015903296,-0.15577553026149227
2.277527961109266,0.8308228823998816,-0.4079883156143125,-0.1725389946377906,-1.2476509627004542,-1.287898952905103,-0.8110913245348657,-0.13708351126139554
-0.3273215516530602,0.8541675074033227,1.950411194767884,0.8474755731578463,-0.32761532588671133,-0.3755226022350341,1.059710459103398,-0.023385879309169095
-0.6295520105613106,-0.9469887679275838,-0.42791437932447707,-0.6443114551082808,0.5034084121246194,0.49806736166981386,-0.5745443443168912,-0.19776696140055514
-1.324841598452753,-1.3087371564405061,-0.7223271107838021,0.49612311822062677,1.4026634207949757,1.4523834172534478,-0.27618034376963374,0.10346323559008334
0.4859793500207893,0.2029802074101933,2.1309795852965134,1.8930800569342545,-0.02089323162398208,-0.054207646519208896,2.751782137267943,0.0034419794741210896
-0.6556206272186265,0.6691725970762592,0.21784798754994325,0.2019595798475984,0.6277789275081982,0.629524426618718,0.36651571867376337,0.04980751802350297
-0.20804260185567974,-0.26560703224703397,1.9011634043543253,1.1163165294160446,-0.1189648074044629,-0.15635272589679589,2.0737994192053195,0.02064680195470933
-0.8247612627047837,-0.7529647954525743,-0.9415885533824148,-0.9427485639340681,0.6164326067783991,0.6183344578836026,-0.8371908812105024,-0.2103060693101364
0.9943193924233543,0.6234319076547171,-0.05271641645690687,-0.38193370679309535,-0.8996343359923704,-0.9593355804546467,-0.2726757204203661,-0.01930337905953798
0.8671400188351901,0.11801729663562009,0.12925201608848522,-0.6564144546984446,-1.7482422527923829,-1.6674062774240936,-0.4226132535021461,-0.2205123199342142
-0.800220903745746,-0.1010739498320763,2.205460830020306,1.3354316366040626,0.49667584765304507,0.4918571886682627,2.274731307412637,-0.02017820054160179
0.7013068263415249,-0.22017671954564547,-0.41934956512813787,-0.9067475277076501,-1.6709730100090678,-1.6208370216979355,-0.7581342826472411,-0.18376981768753417
-0.054797709939533555,-0.5237310123823282,0.7065723782545287,0.7818318127918547,0.5453369294861878,0.5427578218493954,-0.7094448488018528,0.0626382330937722
-1.1208533310184872,-1.6464641151740813,-0.45687240477019675,-0.7878034646876617,0.6512199216476827,0.6551517152901976,-0.49381849710536796,-0.12836445715682623
-1.069380179458767,-1.3397155589935383,-0.7095155754528978,-0.7703072488343214,0.9415892988374893,0.9628057152012347,-0.057398918218840925,-0.0061810568285808245
0.5955986214387963,0.1737893530008086,-0.46489491319606646,-0.6787487953439829,-0.6585826186865259,-0.7165036557640685,-0.13429079225650975,-0.21088928363151227
-1.0986013773800085,-0.395877613706282,-0.2029168170665881,0.5467438469483279,0.27338442573429,0.2577058494113516,0.16188766161949628,0.13087430869474934
-0.3997565437577062,0.09270201262637182,1.8711450461442651,1.8200929171903633,0.8519915006357134,0.866618238033704,1.6996081694076095,0.06438787605789982
2.204671720228483,1.9089092324848247,-0.03182466594574231,0.4736475238613858,-1.3088629232349176,-1.3417577069902549,-0.17898556293359605,0.06088859012964457
-1.0873264054848517,-1.0713971733142447,-0.5077573383000513,-0.7789999875105901,0.6318829442448367,0.6351890376088706,-0.580329516068976,-0.20184946165018625
1.4023321698622166,0.5612224351168049,-0.045822751447387004,-0.15458828116018777,-1.0982807201936606,-1.1503928815436466,-0.4071395720624444,0.008107694045128079
-1.1981095217408,-0.4393696573313155,-0.6404282821489442,-0.830437645369898,0.9424165416240202,0.9624449681828471,-0.32369176692211693,-0.05779552427034561
-0.7434250918314977,1.63571404058401,2.493480516713085,1.6907657070047082,0.7658607799137227,0.7767511902816929,2.080179341970791,-0.14119517222709546
-1.0539907296937523,-0.328851893662315,-1.4070394968698783,-1.05484213272045,1.0445870949716713,1.0694659317969326,-0.6544482392132294,-0.05808713143103354
0.34642945719927865,0.598708174412465,-0.487959079019118,-0.4824689266523631,-0.1590684922924221,-0.1985167310142122,-0.44775867086268584,-0.07004302501923892
-1.1894141395639608,-0.49224554276411886,-0.5491536667624748,-0.8495466125101107,0.7798051927491118,0.7893501349315101,-0.5603190801193723,-0.03213409412980717
0.3842210852852915,0.3712331175862087,1.7604200984353238,1.3880794815040527,-0.3536653125643918,-0.40252961694576406,2.3768095765743924,0.08042626989573631
-0.697029386251977,-0.6432821469063126,1.6604569018958357,1.2051831303016185,0.33628708039549976,0.32136572843615546,0.9319984558993777,0.10025555682251601
1.4315049641878788,0.7805142677123887,2.1060502684544233,1.2363399372576935,-1.8242761604045594,-1.7129239839708668,1.861376565220805,0.0031503723134331525
-0.33470668716469093,-1.0289724880978026,-0.7565389896007758,-0.8527834503376818,0.035843080349776235,0.006117400877778181,-1.362906126244295,-0.04175713043250908
0.9973878440681955,0.7424599111299933,1.6717486319444572,0.8007662468808096,-1.0097943684816346,-1.067602475389618,1.5890517813275664,-0.16773142384969764
-0.5976309207018795,-0.5092007455395792,0.9681889369483864,0.30828599991442424,0.32620187141757206,0.31194639809758273,2.1293910481050973,-0.20126624732881038
0.9229719762053196,-0.20223708158821074,0.09578337947563953,-0.4637397691467628,-1.174600601363143,-1.2211551130898841,-0.5774300101046254,-0.20272428313225008
-0.23439430776610962,-1.1069697313591598,-0.336942831038591,-0.548144497275837,0.17850758151366689,0.15611946838764038,-0.6479125449132416,-0.18289499620547037
1.727722281671318,1.1026276500791914,-0.023512495602909765,-0.5275756094811561,-1.7749417725034082,-1.6860078692632858,-0.5464208626350984,-0.21263892659563988
-0.7247157806347319,-0.06013890151824874,1.2059353536443627,1.0978566212955567,1.2138856652437564,1.2487802449628465,1.987789869287277,-0.01930337905953798
0.7145519991903446,-0.36979884669718405,-0.8565851919888359,-0.36251143698738925,0.16443229673791313,0.14081533086783626,-0.7542465146847153,-0.007055878310644636
0.4226563578727597,-0.0634613542152988,-0.19853595698107268,-0.4674452129455794,-0.5879682489613316,-0.6440289845277267,0.1966317292424948,0.02881180245397156
1.1806208667525224,0.4900515360393578,-0.15426024707294997,-0.40360937261118623,-0.953668277614942,-1.0115862722601074,-0.260567101490655,-0.08958070478533067
-0.6996399435883658,-0.6794853874424539,-1.2409709445739823,-1.0086139611245322,0.49555070755461506,0.4898078513178904,-0.6577427750761677,-0.21934589129146242
0.09228272719617003,-0.33368151335786445,-0.9173057970665757,-0.9427485639340681,-0.3926006787444191,-0.44261431941433116,-0.8240002669911672,-0.11815820653274846
-0.10292139969157937,-0.3251465658691,-0.4034024167279758,-0.6395289888740595,-0.3355809664984644,-0.382256185091778,-0.7542465146847153,0.046308232095247766
0.6297442529658464,0.2316495704260892,0.6452639363786038,0.01711432343332135,-0.9294042309913196,-0.98987957106719,0.4700236022639145,0.008399301205816015
2.0090891711679073,-0.5316988453038581,-0.30167913320967,-0.08071510476516763,-0.7700565382913337,-0.8311527245080671,-1.1889891276285558,-0.04388586270553101
-1.1310421401455661,-0.7604024343672171,0.34176752336387867,1.3303527869145892,1.3183811264537988,1.36131566900683,1.0270243456911847,0.1474959168539617
-0.7161498593289296,-0.5375950362981178,-0.747194153076163,-0.5671949302929337,0.9580451275511903,0.9785605970293054,-0.43849341924749036,-0.01755373609541036
-0.5983963402632272,-0.5220585514432343,0.43192356459556924,-0.04958084805669324,0.40618251704163955,0.3969551518780786,1.1485054973940538,-0.2088480335066967
-0.32144025237073076,-0.28421527758627846,-1.1148795415070405,-0.8758760298938162,0.4728625615040411,0.4659575784626655,-0.92301841131138,-0.040590701789757336
0.7897784326263707,0.9446617795436588,-0.23230765858672395,-0.5715006365132252,-0.8277790476302087,-0.8879601844417072,0.033339711222673436,-0.03825784450425384
0.5096543474059437,-0.40736190315039367,0.6863957871113023,1.0636571636209287,-0.7042076654786809,-0.7619531369300869,0.14373695943393677,0.14603788105052207
-0.5718615094899193,-0.9235340046281528,-0.4652749478962138,-0.5867854469185966,0.47856797203209933,0.47296892663038625,-0.214421321020428,-0.1543174944580526
-0.871085583912985,-1.2675158725811795,-1.0710292493698994,-0.9652852440895815,0.6663058324274594,0.6704144761650793,-0.8240002669911672,-0.17502160286689608
-0.4018238802176036,-0.4776234289177616,-0.3119959497241583,-0.5889968523665655,0.25888028257771195,0.2415437051113,-0.42037833105036587,-0.2222619628983418
0.6526681022952422,1.6041993365163003,1.7645938567369692,0.8587439111561381,-0.7754559595943503,-0.8350766018431877,2.043620335331812,-0.1551923159401164
-1.2879588583317179,-0.8630617584039347,-0.11981376849266151,0.8382705534191593,1.1861915481471839,1.2223563390828747,0.46437119884150024,0.13320716598025284
-0.46677836251330285,-0.29486012560304853,1.2839509845763923,0.7273292707931504,0.4932978043132597,0.4876762428574613,0.5367798612532625,-0.03942427314700559
0.29325344090620653,0.0030492033406736923,1.9041874367285943,1.4299973155951395,0.04355039751412787,0.013561556515815455,2.6962464017197565,-0.15081820852979735
-1.2832435637549648,-0.5191358893523571,-0.8996394021604193,-0.9245136375744899,1.233638165013445,1.2707165205381192,-0.9333527797951323,-0.212055712274264
0.11031685860557096,0.14801014288575967,-0.6206914611070627,-0.6515477894250961,-0.14849923811071022,-0.18728164894183372,-0.12600921295971507,0.008982515527191889
0.08469710702083748,0.119987296905178,-0.9778139257127209,-0.8658845747008412,-0.04520475065661166,-0.07907414598837186,-0.8461472796124858,-0.15081820852979735
-1.2710396627664864,-0.16526484273474062,-1.1148795415070405,-0.8149074724152487,1.6515486001630524,1.713822847514517,-0.5328349912361456,-0.013179628685091309
-0.6865600292937611,-1.084763846698969,1.7959605495999893,1.0961185813924015,0.47171878002927964,0.4644464103504942,0.30255063148328626,-0.009680342756836066
-0.5617252205416671,-0.9321216485971783,-0.6376876916416847,-0.6838115550773954,0.4910413946063022,0.4862366302798151,-0.6479125449132416,-0.1169917778899967
1.2198077654397903,0.5876374838415254,-0.18883524734191096,-0.580193375189494,-1.2514019167827428,-1.2909748601431321,0.5566028120611282,-0.21847106980939862
-0.8265655665775951,0.15085772316290677,2.208098610140388,1.4766890903549132,0.6663058324274594,0.6712499373592994,2.675870272715974,-0.016970521774034488
-1.2710445703739308,0.3692518319057304,-1.3749409491269067,0.7803066221202761,3.066063804720356,3.206768927890565,0.2400536779011041,0.05202373244473131
1.4706195932694415,1.277020215814761,-0.41934956512813787,-0.5823837529750057,-1.1710429481813094,-1.220127063097201,-0.8552383657357993,-0.14994338704773355
0.0851599941490524,0.5193356125096152,-0.8525576200288891,-0.7338532525427129,0.004597410903610788,-0.026535872258371757,0.09057597452014776,-0.21147249795288814
-0.38981687406925575,-0.12495708889528784,-0.7446366706776518,-0.5889968523665655,0.6308580287238448,0.6332979505912564,-0.05010048951970575,-0.15781678038630784
-0.7320657526450753,0.2883655333657783,2.1966281163510466,1.6675631487887306,0.9936035932246455,1.0158711448614992,2.365440131099969,-0.1298224929602659
0.27004645181296716,0.06034587866333879,-0.2725490332292936,-0.45456216264457205,-0.16260876986142764,-0.20213234914366668,0.10944008954463547,-0.10911838455142242
-1.1133959584411812,-1.1468382568758724,1.4166930151164476,1.0405783567980036,0.6091657096379088,0.6088035277391284,0.2400536779011041,0.11921002226723187
2.165956761363321,-0.15223838916576096,-0.2531503432746328,-0.5956738474276069,-1.8811361125595425,-1.741875931990763,-0.7427310077568168,-0.18805644294964685
-1.0949885641097052,0.14261060933594383,1.3732253526010647,2.032432780382702,2.0609874250212816,2.1458436600653616,0.5649657927914914,0.12504216548099062
-0.3923217748999084,-0.4614403439689871,-0.07753749764572496,-0.49977044927641695,0.007752456640822514,-0.022959850647282995,0.07603126733781705,-0.1974753542398672
-0.45005643378107957,-0.5019985974251286,-0.8355590465698147,0.9089439441922686,0.45213514489494044,0.4446639066337435,-0.08366046708040334,0.12824984424855795
-0.4661351028541561,-0.9245514107148423,-0.2311770709203152,-0.7907630564179646,-0.5411982915911637,-0.5976843937689571,-0.16420375477530733,-0.17939571027721513
1.3913077836018326,0.849762118509699,0.12968139040238516,-0.1665034662057027,-1.1221313183043127,-1.1751363305361147,-0.3294221020979303,-0.22342839154109354
-0.8584157990559886,-0.33927208573919415,-0.7994730072257699,-0.8463248648903724,0.6999303001612865,0.7058413531320302,-0.6544482392132294,-0.10211981269491195
0.0880541905421918,1.0319106867399603,-0.6445747237944259,-0.7284117786583229,-0.3039776890228431,-0.35045430807875705,-0.28860903655673215,0.047183053577311576
0.3288803169005202,-0.30674588341330694,-0.36769935458230585,-0.6069475658441686,-0.5003577614807053,-0.5538165204341193,-0.5832429956100075,-0.020761414862977664
0.3232678459642802,0.1696212019330267,0.5643063482819435,-0.09791197627782573,-0.7301894172132756,-0.7907864951499349,0.2400536779011041,0.03668519579254585
-0.8241837304449547,-0.4949967925690677,0.15177540575829435,1.1181918727996973,0.6643034247278188,0.6675780138900691,0.5376951465676746,0.13962252351538745
-0.6437900267416721,-0.4766072403579745,-0.7343187805413307,-0.776090241684289,0.5112237568955286,0.5059996881410007,0.05607744828943819,-0.13594624333471259
-1.0497573330150705,-1.5636708349221211,-0.3087271862666576,-0.7096971135687657,0.5366100833057728,0.5351074805328582,-0.4137227133533671,-0.16364892360006655
-0.2540823243492871,0.110113273214754,-1.2897106848489523,-0.9281223330478493,0.40498487720148396,0.3947591288309468,-0.8416524943368463,-0.1473189226015421
-0.02449750407412036,0.5473656365076767,1.0646470885497865,0.3550367794267563,-0.13452570396273814,-0.172818799419837,1.583969161467088,-0.1298224929602659
-1.0535839307572195,-1.3734860790320325,-1.283773945004086,-0.9427485639340681,1.2919804587506052,1.331786109310705,-0.8738412438092906,-0.18476128203387315
-0.81283786269439,-0.8329673247361337,-0.5407998064955456,0.7266695441437319,2.0008818012026914,2.08126008871007,-1.10036060795476,-0.14615249395879035
-1.2455186587098919,-1.5405592590574186,-0.7726162155756738,-0.6443114551082808,1.6202819403075557,1.68095932968214,-0.4524450961503504,-0.09803731244528084
-1.166953234060492,-0.41806561855323876,-0.1513024693557159,0.7322572470795559,0.9662035224301418,0.9857238458531214,-0.664386202751597,0.12183448671342333
0.13853495385626377,0.3750298361908472,-1.0336128853306739,-0.7284117786583229,-0.032187891544371995,-0.06670416847908531,-0.47156276299563665,0.04426698197043221
-0.8281239966998032,0.8481653458530789,2.0104097294636305,1.8194143393542397,1.2517896005954783,1.2893956591774767,1.4364201937839685,0.032602695542914735
1.1781038319250277,0.6948267956880407,-0.22217667769966382,-0.4509249773390904,-1.0097943684816346,-1.067602475389618,-0.47156276299563665,-0.2199291056128383
-0.9771775594082437,-0.3648606070649722,-0.9200639469421934,-1.000531253630541,0.428751687250038,0.4208739626596038,-0.6010250373935246,-0.1496517798870456
-1.1389063651643532,-0.30528281023784176,-1.5758583578673455,-1.162820349864701,1.054572118958408,1.0798988537335437,-0.7659856376072806,-0.20768160486394496
-0.8579544910300183,-1.1581199967721025,-0.7709790809924153,-0.896303042560362,0.4921700384500413,0.48721282629044754,-1.1072697784108716,-0.11357997410994786
-1.0591495088707554,0.2877443000090923,0.8393108368944022,0.5381269820307242,1.1255239957888763,1.1553846769084402,0.40871045583091714,0.026770552329156
-0.4719221140922418,-0.6259915254550501,0.14621438047235774,0.2054764506071294,0.30067756873339363,0.28446053795510845,0.26712195699100016,0.07371930519991379
0.15112689303176607,1.1863348838698553,1.8632614139215218,1.526260117015177,0.39053549236470736,0.37938647848940815,2.1354409717143024,-0.04846409512833163
-1.285110494347761,-0.29970599292192557,2.488370649084065,1.615952859160982,1.302985481477226,1.3420124463081642,1.8021421644895927,-0.14294481519122307
0.4384838207729545,-0.6436424592850504,0.42728966964102805,0.9977917664304647,-0.7171403377182124,-0.7761790216684811,-0.0672692735491857,0.1451630595684582
-1.2742398901982939,-1.774814824555929,-0.5101606924189914,-0.7907630564179646,0.9710766125446715,0.9929825563538689,-0.4159331210615381,-0.13477981469196085
0.2055091599753016,-0.7333280231200152,-0.9833339186360464,-0.6115090583977062,0.4932978043132597,0.4876049844921479,-0.5464208626350984,-0.038841058825629715
-1.2808018959492675,-1.4030028157169876,-1.0362479188365141,-0.7731926960859541,1.5469557493745147,1.6022521188850867,-0.6577427750761677,-0.2079732120246329
0.13630060841873415,-0.5691218714604934,-0.12040165074163085,-0.469305412218942,-0.5297378133791962,-0.5856494452804825,-0.3199014984896289,0.050099125184190914
0.4766232347399837,0.5588639609021567,-0.4543980351527291,-0.6787487953439829,-0.5003577614807053,-0.55562288412438,-0.6318759060731197,-0.21934589129146242
-0.908594729577204,-0.33806288893248426,1.6427769405645096,1.044964750810858,1.021278828537919,1.0447791663631334,2.3135167853925696,-0.03679980870081415
-1.1242400895864617,-1.5686038553459052,-0.30556992233293967,-0.7044418516438574,0.7807300686618577,0.7901864674015543,-0.4006273457011522,-0.11115963467623798
-1.2966057236637403,-1.291182240366047,0.711968273639562,1.3473631862633506,1.5659069073909644,1.62121896370842,0.8797857428708521,0.15309477433917013
1.049936110610977,0.25097507586045703,1.444017669117849,1.1671675929072554,-1.1889191665874814,-1.236380563734245,1.755674416934796,0.11337787905347313
0.22062148404543255,0.14944698690385047,2.4271219396731563,3.132316188855868,-0.3355809664984644,-0.3842764164302104,0.9310449133756804,1.6087393990612118
-1.2869201536050239,-1.3043305770424358,-0.9889312068508346,-0.9729638076742644,1.2152565806594458,1.249563842873685,-0.7465451897129602,-0.1414867793877834
0.41009431046750894,0.04309686421844879,-0.27419580276615996,1.5891950711308858,0.18967023873426467,0.1671096966561236,-0.19875863577974123,0.12329252251686298
-1.0002285647762752,-1.531889005396548,-0.2683453743712514,-0.4190240699848529,1.109399287209278,1.1380596896367863,-0.0024555186671916325,0.024437695043652508
0.19871103059278936,0.45234299659948435,-0.632262243454414,-0.57800991804043,-0.02895185684347612,-0.061736282411746474,-0.1656657768535032,-0.17968731743790306
-0.8863284265106396,0.01843215127376925,-0.8981394636825444,-0.9209236886556585,0.5234205189953692,0.518987893037458,-0.5519418675336507,-0.1665649952069459
-0.6409298903251032,-0.4420484739031852,0.7659729937365467,0.8022469922786709,1.7505221836226768,1.8165662456426055,1.9168182485314533,-0.010555164238899876
2.2714293390030442,1.244453721344056,-1.0851182190986484,-0.6966331401672462,-0.8589575169028132,-0.9189359834647695,-0.6987446431906337,-0.20622356906050532
1.771646066638499,-0.9835138025482816,-0.35326839621729766,-0.5544364704475007,-1.3809644470408549,-1.401966679011384,-1.2651865204471857,-0.21564248035072567
-0.7985164388360174,0.7084035568732558,-0.5281422908849771,1.6773882663103068,2.0405817300066635,2.1226650948796957,0.9402784148012908,0.13933091635469955
-0.7456887305690237,-0.9144591949244046,-0.2807716819570493,-0.7230128167228125,0.12427859011206308,0.09979958975094244,-0.32369176692211693,-0.18172856756271863
-0.5491097455295736,-0.5968915754078569,-0.47166263791708973,-0.7703072488343214,0.10230126761102175,0.0756412265240486,-0.8327619541880672,-0.143236422351911
0.6771878773036635,-0.20429693882483368,-0.048003321689856784,-0.548144497275837,-1.217987668127068,-1.2618460507222407,-0.47399554629750257,0.005191622438248711
1.0218125482212348,1.6674619969528783,-0.5835798620219372,-0.5650520956681703,-0.6939439557486533,-0.751997909051946,-0.020604598997229478,-0.22401160586246943
-0.051876370674331485,-0.008439167664139161,-0.6727351383791131,-0.793735377614228,-0.12586014950699706,-0.16461138885664012,-0.6101161235168381,-0.1767712458310237
-0.38123157647447703,-0.3703696125828179,0.5682605234247194,1.1247157854307563,0.16443229673791313,0.14144642350346168,0.26064847156477494,0.1542028815497843
-0.21263739432599485,0.11905888069285676,1.5311942163299863,3.4289900903856263,0.02809456941865972,-0.0020498294542484357,0.2728185441089328,2.7900400070080424
0.79447689904029,1.138618882660633,-0.24855480695747723,-0.27423428798129146,-0.40511652290248695,-0.4564763551956709,0.13132649181751563,-0.22109553425559006
-0.6661422289881871,-1.0826957071432697,-0.04365401184960551,-0.47491624368604,0.10082419876795631,0.07389586826697372,0.7229378011588818,0.008690908366503951
-1.1558951134153321,0.612383995195377,0.5104386006231297,0.1530207414717508,1.1071865018230962,1.136609740183253,0.16697503386877385,0.05797251852276521
-0.060680824877865476,-1.1350854574325648,-0.22864488000110703,-0.4767966900511752,-0.20943683665477703,-0.2520419051395683,-0.543679153470188,0.03814323159598554
0.04313729240925643,-0.9140866128111607,0.5698236956727099,1.143925938126245,-0.1732817722560641,-0.2130776038245256,0.5162848193981983,0.14866234549671345
-0.050345848078688776,-0.3232231365371515,-0.0058203034789898,-0.3968672351065108,-0.18044101122028178,-0.22104312782042204,-0.02638977074931424,-0.21409696239907958
-1.0265962592063325,-1.2615704364514078,-1.3122657158402617,-0.701829131659185,1.6342045297887486,1.6931673460764771,-0.7820010333799621,-0.010846771399587814
-0.23142880147583406,-0.6699349901986046,0.22352128809840052,-0.5607862573524375,-0.8475421591509754,-0.9076482662994529,0.38150274881207547,-0.2135137480777037
-0.4831466350168534,-0.9531375389333404,-0.5594464333921519,1.4890633817478571,0.8703595302493363,0.8861810097006022,-0.18048381855718812,0.11075341460728173
-0.4087491803279594,-0.09343639102547036,-0.5524501299139689,-0.5419092945606825,0.5256271296863061,0.5227393031178954,-0.38780963937974555,-0.22080392709490212
-1.0490137338396321,0.2977564083462109,-0.3041276065793252,-0.42949493110255643,1.0126376908528958,1.0371999682671873,0.34236782078245925,0.05913894716551695
-1.1755958429207811,-1.7186088645241013,-0.6804763124578738,-1.132985632803891,-0.2942412995457323,-0.34098280539592346,-0.8506757340053788,0.00014681855834741334
-0.7601396231418746,0.1437557046488162,2.353654534255268,1.3751596373808301,0.42992986118246457,0.421269636230626,1.524865364602009,-0.07558356107230972
0.5978061565892436,-0.29980801357889897,0.00043468060469631305,-0.4138475393175386,-0.7171403377182124,-0.7774694976741333,-0.5920686389915416,-0.007347485471332572
-0.0048565536416193735,1.5026785343355105,1.8652953417696236,1.378765642796898,0.08597014521351591,0.05843877388119522,2.205651143435542,-0.22401160586246943
0.7415863924632629,0.04073581431208458,0.1992239845197518,-0.5607862573524375,-1.6168167220474163,-1.5846039856606575,-0.6162536973976368,-0.1257399927106348
-0.8269160084341661,-0.9768616876316654,-0.7279110838294248,-0.859302966735967,0.4899118714139402,0.483371091982257,-0.20967976075562964,-0.05517105982415418
-1.1369631321388765,-0.21740382321069224,-0.8955280386717177,1.098627682589253,2.9907457335484513,3.1271554611254806,-0.7659856376072806,-0.0642692032376178
0.03642143838908892,0.4268125397000687,2.4066770690754264,1.2802195985266633,-0.5435012991351393,-0.6001171074595059,2.2755577190373377,-0.09074713342808241
1.0435722324989036,1.1295598866184484,1.6238982127546437,0.8139801028631718,-1.0648750268902725,-1.1195761232536254,1.9740935265618431,-0.025718736594672557
2.2926616330965417,0.21552846357215436,-0.4327920667157744,-0.09900112325312455,-1.1290184711336237,-1.180190311888001,-0.883361847417592,0.009565729848567761
1.2146707792144118,-0.47226513500571776,-0.2999154165460931,-0.4155687447223375,-0.8418680112263953,-0.9020149138717618,-0.5920686389915416,-0.054004631181402425
-1.17895150180007,-0.8927796023661843,-1.0502373162306273,-0.9846440341100666,0.9506631107544885,0.9722437450331483,-0.8196665865358523,-0.09278838355289798
-0.43215152059499834,-0.8206671771197508,0.9084487707183353,0.40830546150303715,0.27207184715294735,0.2540404108530447,1.5431676696144427,0.018022337508517897
2.0072598916799107,1.365760467072566,-0.7325835021899783,-0.8792388764946373,-1.7912007422920426,-1.694771372795449,-1.1810864551662834,-0.15096401211014132
-0.6542557459987038,-0.18127306005640403,1.463177206989489,1.1424809535688685,0.8244442229917927,0.8377682633957226,1.1091226017433913,-0.026885165237424305
1.7100235222323978,1.6437891702453071,0.09278255360679401,-0.08497437009885993,-1.2364559808620994,-1.2782188572833826,0.742804183543668,-0.016970521774034488
-0.25726511311335754,0.6219673221649233,0.5248434923979689,0.4698294831396672,0.6999303001612865,0.7063314390598597,1.3845131081867577,-0.20826481918532083
1.0834057965228705,0.18805406591486415,2.190751363428363,1.2112660418668613,-1.3049605172606724,-1.336852537005258,2.063881760683449,-0.014346057327843055
1.8022631273454686,-0.670576042713626,-0.37460960717448566,-0.618408253265421,-1.5786633900076452,-1.556414458555842,-1.4184079977383763,-0.13069731444232974
-0.6843992357764408,-0.65190654493046,1.4975019023376586,0.6529046737892066,0.21993162660244386,0.19983239692275823,0.3628628626375235,-0.04321516623594877
-0.0293208451085342,-0.164929520484203,-0.05844647760661757,0.9656222452000568,-0.06164192156817854,-0.0965785268941575,-0.1972144565629369,0.12999948721268556
-0.4284304020019941,-0.4525279428247271,-0.9224433178682387,-0.9614777214396685,0.004597410903610788,-0.02733256727214777,-0.6511715600009012,-0.09016391910670654
2.384006566310901,1.7031303173583687,-0.6437816022339752,-0.7997186497331767,-2.086366891071079,-1.8318663499503578,-0.7022903767255408,-0.1551631552240476
-0.1757627267320232,-1.2127270832778856,-0.12061564064788098,-0.5215224588432357,-0.184033932375407,-0.2245355441838819,-0.10977881977745386,-0.16918945965313736
0.7826852851297238,0.43941438667551486,2.023233493959981,1.7969898017125736,-0.2521613734554105,-0.2962514577372117,1.2392418063337534,0.03143626690016299
-1.2440611194287898,0.10160170124599059,-0.7658386178876938,0.9653886593898955,1.5071737212566199,1.5611010823019806,-0.1569462146167937,0.1113366289286576
1.9909503054107165,3.3385396455045098,0.7088429637035218,1.7090853925023417,-0.4177413598181648,-0.46890507121671937,0.7359249640813796,-0.04175713043250908
-0.9825911152197956,-1.0320030777002718,-0.7189659715244011,-0.7532430827685969,0.9349543081071852,0.9542914264187237,-0.12191058143220145,-0.04438159487870051
-0.8863495942178254,0.9676686127296883,-1.1943796927964734,0.023534336811849767,0.02809456941865972,-0.0032462103418558104,-0.6778961690924191,0.09296537780531762
-1.2710491129007837,0.10869777706488863,-0.7682653357744578,-0.9390628825961186,0.8651352256982668,0.883970292386941,-0.7351740864247526,-0.17968731743790306
-0.35584471238610493,-1.4556519454459316,-0.06134260752277907,-0.5275756094811561,-0.10527173801295711,-0.14367136466874705,0.06012124821429353,-0.05021373809245925
-0.6862680081092223,0.5509767931141625,2.437243858396439,1.661446749904102,0.6940529558518883,0.6993339244075152,2.5405903189893397,-0.09482963367771353
-0.43389636605384946,-0.37305109471050374,0.9597606393596759,0.31967906372153,0.1416236776985028,0.1176708299968407,2.192471393386954,-0.05925356007378529
1.4101863429082206,2.60853589668032,0.8898442468932889,0.1877103407402894,-1.4525192601639578,-1.4616868188769832,0.796680961611922,0.02385448072227663
-0.5825177719149801,-1.3156081530826875,-0.30881286478704334,0.7361744816368904,0.48765018149491973,0.4817765118641943,-0.1273816218003985,0.1113366289286576
2.4559009436878636,-0.0011490059491014984,-0.5646126847585442,-0.5715006365132252,-1.6659652573819312,-1.6164770308561707,-0.9281635133004543,-0.1773836208684684
0.21094679251729515,0.19763762547672997,-0.06028285678823345,-0.4637397691467628,-0.3496270287720441,-0.3977641899332352,-0.0476871296892126,-0.14673570828016624
-0.6755022701043244,1.1026276500791914,-0.522106802060302,0.570314683754097,0.30196451328666707,0.2851060304070854,0.13578810494385946,0.1136694862141611
1.043574177906892,1.111654858436405,0.5182528609697369,-0.18848260679877793,-1.5052429956927798,-1.5012849441810265,0.1661301059399159,0.04397537480974427
0.39636105185559334,0.7687675404328789,1.9201501526925093,1.5853953990827334,-0.24651668257066822,-0.28968568569893177,2.3559350615999506,0.0547648397551979
-0.6562602493802391,-0.590819782528939,1.0679767520728938,0.5129625116017279,0.5256271296863061,0.5222459351194505,0.449211019036922,0.022688052079524887
0.8972572861799941,-1.5541654785160994,-0.12383931243646822,3.330952665081756,-2.256287150994817,-1.8833644510020997,-1.2835074932534147,8.702375189955957
-0.001640119419522067,-1.8340714300694043,-0.9530163243991088,-0.9846440341100666,-0.27113733736035317,-0.31495856773489395,-1.3523920206298325,-0.18435303200891004
-0.7242597573537308,1.2275383582523354,2.603313638742137,2.203296860815527,1.1049703338337338,1.1340645325088292,1.5312636751124273,-0.08637302601776338
0.0027988900857395414,-0.8446016031197325,0.12709819894840785,-0.5867854469185966,-1.0484564715194555,-1.1033437916819424,0.04378117690497373,-0.024552307951920812
0.7166444160880036,-0.8169486373600479,0.5253541703790572,1.3904831834501654,-0.7460049516343625,-0.8051039904482873,0.12953258594722689,0.2055257418308611
-0.39490038281977025,-0.5929576048488276,-0.43127593630324323,-0.4730409003023876,0.35376911929502924,0.34098503667854985,-0.7542465146847153,0.010148944169943636
-1.2710433034901332,0.3073062078043359,-0.7756351550805052,-1.0462037250802392,0.026539885147350426,-0.005456503911984831,-0.29764576437989737,0.05972216148689283
0.6106153723353361,0.43781993745902337,1.2153646105348779,0.34134060305043934,-0.997132777571252,-1.0553905086963538,1.8333432904263613,-0.11961624233618814
-1.0154768692938887,0.6536639133242207,0.11597391354317527,2.818340276534058,2.4337998617787466,2.538639131699404,0.21640281219097515,0.12650020128443032
-0.48137169123011697,-0.8583241341811603,-0.4909210760604086,-0.6787487953439829,0.21856972613210626,0.19805296999314628,-0.5328349912361456,-0.19076838954404465
-1.0108209239967991,-1.2656638441254646,-1.0833297009680443,-0.8463248648903724,1.0110610262667605,1.0355123346265571,-0.6711034478006265,0.053598411112446155
-0.686270982179224,-0.10341260049309542,-1.1562096685034122,-0.9729638076742644,0.6122845554676554,0.6131924225216296,-0.8196665865358523,-0.1534426729759888
-1.0504613284962894,-0.8503222731744301,-1.1484338892979253,-0.896303042560362,1.151529050792037,1.1840954710820786,-0.607070546120001,-0.22284517721971767
0.1694144884804141,-0.7261080524380995,-0.44730778142149524,-0.691475925092492,-0.2942412995457323,-0.3395382994417556,-0.35891799262040636,-0.19164321102610846
-1.0450947065355642,-0.658893807427655,-1.2998054924124474,-0.7123398074691148,1.5572742480520014,1.6109199862700598,-0.4115203581501368,-0.03505016573668653
0.8604055146759154,-0.7880350880960868,-0.4221841617129542,0.5187829716431593,0.4121559204000543,0.4021866665554378,-1.4795252340963054,-0.16423213792144245
-0.5748615955195804,-0.3019957144774872,-0.7707068759186828,0.21867967639524585,1.4223962546868876,1.4702057457344033,-0.6677354957211072,-0.16102445915387514
0.06166681369215581,0.8246734181098262,1.500272381654169,1.3462869725161046,0.5212105445673225,0.5178481322213532,2.568105852775697,-0.005889449667892888
-0.5684618633686939,1.3175553637032928,0.4362785520993812,1.2048527939603468,0.4334586489954602,0.42595122380486217,0.7708092081202144,0.1565357388352878
-0.42422115779331043,-1.048686592410423,-0.7557518548495552,-0.7070644870981482,0.3211328349803221,0.306867645746783,-0.68132136712006,0.04135091036355284
0.3004687662164667,-0.16224943601171923,-0.4698637715271802,-0.7674337993190022,-1.0814816568590047,-1.1352910976248667,-0.8979299218509426,0.05126555382694266
-0.9022315523574421,-1.1439533854989714,-0.44453058791767364,-0.6588607001299094,0.7639913496816857,0.7748288683364505,-0.18048381855718812,-0.06100320303791288
-1.1910779731256167,-0.7092290839393449,-1.0590960308112067,-1.004560790486361,0.9967933479637161,1.0195324193425315,-0.9078407312655297,-0.170939102617265
0.11093503819221752,0.2992680157304208,-0.9292628142223236,-0.6467151570543942,0.1416236776985028,0.1167647386528712,-0.4339135046561162,0.029978231096723307
-0.5303424588603826,-0.839561690020327,-0.4809122122815814,-0.7645722481794339,0.03738782524186451,0.007160005366840982,-0.6952195846043339,-0.18289499620547037
0.12803622701896047,0.1686389013759066,1.3402063392674415,0.918760711305697,-0.33159267527869235,-0.3794456473175959,0.5662757517757387,0.06292984025446013
2.0759986921513396,2.4319035190688942,0.0056189519215787374,-0.33589867762794334,-1.8242761604045594,-1.7129239839708668,-0.4006273457011522,0.049224303702127103
-0.5050009943326319,-0.07534688315285232,-0.5455741754064514,-0.627715647998323,0.3661284690353916,0.3534010702416106,-0.17302939815684143,0.03639358863185792
1.3960578780539283,0.7622641357879155,-0.13962935261858306,0.9903958472180149,0.1081945397265843,0.08218485593392032,-0.7277104628026135,-0.20826481918532083
-0.9943782826987583,0.42728964404366215,0.4480221998344415,1.2669079302470792,1.404468454782952,1.4513099165198258,-0.18349151548089127,0.12795823708786996
-0.32394149222602225,-1.3643273062223435,-0.6785269191509276,-0.8725294683282323,-0.17864788428289075,-0.21960985136084757,-0.644671004521272,-0.15023499420842149
0.12894354991295226,0.29901617900758853,-0.43832194367944616,-0.6762312566297293,-0.31969321358295927,-0.36597004288463153,-0.7240129232352036,-0.019011771898850043
-0.8400443919547076,-0.5680897029019347,2.2227533016073773,1.9112685761997454,0.6369966812720596,0.6393791812573447,0.908687776926429,0.15041198846084108
-0.32059670774759735,-0.2968956630218971,-1.1187604762183398,-0.8792388764946373,0.4073791683221783,0.3979546547007704,-0.42710803877778564,-0.11028481319417416
-1.1385234837171345,-0.39645763543906165,1.9476245979024474,1.4503293671037674,1.1027507728836343,1.1306137437109125,1.8456071654572244,0.03960126739942522
-0.15420154995406216,-0.5933942416460523,-0.6509769929496487,-0.5175162817525839,0.25223921304399566,0.23378752317214047,-0.6577427750761677,-0.14819374408360592
-1.1149586416553174,-1.2624278757935783,-0.4358416887604335,-0.7393379131793646,0.8431623445762328,0.8588069032487761,-0.2622821262853601,-0.06537731044823193
1.3827388376070437,1.6465341357505423,-0.37189135097394077,-0.6138011454501293,-1.281764135291112,-1.3198298059944973,-0.46913973035440587,-0.053421416860026556
-0.01790934256153167,-0.679439337237634,0.9070599560573203,0.16129705132385963,-0.35974390823718283,-0.40821661974150264,1.3213810013603569,-0.03650820154012622
-1.2586865500038007,-0.9840693793009142,-0.89739159978745,-0.8179857118602876,1.4942320138456926,1.5448884682881256,-0.4226132535021461,-0.060419988716537004
-0.7915373300650528,-0.24679373912848362,-0.1321793121983897,1.7385532049966284,1.207700452497572,1.242194871868063,0.3961272121863024,0.1311659158554373
-0.9995178139238285,-0.7919790261590004,-1.1435632773463944,-0.9925419899353243,0.7908649509824329,0.8003424326044094,-0.9935835851515914,-0.16918945965313736
0.3396870510748085,-0.8110446228470227,-0.17364106850830976,1.8701231442442479,0.3698158206054052,0.35819364319408253,-0.19413788078974678,0.1256253798023665
-0.8578089681644567,0.03910468302907916,1.517623692544719,1.2434068918265027,1.20632236974736,1.2416613928713514,1.754147862326648,-0.0977457052845929
-0.22449705414591667,3.3415121998583563,-0.681128228561047,0.3794624536654409,-0.261618308124888,-0.30688311991525524,-0.607070546120001,0.10579609287558678
0.7325046046365002,0.014834921319823767,-0.7666458880415564,-0.9691138611554174,-1.1290184711336237,-1.1806530894576563,-1.1655844305476601,-0.07555440035624093
-1.271041431023728,-0.7592410753083557,-1.6280715729222048,-1.0635898901947878,1.5327156210763353,1.5849606673757737,-0.7860720644858628,-0.04496480920007639
-1.0187442503001853,-1.1426047817311105,-1.1339965576715165,-0.9925419899353243,0.8484662880925167,0.8624793187457925,-0.4764381590535411,-0.14877695840498179
1.6585883050284742,1.6306922845101148,1.6731597542147112,1.8968533770963831,-0.8333982133629143,-0.892297132180385,2.729031392852995,0.0938401992873814
-0.14061967378178744,0.47814309353631207,-0.4784159249343781,-0.7907630564179646,-0.46936970961745766,-0.5217667465461012,-0.8881789711891058,-0.0009321279361979625
2.2410834560237225,-0.06166713930363417,-0.1163574577944129,-0.4491135382605439,-1.8354711422429142,-1.7185419095493084,-1.2133365455991265,-0.1276062785390376
-1.0211551270539976,-0.08479716587315043,-1.1161690043520707,-0.9539250384733454,0.9215925274009836,0.9393749243159735,-0.6882305375761715,-0.006764271149956699
0.44037426695606463,-0.07335250780130502,2.2060183523698416,1.6751332981429592,-0.1732817722560641,-0.2138185315825749,2.8938200433958423,-0.01755373609541036
2.0259747477364702,1.6057638296971941,0.12342439458986112,1.2808118964954534,-0.3740272054882285,-0.4232952759641596,-0.6917149612550663,0.01854723039775619
1.029284958269658,0.6526517085740166,-0.3384165032526771,-0.5296051663372268,-0.9174228161503197,-0.9771503456511287,-0.018305942864014435,0.006066443920312521
-0.6569039902488647,-0.35054898678935353,0.1511793955511469,-0.28842500453169684,0.4797063646654342,0.4743669883655498,0.5242859320535951,-0.21497178388114338
-0.6664141061939628,0.6378051929180637,2.3589718258497636,1.620041736065715,0.5540115578750571,0.5526710736001711,2.7511713899475043,-0.06712695341235955
2.001238051953652,1.883184442923812,2.312305687329358,1.5012199893406302,-1.7324554222683424,-1.657628340471474,1.6000380364176214,-0.049922130931771315
-1.1343810681393198,-1.0716904097264182,0.9655040968481481,1.2791818539812367,1.3499396852661536,1.393289897074576,0.39785860955502284,0.12154287955273536
0.5386451638484935,-0.17974969686378792,-0.20641660917147298,-0.5715006365132252,-0.6761554755907028,-0.7338396985199959,-0.5716723872069137,-0.22255357005902973
-0.47205611982550577,0.17402876424502978,1.7831115764260455,1.3707554682411387,0.8798887981319119,0.8960979478860677,2.8221807505596694,-0.1449860653160386
-0.4691537321797167,-0.21976048267089257,0.06618871244067796,0.8875757751630119,0.05121695659713122,0.02278772481048289,0.14897871916319438,0.13933091635469955
-1.2487416258644228,-1.2609045848808373,1.1800932530191865,0.9794948477995603,0.9081064492759165,0.9260581277984776,0.6742396806236733,0.12932879074310324
-0.3180306571081977,-0.34964694885132863,-0.5572070262167661,-0.6069475658441686,0.35004067417768436,0.33661434212127034,-0.42710803877778564,-0.20009981868605864
-0.8141581926799636,-1.5024002525477256,-0.0820308285247532,-0.618408253265421,-0.15377423341761515,-0.19454684911474596,-0.18651425095171775,0.04251733900630459
1.0887663393294515,0.6400475897317779,0.26762329664531925,-0.36251143698738925,-1.5414884571574021,-1.5290067684019184,-0.13151764136309427,0.024321052179377346
-0.29512467806912235,0.2555475628438503,0.05441398993454871,-0.2784609899205547,0.22672200409417606,0.20683146937084534,0.7378984560450869,-0.06304445316272844
0.13577310870146653,0.2177013509770694,-0.22724500767100525,-0.5650520956681703,-0.2942412995457323,-0.34062116776419143,0.36225190166112775,-0.22167874857696593
2.0882338244081846,0.3020356412147858,-0.045246223832133274,-0.5650520956681703,-2.0664616409214362,-1.824332695992523,-1.2387058273705522,-0.06814757847476735
1.8560381854356665,0.7605598370464505,0.4530351961085935,-0.19346326700908226,-1.9585535118270165,-1.7797808660137737,-0.07730345966515824,-0.01113837856027575
-0.02656242178074248,0.007550112521881335,2.0074261670367477,1.4783592682711912,-0.11381473824406256,-0.15162667010060724,2.4586503470359564,0.06088859012964457
-0.24354302226332022,-0.4082070345368694,1.692111176896542,1.936825381530223,1.0181425526926822,1.0423596147400915,1.3989872725873462,0.08975769903775029
-1.108062583025588,-0.48246923630075883,1.939099900656606,0.9360382015320237,0.796363350534375,0.8090218519955652,0.7226011006017569,-0.13886231494159196
0.1675213217330722,-0.41826159978713845,-0.31607622347524955,-0.4383434977399111,-0.22230718194236218,-0.2658080066307182,-0.012597252335978727,0.04689144641662364
0.2294885058690139,-0.5160935715261806,-0.35384341401292413,-0.5867854469185966,-0.3496270287720441,-0.39860438420413763,0.277056032262203,-0.065085703287544
1.2869765905733608,1.2117935691140973,-0.12459525807505563,-0.37377465555037637,-1.1428917152228188,-1.1924081066839551,-0.5519418675336507,0.03843483875667347
0.5500815850854509,0.7495333972353049,-0.9931812152475638,-0.7365901417151745,-0.3137799098955776,-0.36109095506560873,-0.8506757340053788,-0.22197035573765386
0.8139487992482524,0.8007917675136552,-0.2703638407922857,-0.0015642085557709621,0.03738782524186451,0.007180828530560265,-0.3294221020979303,-0.03213409412980717
0.2778691463489507,-0.802328062038765,-0.08657524292223788,-0.5460598392461873,-0.6888392217981969,-0.7479375503409844,-0.5039791704766798,-0.05108855957452306
-0.5414012580218573,0.31676023338499343,2.046045245528946,1.7575969514701866,0.8979089187610474,0.9153253187428458,2.1008229230764908,0.019188766151269646
-1.18933941445516,-0.7067451070673583,-0.21696746161205907,0.8888818870860788,1.0990439364379887,1.12807619122027,-0.10844575234713569,0.13554002326575634
-0.5235066729053407,-0.6545799262865362,-0.601348704445291,0.11329798350773976,1.0908553794255904,1.1192351741483715,-0.45716813450658,-0.037966237343565905
-1.2654858165776353,-1.0394606742809722,-1.0954071494165674,-0.9885817291672555,1.2664134498438393,1.302842403450075,-0.6711034478006265,-0.1391539221022799
0.3694574202214483,-0.8589413007074791,-0.4274529268803546,-0.9691138611554174,-1.7324554222683424,-1.657628340471474,-0.4049610261564671,0.045433410613183955
-1.1518906782201923,-1.7404326924432911,-0.9791867941554846,-1.0167923241813837,0.6792544985655496,0.6822162970279901,-0.6711034478006265,-0.17706285299171162
-1.2766643782833162,-1.3779432407457435,-0.7712514715551395,0.6627485318957772,1.7726130368488187,1.8375321404306257,-0.33909504181254096,0.08042626989573631
0.007058655025044157,0.2048069897181008,2.4097189684924043,1.3773512410117605,-0.5458079709726962,-0.6021562410969987,1.3051540118984533,-0.08695624033913925
0.43019883396746994,-1.3192937353312784,-0.4494947766749752,-0.7731926960859541,-0.7835929853191795,-0.8445842498820301,-1.3523920206298325,-0.11734170648282223
-1.154897712130303,-0.3231122390435183,-0.8710101177160806,-0.8495466125101107,1.1057094329800294,1.1329782812412441,-0.14127983928467217,-0.0178453432560983
0.42521226959534986,0.581671738728327,0.6856132935813721,0.28115780756023456,-0.22046155095590417,-0.2639014166822535,1.8294153832407967,-0.21526339104183131
-0.358661837659278,-0.7406759276834817,-0.7355628933891563,-0.8431180674293769,0.07698410645966572,0.049091135285654224,-0.2436792482118687,-0.2222619628983418
-0.37683335328217504,-0.4924096655171002,1.4743393445789135,1.0822519252465288,-0.23343058390838092,-0.27696995514381856,0.37793959998240617,0.12999948721268556
-0.6006934549262698,0.62301948218214,-0.8095408924524226,-1.068005647153871,-0.6585826186865259,-0.7182992691890698,-0.8738412438092906,0.02239644491883695
0.37314114520550495,1.2009996886419159,-0.9643384990660124,-0.3207098549458715,0.1516466318025443,0.1280459658208707,-0.638239605198631,0.018897158990581708
0.18145907958606527,-0.1347018670307648,-0.10129100782251015,-0.5017198542722824,-0.39884509447486427,-0.4499632347685709,-0.6010250373935246,-0.10795195590867067
-0.4290959887759997,1.02258828370792,-0.2742743898371549,-0.3705378177228054,0.43697886831484534,0.42774685229170484,-0.13568215267432565,0.050973946666254724
-0.06428669096242286,0.7876159579826167,-0.7848312340299493,-0.6001612892526592,0.13153094612703056,0.10665361645598517,-0.7699498867938558,0.050099125184190914
2.181694000637714,0.049572079977150116,-0.4029683959086491,1.415656131319351,-1.2551626009773098,-1.295948285790423,-1.0477582424250296,0.12679180844511823
-0.01387848262675893,0.04633770441857819,-1.1161690043520707,-0.8658845747008412,0.11113221640363077,0.08488012502166,-0.6544482392132294,-0.011721592881651624
0.11852736825475396,-0.15257109681783543,-0.8596327274768357,-0.793735377614228,-0.06826932942550747,-0.10388297866941841,-0.6917149612550663,-0.15869160186837164
-0.6114067940061819,-0.30057337318291355,1.184399733797547,0.44149923379006906,0.3525273693740923,0.3384860947044283,0.5004442843083924,-0.0458396306821402
0.4893857925112413,1.0422949084367865,-0.10477320422239353,0.11249582019912018,0.26152821563176615,0.24287377974827337,0.29848871809691757,-0.006764271149956699
-1.2345197587608694,0.4099777851015692,-0.5870022556616422,0.6365561699948128,1.1572451466902918,1.1904558848177285,0.3943908419126151,0.11775198646379222
-0.7877566316760236,-1.0003767295093353,-0.14295414164371814,-0.4637397691467628,0.438150377828341,0.4298311658514176,-0.0939727995935801,-0.025427129433984622
-0.5003829050560354,-0.8113443087801735,-1.042106870478914,-0.9464540077328848,0.3337723478585248,0.3202365331785054,-0.9821767215584614,-0.07500034675093384
0.8459252710921954,0.8114762123007824,-0.5733189488523417,-0.548144497275837,-0.4009325576779392,-0.4512018829394168,-0.3711314551786759,-0.04408998771801258
-0.5152127824518293,-0.43841684359054645,0.3220877223113554,-0.48627644930227626,-0.6216288012098619,-0.6786167589183045,0.6485263055576062,-0.01872016473816211
-0.4132846932676126,2.6193494343416335,-0.20016499638349708,0.8956341594944786,0.18409965380519294,0.1620155154150842,0.03962620635922928,0.13291555881956493
1.9477131219549222,0.79096644858593,0.1445088204978734,-0.3073196136033361,-1.7535429641603812,-1.672390491717616,-1.1579799801590291,-0.21876267697008656
2.2717134167555226,2.341782362954633,0.37484538317858823,0.08130238093434428,-1.5739640570628626,-1.5515047965339386,0.7309628637085626,-0.10066177689147227
0.5767552158738852,0.44910901616729376,1.5059402812270015,1.2269635135134063,-0.2039557603941756,-0.24683274998139954,1.886941506398902,0.043683767649056335
-0.2964244519588107,0.40285922095619375,1.1706090860375533,0.5415866318735738,0.10230126761102175,0.07508357688952738,1.2004831814697692,-0.004139806703765268
1.4835397286522378,1.4312102143615093,-0.2813312524808456,-0.3561567842768148,-1.1710429481813094,-1.22064074311022,-0.4595435632393891,0.05068233950556678
1.2460767487249877,1.5941348117146836,-0.10911704818029991,-0.28413710899974237,-1.0484564715194555,-1.1041013555141332,-0.607070546120001,0.057097697040701396
-0.5662106879735461,-0.9537918774154631,-0.5100189179414174,-0.7789999875105901,0.17148702084916018,0.14797481321312259,-0.8930347871322027,-0.13507142185264878
0.23437539846018374,0.5403057647883814,-0.8469204770008896,-0.8273035646567765,-0.2149387140136436,-0.2583628970253764,-0.5659690823159045,-0.14469445815535067
-1.1063669989910974,-0.7865585810248421,0.2961975930168939,2.5524268353685127,2.207411107947486,2.29873271900155,0.6204753331214402,0.14020573783676332
-0.5785816647072178,-0.27030888110766316,0.4296606131840549,1.7204598817967818,1.0391819219415654,1.0651004001533604,1.1678395051322479,0.14866234549671345
0.8132041863468954,0.005504970224813131,-0.274038674959369,-0.5017198542722824,-0.7145445573576488,-0.7736110429438157,-0.47399554629750257,-0.1458608867981024
-0.6862600373678457,-0.07113272798715538,-1.0491436544394306,-0.06601106892358809,1.5227744876496452,1.5761937408729796,-0.6414467524269052,-0.11844981369343639
-0.038131343852613166,-0.40802395027140265,0.1973443581630382,-0.1823068408293705,-0.01607947088451293,-0.04862662452098414,0.43799066820815513,-0.015512485970594802
1.286825141270075,0.5951871983919153,1.6163695181494124,1.3826084531408085,-1.088177941023164,-1.1427675509962298,1.5471415490840856,0.0999639496618281
0.04864498912885096,-0.5413967982665056,-0.0024217017106184812,-0.33897691707298216,-0.2635171203728373,-0.3084466602184801,-0.9385869755629679,0.030853052578787118
-0.886327229794144,0.10074808146491927,-0.3594449847418235,-0.830437645369898,0.11406395237555693,0.08667776924125474,-0.6544482392132294,-0.09249677639221003
-1.1877059879046143,-1.6570328139553108,-0.616414210660979,-0.9281223330478493,0.4463245441542161,0.4373058018976257,-0.4788906810162427,-0.11465892060449322
-1.1389063411341944,-0.030199819813164712,-0.3522163404625946,-0.7997186497331767,0.5201042927440442,0.5177438501689917,0.09724557856349811,-0.2222619628983418
0.6233985457623997,-0.443345752351435,2.5256933525100416,2.0534590843022413,-0.4240952470264656,-0.47472396216320173,1.88958615376888,-0.13536302901333672
0.1119727764508088,-0.3277690624123753,1.70032154261351,1.3560458432144638,-0.1732817722560641,-0.21407819534473943,2.120851468646176,0.08625841310949504
-0.8825858579719461,-0.05695498621478186,-0.609446208929109,-0.2999911927232848,1.8112751398866396,1.881491151763749,-0.4027903026942807,-0.2199291056128383
-0.21264108340711665,-0.2163652084191033,-0.24117985182344018,1.1451878258616304,1.5116482400680848,1.5644385160989185,-0.6255784966852986,-0.21409696239907958
-1.166138570773403,-0.9240694019375228,-1.0733431958333588,-0.9501794270664627,1.0134253806000986,1.0358927366279798,-1.0170640446029964,-0.10241141985559989
-1.0674405637455215,-0.8467138572517665,1.0923137269572303,1.788096408092358,1.9273164905598306,2.0029811486370415,1.1910910924236595,0.14224698796157884
0.33773178141454135,-0.30455176841450493,-1.3712567466845662,-0.8273035646567765,0.20625470493809575,0.18585649880449448,-1.1889891276285558,-0.2162840161042391
-1.0859280109761353,-1.6577061739054757,-0.46086353319306667,-0.7789999875105901,0.6891369018225618,0.6958676522095102,-0.5274849931818358,-0.07266748946543035
-0.18655683581630875,0.4310085693819634,-0.04005080870143205,0.8368650951092568,-0.3496270287720441,-0.39728490527456994,-0.1512022679889835,0.14632948821120995
-0.5738189861022389,-0.7889709051356935,-0.35231186755955507,-0.7203290711643316,0.09638394125690587,0.06958581720672098,-0.3815012777770143,-0.1872691036157894
0.07790040072277449,2.7502866559226598,0.16435303580897834,-0.33897691707298216,-0.7328133870591271,-0.792295157871849,0.44868141248996335,0.04834948222006332
1.6241148992209924,1.466394384767838,1.8868699871025878,1.4816875630950324,-1.3206335666015858,-1.3503155690962807,2.185143114269596,0.06584591186133949
0.3693215121085026,0.27226363153887306,1.2839589536583458,0.6421730820831105,-0.3455999624491218,-0.393472070866823,2.083237819097378,-0.07762481119712528
2.0577107271395167,0.9473656063074694,-0.13422257505814744,-0.627715647998323,-2.086366891071079,-1.8318663499503578,-0.987853249975778,-0.11932463517550021
2.1778196147683455,1.340784242393278,-0.3654222308732432,-0.6419160849013971,-1.8638427511148878,-1.7339388936309321,-0.9078407312655297,-0.22255357005902973
1.0641382820030119,0.43703368981397495,-0.21357699908647731,-0.5845810954074825,-1.199751667377802,-1.243407336887056,-1.2928804846439905,-0.014870950217081349
0.13103283858970802,0.7716999790874487,-0.9386783668962626,-0.7532430827685969,0.06794202136381818,0.03878170955275372,-0.3086712219679137,-0.19164321102610846
-0.7434631589042849,0.5693435972098625,1.842028119509139,1.0826463679585971,0.5000460381147547,0.4967707411788215,1.7770632466858163,-0.01872016473816211
-1.1320831866528074,-1.5476233890372455,-1.3556729718377836,-0.9652852440895815,1.3524349405190923,1.39610596017921,-1.8611579573434676,-0.055754274145530046
0.9674437371649229,0.5323646598022697,0.9363389195408005,1.17064815233112,-0.6939439557486533,-0.7542724062884577,1.4807711113474888,0.10871216448246615
0.6986645380982638,0.6349374350554797,-0.9176986552164571,-0.8273035646567765,-0.5855935671133304,-0.6434592055321425,-1.114258825439034,-0.01667891461334655
-1.1576677228420906,-0.24263779639257615,1.9666307665940386,1.1428424830632675,1.1643587180974913,1.1955921027726537,1.9374829997012444,-0.08404016873225989
-1.185025268960045,-1.5386806772551658,-1.149836463141571,0.2960868550185442,2.5950640005833905,2.708125161393646,-1.3523920206298325,-0.0715010608226786
-0.8813707807017226,-0.358538858526157,0.8186285717913685,0.47886312305418116,0.8519915006357134,0.8658581696615584,0.5067341336445077,0.05039073234487885
0.5993787866509241,-0.42986662214893917,0.014532720015271316,0.869026174957334,-0.8589575169028132,-0.9198722880688203,-0.638239605198631,0.13641484474782017
-0.9172201612665514,-0.46236650760272585,-1.1526564616825392,-0.9729638076742644,0.76679459182624,0.7771250189585337,-1.5193998487894602,-0.01201320004233956
1.5341787580721475,0.6037249139669432,0.6424419721117728,-0.02957761035618226,-1.6362766510619156,-1.5953919777043284,0.18853862531679896,0.010148944169943636
-0.07913095215320187,0.9166362685508754,1.8932865667879653,2.2113138850644773,1.1138147513658383,1.1437259927192842,2.1419140335531335,0.006358051081000457
-0.12832028479278837,0.1755025410281939,0.29689489528500235,1.5443864076262348,0.5134489959265203,0.5092854644005123,0.7524978038649579,0.14778752401464967
0.01669579364119077,-0.4314465986312706,-0.9595091547807605,-0.6613156356166757,0.34380521104221784,0.33029930084693593,-0.8644682524187145,-0.11320088480105353
-1.2229307019436269,0.24576514236807248,0.2529733718718869,-0.03950685606609817,0.6782625430399802,0.6834361969992461,-1.5193998487894602,0.07264035870536842
-0.009499730600439597,-0.24429185330670966,-0.4737284468318123,-0.5502354629036887,-0.027336544203873277,-0.061412351683532505,-0.5221819255395427,-0.03592498721875034
0.21836888225491147,0.7064653688176618,-0.6392514418426035,-0.5296051663372268,-0.006499636836177616,-0.03911011586259073,0.22105318769645094,-0.21497178388114338
1.0111208613122473,2.3971997603242365,0.09083247857787001,1.7684255428071447,-0.2315707466500248,-0.27496361501402494,0.20302909936050614,0.13903930919401158
-0.8121948092966742,0.3748423744024777,2.0780130926917177,1.7907198508031266,1.1742594400979263,1.2067009538859121,1.7011451794874948,0.014814658740950592
-0.5437329534320767,2.276292476969984,2.5728833201952175,1.4685027644054955,0.12427859011206308,0.09973418718175821,2.196955431261023,-0.15081820852979735
2.1513176193178936,0.9389011334584568,0.19020368307198118,-0.10777665213129112,-1.6962745761824234,-1.6372622774153438,-0.11783955032630083,0.04732885715765553
-0.5733382691844823,-1.4509021778994926,-0.8071490640128319,-0.40023008170733204,0.8790250847050775,0.8953266723722391,-0.8979299218509426,-0.07704159687574941
-1.0668104718696048,-1.463026759938858,-0.7196838402632741,1.7563336486378915,2.051397874617649,2.135618068234131,-0.214421321020428,0.10521287855421091
-0.7463849334891158,-0.9615549997200515,-0.20774528958817465,-0.7420966538201932,-0.35974390823718283,-0.4077240815484781,-0.3180152385048,0.03551876714979411
-0.7575120081830705,-1.1100296959140605,-0.2842214825600483,-0.859302966735967,-0.4240952470264656,-0.4772977968603463,-0.11783955032630083,-0.21059767647082434
-1.1537460579823138,-0.80928758016959,2.4034743326174994,1.250711579156797,0.4073791683221783,0.39637529775409547,1.538556446388773,-0.0922051692315221
0.2532993297262083,-0.40362834900336747,-0.43607724158712574,-0.3132388242054107,-0.19124659871566116,-0.23220054536827892,-0.6287190015903296,-0.0018069494182617728
2.284061057231312,1.9864373874429442,0.06689232067245912,1.4105226319906135,-0.34359061639764643,-0.39081372194986,-0.3711314551786759,-0.02309427214848116
-0.14725231788325607,-0.46135983299617084,-0.17511022716791833,-0.6371501100610071,-0.3843164108075144,-0.43447894401232995,-1.3736063318555138,-0.06925568568538151
-0.0867994303308037,-1.188720206350905,-0.4175459156593441,-0.7096971135687657,-0.18223635874887364,-0.22384973452281026,-0.8327619541880672,-0.21409696239907958
1.1166194861943068,0.358605049522899,0.32411570992193695,1.2741190942478244,-0.6461597239558884,-0.704698820211423,-0.33909504181254096,0.14778752401464967
-1.1104255235206621,-0.7602572189865666,-0.06319237082052717,-0.29418390129864896,0.9215925274009836,0.9404995257702737,0.09913774234507096,0.05972216148689283
-0.9244685805086565,-0.9260519105617359,0.9237492276233547,0.4606761888896833,0.8528714660309007,0.8687533653086632,2.0658564463898803,-0.012888021524403371
-0.24747103439367102,-0.5827737274661507,0.10647634074680637,-0.38193370679309535,-0.04193956246540366,-0.07582759061249517,0.38445608069772724,-0.21788785548802275
-1.1384713894178744,-1.5020942895811233,-1.0546421336431868,-0.8367487724548038,1.4170411546121287,1.4638169959240783,-0.8153637510426445,-0.08602309742493784
-0.18492744654857826,-0.5178849307690045,0.2768557891814344,-0.34052119394528774,-0.4093125980287932,-0.45977493225431487,0.917046819568137,-0.016095700291970678
1.2562287969251218,1.1864805877210636,0.8392672061090509,0.27102287081857124,-1.078145077839471,-1.131199729730498,1.070792835950075,-0.13944552926296783
-0.6224046713330322,-0.9599665502605538,-0.744381820088637,-0.7878034646876617,0.43697886831484534,0.4290638516988785,-0.5774300101046254,0.03989287456011316
0.37348844475520043,0.9360131173433056,-0.5680396891503492,-0.42423966917764816,-0.11724608409223819,-0.15498283292827514,-0.49887748758732553,0.05738930420138933
0.5185581601893542,0.46705504724335034,-0.5414126592569549,-0.7848564938559499,-0.6143497418473671,-0.6716898549516863,-0.7860720644858628,-0.1974753542398672
-1.2621876154768716,-0.8073679923209027,1.6454408173285913,1.1826938888075618,1.1042308576921915,1.1349527898234066,1.8854180392775561,0.09471502076944524
-1.2833721008699377,-1.5528233812793217,-0.3275839507833953,-0.6613156356166757,1.115283589327415,1.1466491427591985,-0.34104834184685257,-0.08170731144675639
-0.12927540110066277,-0.32699817134231934,-0.2734892135184497,0.7410400047592214,-0.09339548598158608,-0.13011291121161908,-0.5039791704766798,0.12125127239204746
-1.041485425877135,-0.9803672769702939,1.055469092626018,0.9018090057545557,0.4025866252996299,0.39262655168833077,1.5189401575195673,0.1384560948726357
0.2773394431453641,0.22217045500425278,-0.4487644479663437,-0.0946547968962902,0.22265159540042084,0.20284232282093353,-0.8552383657357993,-0.15723356606493197
0.09151124568099818,-0.5857265576902343,0.06251661955288555,-0.1665034662057027,0.031198945217412972,0.0015593128322568095,1.3253705944557717,0.005191622438248711
-0.5393875421227475,-0.3793379419629996,-1.3663967094878773,-0.5629158849631676,1.459916969369439,1.5093718149597009,-0.2305006155179009,-0.01580409313128274
0.7854525691107056,0.6717763725202333,-0.038609855317819845,-0.4312556036798758,-0.8908212818365175,-0.9506026431029913,-0.1569462146167937,0.029978231096723307
-1.098887021539235,-0.6214087021839383,1.481812126090583,1.5199013904445837,1.1108726033361411,1.140083898281371,1.1096554760261867,0.10842055732177824
2.2033874752972533,2.0954032786561405,0.10055063979286556,-0.3885310228911882,-2.0274527509081413,-1.807309964981762,-0.8026360002060688,-0.04088230895044527
-0.5864111326036591,-0.6564402989655265,1.1479476657983827,0.40094246142428147,0.16301722298567914,0.13918140739799734,1.2445204701681216,0.01248180145544713
0.5094900539907748,-0.10273485114811745,0.045473229077258925,-0.6889116786892082,-1.5460835258032382,-1.5324723883647198,-0.09919569026216991,-0.026010343755360495
-0.5485009559262412,-0.8414943500777015,0.3549772985668259,1.029169526880987,0.3109412784634212,0.2947583612870316,0.4700236022639145,0.14778752401464967
-0.10526926863351171,-0.4149722547828457,0.0042117147091649465,-0.4958880592180799,-0.2730486665021472,-0.3176238314610226,0.006418707977492995,-0.21730464116664688
-1.2475861303888456,-0.9299167269392002,1.4418095422080435,1.0826463679585971,0.9064118343032326,0.9220226549258841,0.7072521449381716,0.10958698596452998
-1.2441169950821,-0.9485101855730524,1.9924791440754084,1.42232141730775,1.2173105261421713,1.2524792723911249,1.068516538934944,0.029978231096723307
-0.1478618906410871,0.25148088554162085,-0.9284544557358643,-0.5316407012780883,0.5011676961545058,0.49665475771695666,-0.68132136712006,0.06234662593308426
-1.1714096856524618,-0.20680663228290208,2.3156146981870775,1.5266750456453442,1.0841210775117756,1.1128750415856052,0.5993749474279327,-0.06100320303791288
0.5869172949836731,0.21759542399885487,0.28257576691781183,-0.24266084636634208,-0.7619949256142905,-0.8228774072246801,0.6967986423847279,-0.21176410511357607
0.5006807388276646,4.200469807537643,0.12493271384823855,0.6956204488528802,-0.9204088994800924,-0.9807050510033563,0.8331034351542962,0.13087430869474934
-0.06970277045824579,0.08846322282708421,-0.09376532756488598,-0.3721543415307441,0.026539885147350426,-0.004768443729511397,0.4243557683160332,-0.048172487967643694
0.6911307763588972,1.2093532461778067,-0.27830295666918226,0.4155908381475331,0.3832564330022127,0.37227785149269954,-0.5301540740502383,0.05943055432620489
0.8345497720914271,0.7877817839265806,2.4057054555892536,1.767547908722273,-0.4541205823841669,-0.5060180270912553,1.953960298309486,-0.08170731144675639
2.2483115480275733,1.117594524002066,0.6498299480323518,0.1530207414717508,-1.7912007422920426,-1.6930025549057268,0.07209284406211944,0.014523051580262656
-0.9225151952148543,0.6210383783526974,1.9717744994069595,2.0414521681835636,1.2919804587506052,1.3314105376268455,1.1771206981183389,0.034352338507042356
-0.8683628804757485,-0.6287117443226816,-1.0839249849728159,-0.9245136375744899,0.7212789756132352,0.7279949642133703,-1.0111078798262416,-0.21642981968458305
-0.6787200677772143,-0.5549441796251081,0.8153376403799988,0.40463376763647885,0.7067572220325467,0.713634775820468,1.8842852388973956,-0.10066177689147227
-0.5385534155865687,-0.5672300640647623,0.4228625679601126,-0.19974000055667754,0.08597014521351591,0.058183693583820494,0.8682502598716222,-0.21468017672045545
-0.027263637619124665,-0.5375528445302048,-0.1689636423828633,-0.6347793920832451,-0.5620582621862815,-0.618125608724818,-0.044085058448634466,-0.17239713842070464
-0.7419836753920369,-0.7219947173458964,1.5474815506374913,1.338706179099423,1.0848708799303823,1.1128437109159928,1.3776000520875735,0.027353766650531873
-0.692535247367384,-1.0678824665839466,-0.419914878665053,-0.6347793920832451,0.40498487720148396,0.3949255919469282,-0.2537552453683647,-0.0715010608226786
0.465735274180245,1.869139637580168,-0.49281747537959075,-0.37377465555037637,-0.15201376818117376,-0.19208641041121732,0.0848000149652561,-0.17968731743790306
-0.4086338207037655,-1.7653408081558557,-0.13884446261961664,-0.5296051663372268,-0.08833529604824396,-0.12458020406119809,-0.42936802583848316,0.016272694544390277
1.2521874251723044,0.44809850889095976,-0.05684653725390941,-0.3985466128777738,-1.0550015975081184,-1.1106018837135994,-0.6414467524269052,-0.21963749845215036
1.4095244633952424,0.2592427516642843,-0.2818916074233756,-0.30437891294127317,-1.0484564715194555,-1.1033437916819424,-0.05985144018154258,0.03960126739942522
0.42521151911067046,0.6676283868122289,0.39184689655253113,-0.4312556036798758,-1.199751667377802,-1.24395323632702,-0.2436792482118687,-0.22401160586246943
-0.9707618272375294,0.8265718242873321,1.400224049805768,0.948120040953141,0.11259882547565864,0.0849311179499786,1.032293635403516,0.11512752201760075
-0.1228701614207499,-0.748537754841108,0.12141414390895257,-0.6564144546984446,-1.0225675166960668,-1.0798606721597106,-0.10314268470484278,-0.21934589129146242
-1.1389055854835888,-0.28025040774280674,-1.1367066232067338,-1.0250686340334925,0.9759333773685984,0.9978001758726652,-1.0604859932616053,-0.07704159687574941
-1.268929573643074,-0.7953834486599066,1.9348340902337198,0.9854208913471723,0.9123343407064944,0.9281953724527102,1.4308100014219032,0.006941265402376331
-0.5946144435215532,-0.9729938530639609,-0.48889915401893463,-0.7819220367384917,0.020304422011883892,-0.010853132437504156,-0.638239605198631,-0.10911838455142242
-1.2243388676687053,-0.6583255353380424,1.4742235090286784,1.2893436544016232,1.2028714208575484,1.237581978387451,1.528517144283699,0.11571073633897663
0.5009947946928082,1.1172904544771811,0.3255029114586886,-0.34052119394528774,-1.1463808696003186,-1.1967298271976934,0.48567451465116407,0.01598108738370234
0.3627113025882927,-0.36273799136947166,0.839223570560889,1.1891461266584777,-0.4497929882928929,-0.5033234287760984,1.2486258200286224,0.14866234549671345
-0.6713573388214484,-0.0808130596456157,-0.9801046662816959,-0.701829131659185,0.7705238361824333,0.7820041849163522,-0.39632451020794435,0.02502090936502838
-0.6131162307365888,1.3100259040314879,0.10644602003261634,-0.5056352393227614,-0.12068557074483631,-0.15904301587343705,0.4154652281672542,0.053598411112446155
-0.04066144810414569,-0.597705787459364,1.6200708188964021,0.6301346526677214,-0.7380756176790293,-0.7963475596269682,1.8432375302155564,0.032019481221538866
-0.750944932359395,0.4716805111459051,1.2902916957275194,0.7233614305370308,0.8694901191623743,0.8859040551537355,0.9519136052486284,-0.034466951415310663
2.066732165519862,2.0140450976919784,-0.6324547467739686,-0.59344100667162,-1.4482109570109094,-1.455942485284829,-0.7942973047644263,0.005191622438248711
0.43200451231582976,0.47566053224632876,-0.7789547572893005,-0.7997186497331767,-0.4497929882928929,-0.5016685406696852,-0.5143135389604322,-0.20622356906050532
-0.8829944192274845,-0.43956823068735296,-0.5288845996133008,-0.4674452129455794,1.0189272579589639,1.0425562520648064,0.26568938325264957,0.06147180445102045
1.5498359274292237,1.2552424158652016,-0.25689529417475687,-0.4958880592180799,-1.2551626009773098,-1.2953230637865865,-0.3794130344754706,-0.16743981668900976
-0.7119789979772152,-0.6864678953181359,1.124130796887056,0.40830546150303715,0.4169169852507429,0.40677602247296857,1.9677287032857085,-0.19368446115092403
-0.1083002004018686,-1.0235544348341572,0.019387684460825123,-0.39352067354092696,-0.05504467266777008,-0.08978613270020896,0.7858583702223304,-0.19601731843642753
-0.03514727366886536,0.3925028696121259,-0.4789401651869987,-0.5523327744157068,0.06642950902624802,0.03803321971118478,0.23100793554939908,-0.21963749845215036
0.07662507802239502,-0.028041379795490515,-0.14437133498567703,-0.2548444577554075,-0.038681711781932644,-0.07248011831594975,-0.029887634902974664,0.06001376864758076
0.03990347456239871,1.4240657268900676,2.4179672328372597,1.6355396964832005,-0.030568971282268844,-0.0644380460594578,2.34737916623987,-0.08637302601776338
0.15498762920430909,-0.6868703167431989,-0.31364041010798943,-0.6443114551082808,-0.3638105110272128,-0.4132395756947615,-0.9028650172951289,-0.1776169065970187
0.13950837902633317,-0.4533288570107794,0.10413489010394675,-0.18972441057009218,-0.13452570396273814,-0.17345235082503513,-0.08493992964197994,0.006358051081000457
0.29773174602879715,0.06913425105443656,-0.5070532106997535,-0.7393379131793646,-0.5274565494245095,-0.5811716042136702,-0.5950393861719555,-0.17327195990276847
0.25273197574378664,-0.8595072431258042,0.05115424126174616,-0.4655900075017759,-0.9814597282303384,-1.038411328366163,-0.9709811083683508,0.03814323159598554
-0.23503978127066383,-0.6488308173262266,-0.06060509230373199,-0.5155218687873921,-0.22600550778488615,-0.2697786314756912,-0.06602663008044064,-0.09307999071358591
-1.1120137835565505,0.7726405503399356,2.384897604220884,1.8603386839874871,1.338028216771346,1.3799391572415012,1.7415449789561135,-0.06304445316272844
0.4743167601887786,0.22137802162363768,-0.4540281972216472,-0.7123398074691148,-0.619198384975832,-0.6756327303730503,-0.92301841131138,-0.20418231893568972
0.7826598148105887,-0.015456464710325232,-0.6597447633829567,1.9152988042321852,1.8608323797140354,1.9331152575433157,-0.674490268057444,-0.21788785548802275
-0.7837035096164888,0.7479684191784702,-0.36071135128391957,-0.1737524516884379,1.103491004170618,1.1326742831228036,0.6063545014817028,0.05855573284414108
2.2693256636499606,2.6370683549966714,1.693063059435932,0.8682199563792723,-2.0533417057315297,-1.8169443949466484,1.6877155240307484,0.0024796758438508752
-0.023962128647549475,-0.5678747504621442,-0.08028547792027001,-0.4155687447223375,-0.19849532853750815,-0.23922875947409936,0.15589777419897247,-0.025427129433984622
0.48694548741741656,-0.3218189950671541,-0.21202699088747892,-0.59344100667162,-0.8996343359923704,-0.9603762017262055,-0.6350493823088942,-0.01755373609541036
0.41937795977120723,0.035410848157752375,-0.35154828922740716,-0.2714307806362443,-0.34359061639764643,-0.3912260328019643,-0.8371908812105024,0.054473232594509965
-1.021161071185321,-0.19641499010241242,-1.1253136251999634,-1.0376719671740693,0.5387967246615825,0.5345037217092101,-0.8196665865358523,-0.10707713442660687
-0.41392061347941445,3.612589835712966,-0.8623612918960749,0.5894951235653175,0.18688762186452085,0.16437084942067168,-0.2305006155179009,0.10725412867902649
-1.205416472868308,-1.0784495254396143,-0.5616984570125443,-0.9173522925272165,0.4602310579234868,0.45361353183509784,-0.5464208626350984,-0.20184946165018625
-1.1480887268398348,-1.109369214944212,-1.0437197837714545,-0.9807286490595878,0.9653897458474159,0.9870380622325823,-0.9545670910208139,-0.22197035573765386
-1.124682961339464,-0.6373485233279325,-0.0738074568757926,1.9920165942197166,1.7906916004000084,1.8577653536022078,0.4053045547959421,0.1334987731409408
-1.1295214775815603,-1.1219040931453594,-0.47933379706058943,-0.7365901417151745,0.8694901191623743,0.8869834656529257,-0.3086712219679137,-0.009680342756836066
-0.6130002860319003,-0.7548933722326533,-0.5664041175750114,-0.8027298249234409,0.2654910689714304,0.24761526588149574,-0.5575137579871077,-0.18260338904478243
0.423106206105832,0.9793156670400623,1.1807561177197532,0.4150729935277366,-0.6461597239558884,-0.7029657174797244,1.6798164431823506,-0.005597842507204951
-0.4800584504621552,-0.2924643753491624,-0.8966451324644006,-0.7967205382507511,0.41096320709208867,0.4012725751201275,-0.41815164037580255,-0.16510695940350625
2.009244279671529,1.322533320464273,-0.582049292945848,-0.7420966538201932,-1.716838650676084,-1.6496665486523223,-0.9491933148849384,-0.11608779569186412
-0.7456448808602527,1.116834243246965,0.44706633264289164,2.7598643366837807,0.8893558382352407,0.9054335923832936,0.95444357058511,0.8403545306484989
1.6920382243910017,0.5869417315301865,0.16623733848268515,-0.6787487953439829,-2.30207231223707,-1.8951484082164936,-0.7465451897129602,-0.21730464116664688
-1.155345975891425,-1.1501591387080872,-0.8479095079433718,-0.8658845747008412,1.0856202947540288,1.114855267795106,-0.30681962531468954,-0.04788088080695575
-1.2851111652971108,-0.10341260049309542,-0.2836578543173465,0.62173488103221,0.9735070287787012,0.9937957839037673,0.27916368983463447,0.12533377264167858
-1.096197492917824,0.2574349701348445,-0.24936629832939455,-0.6712235273776747,0.6512199216476827,0.6552743924949301,0.11956980739558962,-0.22401160586246943
-1.1415607462456232,-0.9570675365834492,-0.3684944481021867,1.3499124967250584,2.872723331909818,3.003743136390038,-0.5575137579871077,-0.04467320203938845
-1.1957819182111797,-1.0599322456266538,1.1813396021229672,0.5678273495291413,1.2477755428098585,1.2836935840090793,1.1597224949729161,0.012773408616135035
0.6769443478432647,1.5221975235390997,-0.5513482855670528,0.5809908639625623,0.5387967246615825,0.536155233938992,-0.9654601034697985,-0.16945190609775648
0.2026031590239898,-0.34904586889293543,1.0873872893219159,0.34249237600502336,-0.6095172608926432,-0.6680299189160689,0.678964138603114,-0.022511057827105285
0.8005914688097567,1.2535517962855018,0.40671236944955463,-0.08177746256513221,-0.8277790476302087,-0.8888236535612809,0.5813524891206214,-0.1207826709789399
1.7272962683030648,2.1358914435476293,2.4011079430034457,1.5972006675870023,-1.5187290738178467,-1.511035217781635,1.826330544840759,-0.08083248996469258
0.19695358314590444,-0.6449943442530536,0.04334849089610994,-0.41729424777305657,-0.5183672221960615,-0.5732221586887137,0.10664772506655305,0.002275550831369342
0.7793901497953403,0.13398954917813063,-0.6175256102703478,-0.6138011454501293,-0.5690788228507895,-0.6260950136050571,-0.589112418750242,-0.13040570728164178
-0.3180053700599436,-0.5710589602460361,-0.8492320339978408,-0.9729638076742644,-0.24839580524990834,-0.29208918281738294,-0.4049610261564671,-0.16948106681382527
1.8939442576298788,1.1510904749883186,1.695914849375049,1.6312744066907292,-0.3884526274336754,-0.4375261190670146,2.6368795103775358,-0.10241141985559989
0.055784173830806597,-0.421204164390071,-0.3455855439956929,-0.5629158849631676,-0.11039149475489511,-0.14776876841586908,-0.8461472796124858,-0.05633748846690592
1.2622106507911452,-0.666185335113516,-0.7971404950767026,-0.6515477894250961,-1.0225675166960668,-1.0798606721597106,-0.8552383657357993,0.06234662593308426
-0.8121920294508209,-0.2250407279743054,-0.8495633503328704,-0.6889116786892082,0.991206663038412,1.0138071805394242,-0.13987555100006596,-0.0023901637396376465
1.1322296605312088,0.6435744118579892,-0.10042517792413178,-0.4455048427871847,-1.0648750268902725,-1.1211585568784244,0.15589777419897247,-0.06537731044823193
-0.40286583711915147,0.8840075225364371,-0.8207931576671108,-0.9846440341100666,-0.30007528304859793,-0.3457154389573504,-0.8979299218509426,-0.15781678038630784
-0.8269157904999372,-0.7148672840105724,-0.5646126847585442,-0.8658845747008412,0.3185916547607738,0.30183640745220963,-0.638239605198631,-0.13098892160301767
1.8107479250195435,0.6751750128772709,0.2638370299521312,-0.3467330435262115,-2.0930631752352387,-1.8344108669019448,0.15589777419897247,0.011315372812695384
-0.8553473716646954,-0.5158021421246317,-0.7905093569941922,-0.8560355203993538,0.6920885342179056,0.6987766349495891,-0.7739403028311149,-0.22197035573765386
-0.36997047404847383,-0.3231270249377819,1.9040725893266837,1.7444048810431259,0.2786228883230415,0.2617866224447169,1.9053108269318326,0.16149306056698268
-1.1487785520092078,-1.17478484654254,0.007060135066830393,1.0652765284223402,1.2471054513054116,1.2843199862354515,0.6248460417296502,0.13787288055125982
-0.4919864545967761,-0.7733301741006066,-0.5125785839043844,-0.7230128167228125,-0.2112684767519404,-0.25327311955010673,-0.2470192889437207,0.05884734000482902
-0.030489562773734213,0.5784845433042302,-0.17223817363543076,1.1763530250597338,0.16160076665017475,0.1384283420101787,0.03962620635922928,0.12387573683823885
-1.1357268177089346,0.3687694008588226,-1.6990966269883345,-0.9846440341100666,1.8044463804682143,1.8718054171106246,-0.7022903767255408,-0.05837873859172148
0.2958277795437375,0.08914561418976051,1.6505808847187082,1.9064369866566613,0.13586500897844375,0.11131443301491167,2.1655578869614978,0.0938401992873814
1.7492082823196184,1.9608838457683693,0.02010334350440033,0.014344525686231357,-1.1925210142639646,-1.2369165307808458,-0.2192003643639308,0.031144659739475052
-0.36200684714346903,-1.281941272028563,2.033068781702711,1.4008866228474257,0.16018292502708123,0.13734784143300616,0.691148640188196,0.0046084081168728365
0.13854590273787667,-0.6641997033284596,1.0206407982947254,0.8849561222429202,0.010900651024679546,-0.02066889155580614,2.2172437202601887,0.06438787605789982
-1.189781036440198,-0.7882320573306212,-0.4477927473715838,-0.8057541781652647,0.7733144875620497,0.7835757308567096,-0.36907866599171824,-0.1509931728262101
-0.1275922871618886,-0.5287587706330519,-0.4818358409966254,-0.6662518252666756,0.05427226424864765,0.025338066921931,-0.5774300101046254,-0.15898320902905957
1.1391297230887167,2.8177377506912182,0.8557830585623771,0.8961508425935247,-0.4606362919769954,-0.512434066467579,1.8376719906980215,-0.20913964066738464
0.284212428183604,-0.8926220346349785,-0.11146367172071119,-0.5235342902867693,-0.6610800231698567,-0.720660155241041,-0.47399554629750257,-0.03388373709393479
-1.0406369024243332,-1.4099247077089991,-0.8838026697522577,-1.28476297295257,-1.0354542054943434,-1.0906893406485083,-0.9709811083683508,-0.1400287435843437
-0.19081951664950236,-0.26687761628209616,-0.36207963230074525,-0.6419160849013971,-0.10186858399939104,-0.13925090929376266,0.22105318769645094,-0.065085703287544
-0.5894274813527992,-0.8083499390710148,-0.6267195962378067,-0.6940497217837477,0.4393209414317498,0.4313336829784897,-0.7022903767255408,-0.13098892160301767
2.3153867707365077,1.4570624984158977,-0.16231574355923548,-0.5544364704475007,-2.0730664037987343,-1.824332695992523,-1.1072697784108716,-0.08549820453569958
0.9978699101382426,1.3748661108636238,-0.7750845583883161,-0.9032484639649535,-1.1084543966399634,-1.1594853564272007,-1.0052098249005135,-0.19893339004330687
-0.3725549182185365,-0.07309585864690832,-0.1305851051861272,4.0785363282111495,2.828146461567168,2.9547462806524,0.07701187717924556,0.11804359362448012
0.1832406465883532,0.747815657491315,-0.4547682155792427,-0.7070644870981482,-0.403023030922725,-0.4537606446965675,-0.4963427004998581,-0.005889449667892888
-0.9446958694624288,-0.3026526007429255,1.1887007690028937,1.2587043968741578,0.8208513018366674,0.8353137484101005,1.1720176694776085,0.13408198746231667
-1.0530684197060993,-1.3499889230853477,-0.3137271483388447,-0.7203290711643316,0.5256271296863061,0.5237241363213533,-0.4115203581501368,-0.21613821252389512
2.0170650159589503,-0.31536820215583616,0.7637069532967866,1.3224548310893318,-1.7912007422920426,-1.694771372795449,-0.02638977074931424,0.16674198945936552
-1.2350227970583798,-1.868889631302585,0.041105293674007254,1.009726004524954,1.1189491865876313,1.1487564356242304,0.4243557683160332,0.15108268493042337
-0.924370218335639,-0.7524830094627881,-1.1319759983465751,-1.0292442576909941,0.6329071356996978,0.6341656894258197,-1.1072697784108716,-0.09337159787427385
-0.2850880623686369,-0.34222422142750275,-0.10699094100180524,-0.40191766157596404,-0.011281640987427712,-0.04457701206914685,-0.1760001453372553,0.01773073034782996
0.5900367630779486,-0.012401733707546278,-0.16999162317792169,-0.6115090583977062,-1.0225675166960668,-1.07808529395765,-0.5659690823159045,-0.005597842507204951
0.5873850564324411,-0.10632045354508052,-0.37531736806440824,-0.6613156356166757,-0.7646771519928302,-0.8232414266363921,-0.7542465146847153,0.002858765152745216
1.9721353254830636,-0.5986430751587186,-0.5067719065816492,-0.452741177104,-1.3404662007105388,-1.3672727435901844,-1.221675241040769,-0.12926843935495883
1.8767288335233308,-0.1436118660240056,-0.056481734002188644,-0.5439814508742127,-2.0210521094115768,-1.8049387599302404,-1.1732857555194152,-0.008222306953396383
2.154472335591478,1.7526879209948847,-0.11683424510399941,-0.4104179361852916,-1.6962745761824234,-1.6372622774153438,-0.8026360002060688,-0.07325070378680622
-0.74480289383759,0.11152753474069449,-0.8220288097648927,-0.7044418516438574,0.763055729807933,0.7734208907585679,-0.12875715330325146,-0.030676058326367484
-0.17702122701982065,-0.6495223475322784,2.2456542641025545,1.1202488895371518,-0.5411982915911637,-0.5974823634860936,1.8860573800612412,-0.038841058825629715
-0.7934812948485755,0.4321295459300452,2.1387476405234227,1.461245055554938,0.8798887981319119,0.8967636362959381,2.123014306589212,-0.07529195391162179
-0.7943202972509671,2.6385030064775528,1.757479631685437,1.4712048738609622,0.7193511256694907,0.7281566053263516,0.9514524718664757,0.08217591285986393
0.8633861203916555,0.18587886416361532,-0.4093082941456048,-0.8367487724548038,-1.4268594231512504,-1.4410326354934575,-0.12875715330325146,-0.13594624333471259
0.5136462433189382,0.2075806157869756,-0.14922772524129588,-0.4383434977399111,-0.4562892334154295,-0.5086516306658543,-0.5716723872069137,-0.16714820952832177
1.6498443734263892,-0.8708677724678083,-0.22383589752362448,-0.49395501288695914,-1.4439154192192423,-1.4531023111365986,-1.2387058273705522,-0.056629095627593856
-1.1256926853395903,-1.1592958356052279,-0.6501710790973674,-0.8431180674293769,0.821750367257148,0.8372585990547292,0.26064847156477494,-0.18931035374060498
0.9818298823994726,0.714048282691488,-0.06710496129389641,-0.39519192855807994,-0.9384557251858264,-0.9978401806494754,-0.05862393552694408,0.012190194294759194
0.20878136498935584,0.39395247135803835,2.1315039635929995,1.2060082809820798,-0.39884509447486427,-0.45003194355000303,2.3853061299966263,-0.10037016973078433
-1.0367105477719754,-1.0002644756592647,-1.0653023156630759,-0.9539250384733454,0.9316253905846779,0.9508915095363125,-0.9491933148849384,-0.22109553425559006
1.1824326489292223,1.100017235904518,-0.4035109956055495,-0.5956738474276069,-1.0225675166960668,-1.07808529395765,-0.4115203581501368,-0.03825784450425384
-0.0435693898142282,-0.5304381604638603,-0.5034116082476553,-0.7448664515672833,-0.32761532588671133,-0.3752964070764875,-0.6162536973976368,-0.011721592881651624
-1.0038588940518585,-0.0695512875646156,-0.6844038530257553,-0.7203290711643316,0.9514851935347033,0.9706960561925186,-0.638239605198631,-0.03650820154012622
1.3636683928764035,1.6916479613570203,0.1221145087579886,-0.6046780609709871,-2.127016552516387,-1.844761453538512,-0.7058570291633617,-0.2129305337563278
0.7613475966841474,0.4479376882896808,-0.0016659495006961988,-0.4509249773390904,-0.8475421591509754,-0.9071945359237595,0.19016593675615873,-0.21613821252389512
-0.8579667060265865,-0.666185335113516,-1.100963375116573,-0.8928563341048439,0.833387761189321,0.8482132460529266,-0.5688140091410778,-0.1519846371725491
-0.5014761181429407,-0.06465860143265155,-0.8881594772999132,-0.6762312566297293,0.671299784813344,0.6763372680802248,-0.06231395207797532,-0.03738302302219003
0.4024933951090605,4.364017021865707,0.18004296164160297,2.9667409533194684,0.13874720265948,0.11472602254747846,0.6985534936450553,0.48750986621609566
2.1196438665041497,1.8131968353147205,-0.6208784707644288,-0.5095729343799501,-1.4482109570109094,-1.4568939103513336,-0.8506757340053788,-0.11028481319417416
2.4806228753243116,-0.12453188470962726,-0.5302242390045304,-0.19974000055667754,-1.0915377176000287,-1.1448705128559409,-1.2928804846439905,-0.17927906741293995
0.8092977863166897,1.3976392355368228,2.3821405040978596,1.6544142722083286,-0.5573967052951608,-0.6137804994040655,2.228032174514792,-0.07295909662611828
0.940945286663575,-0.4690667267925435,-0.23629008888953362,-0.4312556036798758,-0.8055176821032899,-0.8669829585163371,-0.4316364931706786,-0.1441112438339748
-0.18122808843753535,0.24177819069052098,0.733749107784868,0.2152295263793018,0.12427859011206308,0.09789836549462531,1.196805324744228,-0.2103060693101364
-1.2944444691130153,-0.41689022833381234,-1.0362479188365141,-0.824183633340422,1.7333709004438937,1.7985986226665789,-1.0867747365558071,-0.1212200817199718
0.2517657825367907,-0.5968040500651082,-0.07333175393338481,-0.5565465899885946,-0.8733542880850439,-0.9344420851970202,-0.16420375477530733,0.02502090936502838
0.7678276858247849,-0.3388987806295231,-0.7403261542485211,1.4503293671037674,-0.15201376818117376,-0.1923668046337283,-1.1655844305476601,0.1375812733905719
-0.3571972679220643,-0.5781814840863281,-0.5027150875359149,-0.8118428837442976,-0.1189648074044629,-0.1571834168782419,-0.6350493823088942,-0.18522785349097387
0.5742918711177515,0.7908269829491312,1.7763123869197843,1.6106468111794296,0.15021901677426985,0.12660050262439881,2.3214386583646296,-0.12049106381825195
-1.0211549036117527,-0.3850884530265578,-0.8257588505348251,-0.8149074724152487,1.0353087084593737,1.0600070763215055,-0.7620472143315833,-0.10124499121284813
-1.1048186723899056,0.8640094237305765,0.24005179551963998,1.018435176034048,1.0275310989036794,1.053889310935794,1.1681619295850587,0.13641484474782017
-0.3514299524312332,0.5105284206658227,1.9148153545837796,1.989526463124222,1.3042747149495266,1.3449575896090884,3.01987055465633,-0.11757499221137259
-0.1844561334569694,0.3093120474997851,2.3284607666532504,1.4226831360350778,-0.06164192156817854,-0.0967970112203152,2.4856071859880475,-0.05546266698484211
-0.5074268980296924,-0.624610866070748,2.0567549117895805,0.8971830513183371,-0.4156295707425527,-0.4662434486838584,1.2041387985629166,-0.06566891760891987
2.1411088392882136,1.0323914252136186,-0.7531392106773843,-0.6889116786892082,-1.5833780053628799,-1.5588930975798132,-0.9078407312655297,-0.038841058825629715
2.142712845929585,2.197427119401868,-0.11293077623680006,-0.5607862573524375,-2.0338817767170307,-1.8096959439918234,-0.7058570291633617,-0.18027053175927893
0.1317355417379471,-0.2682706920004462,-0.04005080870143205,-0.3705378177228054,-0.5183672221960615,-0.5724645948565229,-0.4071395720624444,0.04601662493455983
0.3318715110728336,0.6112210396234177,-0.6119992577057021,-0.5439814508742127,-0.15201376818117376,-0.19145627304797885,-0.5603190801193723,-0.00851391411408432
1.6940228835184399,0.04901387586047276,1.5188290914837757,1.2015407166269936,-1.55531758851267,-1.5394991615175309,1.0751319259452756,0.11075341460728173
1.518505587365862,2.6659383773774596,0.8250599288598734,1.6182274435750004,-0.17685697245037138,-0.2170209580375522,1.0027271162420566,-0.04758927364626782
-0.5252070298558965,-0.7939545984249539,-0.5463496036521962,-0.7997186497331767,0.061882480905445944,0.03450140403656827,-0.5603190801193723,-0.1703558882958891
-1.049022543463742,-0.21118209030278504,-1.0141348538405381,-1.07692272071696,0.2307810163884382,0.2102407288889323,-0.6479125449132416,-0.20943124782807257
-0.2633813765677685,-0.4051051863815218,-0.3762291916046239,-0.6138011454501293,0.1081945397265843,0.08254418288497287,-0.3430079734968831,-0.0435067733966367
0.2348845893291218,-0.0987708553231257,0.3766540285610422,-0.24400402193550721,-0.6143497418473671,-0.672917648219808,0.5028712078193852,-0.21176410511357607
-0.44375737759984707,0.35787658044137066,-1.093572105021755,-0.8625859354412149,0.2654910689714304,0.24813725881153487,-0.7094448488018528,0.06292984025446013
-1.2419598561343115,-1.570038838145721,-1.015638553928472,-0.9464540077328848,1.2697165794205565,1.3093917190402498,-0.9385869755629679,-0.20651517622119323
-0.5170184449722905,0.8432935564598969,-1.2693067519671979,-0.9885817291672555,0.4682820112667469,0.4614760112489504,-1.1072697784108716,-0.19076838954404465
2.1294147558761902,2.3924974945715016,0.08801644215258003,-0.3252315522955293,-1.8298628453298635,-1.7166600954810507,-0.5382327577620989,0.002275550831369342
0.16958494213776268,-0.39549104778796595,0.009076838969684087,1.600470322411972,0.8072979814600088,0.8197506890472661,-0.15839076926992518,0.08713323459155889
0.4269534018454938,-0.3598995482845813,-0.16872214825962684,-0.8463248648903724,-1.523252456408136,-1.5165612644981668,-0.2674565872737693,-0.18143696040203067
-1.1795355305609896,-1.1933920685759076,0.7707777451140381,0.8982137205813928,1.678675558968049,1.7390122002672728,0.8661290442402918,0.0693451977895947
-1.1389062739147011,0.47317416414169655,-0.7051037214480521,1.8407391722734159,1.9210141638223275,1.9954391575457682,-0.4339135046561162,0.1160023434996646
0.026833086045865723,1.5490980006171131,0.19671584681448276,1.6805495114142988,0.3661284690353916,0.35374659648249485,-0.1972144565629369,0.18832091935027287
-0.5707796616827624,0.39224132804204687,-1.2169968919721106,-0.264471370231282,1.5032471564231409,1.5551574851324552,-0.5143135389604322,-0.04117391611113321
0.7288347129274099,0.7485793220464388,-0.13806111075993174,-0.47491624368604,-0.7380756176790293,-0.7990731824661992,-0.11648860935141363,-0.2097228549887605
-0.12603168950523655,0.1317572986287723,-1.367606190396476,-1.000531253630541,0.0481551963375474,0.01905122131889091,-0.8196665865358523,0.03406073134635442
-0.9218235030862086,-0.827458798803505,-0.6819991071959947,-0.7789999875105901,0.7611826766480826,0.7696805835676549,-0.1526331463722135,-0.170647495456577
-1.194776920894698,-1.598196715588126,-0.8664893816164964,-0.9317499718913053,1.0728272555758926,1.0986733535775508,-0.6677354957211072,-0.2047655332570656
1.789667388522815,2.0159942143657363,2.402178244741554,1.4348702583286015,-1.7535429641603812,-1.672390491717616,1.6877155240307484,-0.08141570428606845
0.1556550843893152,-0.24429185330670966,-0.6529989149911226,-0.6992262524510623,-0.16083755040584666,-0.20130598366631078,-0.7739403028311149,0.004900015277560774
-0.8946435233473485,-1.0776840374520875,0.9998052259725172,1.0614243228649418,1.204942975785959,1.238826657325627,0.8979477832933876,0.06438787605789982
1.0896386802478095,-0.09793417681300423,-0.16589546720203396,0.6093318360382567,0.01717660430656493,-0.014603795317233933,-1.0669517857479418,-0.14128265437530182
1.0209929856483364,0.2944764166298851,-0.34567949936933723,-0.6613156356166757,-1.1925210142639646,-1.2369165307808458,-0.8153637510426445,-0.062169631680664625
-0.8984596954743547,0.4333749399375118,1.3653840034756264,1.2897821001894816,0.7183862384830836,0.7242134429533478,1.9556274068926636,0.12241770103479921
-0.8444143917360937,-0.32255786531766845,-0.8620192010447902,-0.7096971135687657,0.8484662880925167,0.8630991171697714,-0.5774300101046254,-0.006764271149956699
-0.7972091654139037,-0.4860088947150133,1.859925087767856,2.0456734662512215,0.8054812607409905,0.8187490133548694,1.7602310876808953,0.2851344966986678
0.30587087014009845,0.8887411767489507,-0.6727351383791131,-0.4674452129455794,-0.019286868086713198,-0.05167397528822875,-0.4524450961503504,-0.007930699792708445
-1.0670132753494492,-1.362922844690883,-0.5067719065816492,-0.7617224972842638,0.7899465201984309,0.803207996388843,0.11498642050819584,-0.19310124682954816
-1.2424760012967142,-0.6000851031001667,2.4519476551353776,1.2940061295215577,0.7222419400751171,0.7322602709286489,1.7693022988692289,-0.10649392010523098
-1.1515249173286988,-0.4518074581487112,2.300624462671746,2.186938395632322,1.5856752213976835,1.6414574181160522,1.7190964698694318,-0.04408998771801258
0.7671429804574046,0.45127259815452864,2.4283488428750455,1.7490057035352624,-0.4803609900442009,-0.5345750153724452,1.742729935322397,-0.09045552626739448
0.07116775362895604,-0.5948796868782724,0.4069412051982374,-0.4473068349758397,-1.088177941023164,-1.1423483408916566,0.5645285082627041,-0.21059767647082434
-0.6832128074517786,0.47407873919260246,-0.6017051316961278,1.523869430552726,1.269056555305328,1.3080753135116816,-0.09267409697879468,0.11950162942791984
-0.44277100090419785,-0.7965759447657048,0.7152148348007017,1.1622651702302145,0.28644526131578146,0.2699143619730538,0.9709702863062468,0.1428302022829547
-1.089490786914591,-1.1427273357341692,-0.8977653568369607,-0.9925419899353243,0.5322268813453185,0.527943122456399,-1.1072697784108716,-0.11407570628311735
-1.279333354016478,-0.8817345045188264,1.891048622004261,1.3968941879103889,1.2900296942346092,1.3302309608070082,0.9560480533630683,0.0515571609876306
-0.49153758862642305,-0.8740318834204884,-0.15525105654729354,-0.5736635916835955,-0.32761532588671133,-0.374167431045685,-0.3031333588037286,0.029103409614659497
-1.138897980318412,-0.668928133743341,-1.3925976487145324,-1.1281360436894476,0.8502299658575535,0.8667087270454221,-1.0604859932616053,-0.2231367843804056
0.20523072440990425,-0.8969344061574567,0.5077032327876226,1.1489597223908965,-0.32364885844920677,-0.3716393388812675,-0.10182415455361958,0.1474959168539617
-0.14703408537576998,0.23793833359065783,-0.8881594772999132,-0.37702672561204853,0.4932978043132597,0.4886783923821649,-0.7739403028311149,0.03581037431048204
0.0071048371082444205,-1.17559758815224,-0.05253584812618908,-0.6863569119615435,-0.8390392436087902,-0.8993400597442964,-0.28860903655673215,-0.14702731544085418
0.5082137773833416,0.31455655854255143,-0.8276370049782457,-0.6737228560071363,-0.1876357800518902,-0.22806010408685468,-1.34205765214608,-0.056804059924006604
-0.9803424468807436,-1.0041979917650605,-0.19860099125036607,-0.5095729343799501,0.8054812607409905,0.8172804897252942,-0.92301841131138,-0.10970159887279829
-0.4983892642752997,-0.8155958208209404,-0.43220825890741527,-0.6737228560071363,0.16301722298567914,0.13932889378236804,-0.4316364931706786,-0.010846771399587814
0.34539200375195456,0.8578117001752321,-0.4854185354041954,-0.5195164672669675,-0.19849532853750815,-0.24037964933731337,0.43745113596824786,-0.04758927364626782
-0.6996645356712438,-0.4061281015204476,1.703459392087568,1.3078077338333314,0.42402939335459916,0.4142496634142575,1.4156968895256297,0.08538359162743127
0.42879681050320995,-0.30455176841450493,-0.29541555887307447,-0.8273035646567765,-1.1290184711336237,-1.1806530894576563,-0.8068488802144457,-0.1729803527420805
-1.1295339828538857,-0.5361611317375421,-0.8545663334786407,-0.11666505264030151,1.8445008052906815,1.915093775112491,-0.15983878393750597,-0.19864178288261894
-0.030322693413738538,0.1533917553091797,-0.5232773245228555,-0.5715006365132252,0.1516466318025443,0.12863779044379015,-0.6882305375761715,-0.2231367843804056
2.5240599976874365,2.371026551997248,-0.43631293330110554,-0.17740565991113938,-1.5097244303093944,-1.5066710863081787,-0.4006273457011522,0.062055018772396324
-1.1741494787650502,-1.0879006311731325,-0.8095408924524226,-0.2798756549238505,1.8484903159864525,1.9195561234542464,0.14548926742800394,-0.04496480920007639
0.1694752432826859,-0.3518653589615434,-0.27192347263945,-0.7819220367384917,-1.1255708049569109,-1.1774253295346513,-0.29220753429282403,-0.0009321279361979625
2.149572066461242,1.122755000608072,-0.33137377413366703,-0.3297830305229025,-1.5414884571574021,-1.5301584937581252,-0.9128577379400681,-0.20173281878591107
-1.098601379207271,-0.3893184941078734,-0.5336682993105987,0.6844852453944346,0.8953482888152913,0.9132770394105222,0.16950275532701917,0.1200848437492957
-1.1810916990100155,-0.1378642602708782,0.8107509892068978,1.1840572699901613,1.1182168082219364,1.1496471388499077,0.18935282858423463,0.14574627388983408
-0.5207758954080745,0.13761041464864746,-1.2740712080774572,-1.0462037250802392,0.28904336764565436,0.2723808921719249,-0.8738412438092906,-0.08552736525176836
1.2482330857946096,0.1722922313009906,-0.2501794404477272,0.048634088119991495,-0.7727537352443203,-0.8328294654649052,-0.6287190015903296,0.06147180445102045
-0.8362567450490571,0.31285938371015076,0.3354913501301541,1.1140593789735622,0.7695924240437066,0.7799337707511805,0.8361814349446405,0.14428823808639443
-1.1295315648946804,-0.49429827216436617,-0.935378177787065,-0.9925419899353243,0.8867800431648813,0.9033476123243411,-0.6882305375761715,-0.07957857917373444
-1.1962921698505744,-1.4717859167381628,-0.7591740231066161,-0.8826181673984916,0.92661763795754,0.9480772358372412,-0.7942973047644263,-0.15577553026149227
-0.8071086971476225,0.3823909788575429,1.0160783523855774,0.7525793684463814,1.1342442803912267,1.164448020007741,1.1562805817773834,-0.008805521274772255
0.9707588882616754,0.8353523303888624,-0.3381397755605386,-0.4824689266523631,-0.7673643500635173,-0.8263496426346855,-0.7351740864247526,-0.2190542841307745
-0.5833187805584856,-0.837986750671439,-1.0252956409794924,0.4243353399497601,1.446544471221804,1.4955707156532996,-0.31239151576814683,0.08042626989573631
2.359130401897959,1.2445942953383957,-0.6550311162940564,-0.6637793231201189,-1.7376986212712016,-1.6624861019183457,-0.738940739324329,-0.1763921565221294
-0.9243641589837431,-0.2646012646124482,2.506933201491621,1.6923178335089302,0.8351698670610062,0.8495657071806029,1.5820216295770981,-0.13244695740645734
-1.1780026044222918,-0.4832442791210149,2.0434791437276685,1.437352911904275,1.0953275977095946,1.1261913501961376,0.9009642344647831,0.02152162343677314
1.6030427084373535,1.9157999196206588,-0.8996394021604193,-0.8527834503376818,-1.2971870780249954,-1.3320094033546521,-1.2387058273705522,-0.11384242055456699
-0.684023058058629,0.8142646694401404,2.1454691955328173,1.7408389742672497,0.4694285063395952,0.4625680460010652,1.3914594117674584,0.10142198546526776
1.8085930230830805,0.5864460894908711,1.5303638866050937,1.821718790571129,-0.8027588935561024,-0.863326129104959,1.808992933680092,0.11250305757140935
0.5466092381417219,0.13983462725625934,-0.5120083510896666,-0.3192091733294777,-0.37607921282878043,-0.4259316534464731,-0.7427310077568168,0.06234662593308426
-0.8912732459904299,-1.4479406232191918,-0.6946198113892418,-0.7703072488343214,0.7788797264271884,0.7895256463660344,-0.6610553632804993,-0.0913303477494583
-0.5607704340623055,-0.40013593252090934,0.008534880345641408,-0.3252315522955293,0.34255489363478275,0.3295193740805068,0.3125875942033077,0.02764537381121981
-1.2906106454480837,-1.40415441429998,-0.13806111075993174,0.6973442302724284,1.1086620672879455,1.139538805174185,0.3334585630302578,0.12533377264167858
-1.0903941140333224,-0.5803460161614687,-1.0278762382916082,-0.9885817291672555,0.7280063331330356,0.7370672632533511,-0.9438668854095947,-0.13973713642365576
0.6347438674416793,-0.30418637106384383,-0.41063264588819093,-0.49202735860281593,-0.4240952470264656,-0.47641338909476894,-0.39418452271783694,-0.16773142384969764
0.33533571569933285,0.6601512922349055,2.2281629470836966,2.241672841396254,0.5765385385550311,0.5757147066551622,2.957152302611414,-0.021927843505729412
0.007809491492573119,-0.9321216485971783,0.14821325567765323,-0.5823837529750057,-0.9085012929551686,-0.9685383533758932,-0.13987555100006596,-0.21701303400595895
-0.4201377073400789,-0.09023130847032898,-0.5562511075420097,-0.776090241684289,0.023425505981736004,-0.008026129763838735,-0.4071395720624444,-0.06975141785855098
-0.5127435349857077,-0.48446878571416063,-0.6697647086302603,-0.7588844497111558,0.3661284690353916,0.3531902304012984,-0.6350493823088942,-0.14936017272635765
-0.4998716299365519,-0.6243437774107023,1.259535974871667,0.8700996720474248,0.31477151304031287,0.29914523499617096,0.7670658782983084,0.06322144741514807
-0.3222589597821487,0.135962530825112,1.6005647830406111,1.1326474714206427,0.37349381736223347,0.36141899703571323,2.4014883433253553,0.03551876714979411
1.7711935637418958,0.8340853598319209,0.007293351605143153,-0.37702672561204853,-1.6709730100090678,-1.6193781689154068,-0.6350493823088942,-0.039715880307693525
-1.271056291073997,-0.7718669909030799,-1.0263258815892886,-0.9245136375744899,1.3158265126754958,1.35579259487202,-0.878582804074089,-0.05108855957452306
-0.21457875495511658,-0.3912448941642123,-0.6351595728964524,-0.7703072488343214,-0.024111308292881804,-0.05702895817606394,-0.7240129232352036,-0.12603159987132273
-1.196593241166568,-1.515148900721386,-0.8220288097648927,-0.9464540077328848,0.8009294738178989,0.812123844964572,-0.8110913245348657,-0.0954128479990894
-1.1627683170593233,-0.7210920327340662,-0.5854585514397528,-0.6443114551082808,0.8226488754632009,0.8358212217100035,-0.14551238283725185,0.06555430470065156
0.06682266909598433,-1.0035229966522683,-0.16601534518623687,-0.5175162817525839,-0.261618308124888,-0.3067885647561857,-0.5920686389915416,-0.19776696140055514
-0.15675354587588194,0.3439731192489246,-0.5549800949120864,-0.539843333043579,0.25888028257771195,0.24156628727856017,-0.3509106459591556,-0.22080392709490212
-0.9802868536714523,0.3180252448203896,2.4084707430302923,1.9123970375087107,1.354303567558541,1.3974985385124556,2.26716382123047,-0.09162195491014623
-0.2286512069060251,-0.5073733944260351,-0.061573360363759336,-0.5845810954074825,-0.3536653125643918,-0.4024689230091467,-0.05985144018154258,-0.07645838255437352
-0.8064447581116927,0.8057558951062106,2.6989279722252784,2.3513679341696636,1.1443520908670015,1.1752638436964016,1.8208254687707655,-0.09103874058877036
-1.1389056406879428,0.08358062901738463,-0.5963918084247798,-1.260930831525797,-1.0814816568590047,-1.1332399497522645,-1.0052098249005135,-0.09103874058877036
-1.2932292015806395,-1.5503000902203552,-0.4469444426884086,-0.8860140642211216,0.45907726323937836,0.4499552286809877,-0.08622210580593125,-0.13652945765608845
-1.0294262022753244,-1.0372772114614077,0.014380048138946278,1.7633638579222022,1.8795840162614248,1.9534551913888814,-0.34892527197546713,0.14691270253258584
0.05296684513278232,-0.017292069513946785,-0.18617836278872518,-0.49782652784615006,-0.14499320751666706,-0.18431758394718478,-0.07226554855469408,-0.10153659837353608
-1.2817755367890524,1.6629070524190028,0.05150228929011647,-0.011096271580806758,1.8373811202923307,1.9082331703566269,-1.8374472385730765,0.050128285900259736
-1.19253831744327,-1.0073516896630796,0.7617930306526861,1.1112275339531648,1.0468974427818385,1.0731469125859967,0.8061410405677794,0.14662109537189794
0.13833361399321834,0.8914733866324218,2.201391756107698,1.2213405076100456,-0.5975060658898962,-0.6543155263104556,2.01611158221808,-0.01492927164921893
-0.20470522399459676,-0.1578035765271645,-0.16962850448346242,-0.5296051663372268,-0.00014806941887281425,-0.03228633456121868,-0.2554510272227439,-0.21788785548802275
0.9479175968478382,-0.4093878402275536,0.026413183563068224,-0.6467151570543942,-1.758863127723768,-1.6740664173346484,-0.19413788078974678,-0.025427129433984622
0.07788652142232655,2.551727966844157,-0.9466272730650805,-0.5736635916835955,0.13874720265948,0.11393900185802681,-0.25885692825771894,0.062055018772396324
0.5360145376007812,1.1775832554236316,-0.5500927426884894,-0.3835771406539095,-0.19305538615436713,-0.23430723499090364,-0.1819857965588245,-0.09103874058877036
0.6931077792920504,-0.013622935600478697,-0.4924103460264576,-0.6762312566297293,-0.7249556824891215,-0.7851401459661473,-0.46913973035440587,-0.01113837856027575
-1.2922483042931505,-1.401276949948197,-1.2489926144707006,-1.0635898901947878,1.2138856652437564,1.2523366066136177,-0.8644682524187145,-0.15956642335043544
2.457828756191176,2.6024024265324877,-0.5944611506700618,-0.7070644870981482,-1.970839542510722,-1.7842338044694401,-1.150469997437547,-0.04374005912518706
-1.0719977739698745,-1.5246602635987552,-0.22217667769966382,-0.8057541781652647,0.06642950902624802,0.03977742571945311,0.26855114402704744,-0.21584660536320718
0.5157180467758418,0.49679818914361207,-0.4221841617129542,-0.37539877759705814,-0.10527173801295711,-0.14342444057392723,-0.2081074690119215,-0.21847106980939862
-1.1867905137156896,-0.7142555312258418,-0.2730188469585914,1.684274484507549,1.911297068515307,1.9847867669548405,0.2592004568971939,0.13262395165887697
0.5853635925902656,-0.31044602904247587,0.7440193731955707,0.5514377209623419,-1.3646291424492574,-1.3881871550493616,0.1029043952446477,0.1200848437492957
0.0778723538363138,3.8689448737710204,0.0455438595457402,0.7713935144548278,-0.7016349177865213,-0.7596326992569504,0.05810272936178551,0.1320407373375011
-0.794947340717723,-2.1185656752017996,-0.879850220033105,-0.5235342902867693,0.9791622048592957,1.0020003499065615,-1.0477582424250296,-0.19397606831161196
0.20483809106195602,-0.029521143290113773,0.2280205548608659,-0.22282033687187983,-0.34359061639764643,-0.3923474051765608,0.06713345747439661,-0.018136950416786233
0.07549387968950567,4.593836181438435,-0.3784668892999518,1.6700957570940318,0.4567669154292125,0.4498176059354426,0.2826602052766469,0.12125127239204746
-1.1272154605647622,-1.495225342320861,-0.7518392643761855,0.682729047212223,2.496288480440162,2.6040347205718213,-0.9765529988218078,-0.21409696239907958
-0.40780307047956665,-0.40634988306919145,-0.5216687383065101,-0.6092245485063877,0.4393209414317498,0.43041081574949297,-0.6847660820508905,-0.19718374707917927
0.601775812080749,-0.5680037185064912,-0.42791437932447707,-0.40191766157596404,-0.22600550778488615,-0.2685360565811537,-0.20653925585059854,-0.11349249196174147
0.5441489942792392,1.2417804972583824,-0.9228412602956578,-0.6812755389734592,-0.3355809664984644,-0.3836981191407808,-0.6711034478006265,0.05943055432620489
-0.7173694371356878,-0.7103551566068825,-0.0439631123286701,1.5423619046028822,1.0856202947540288,1.1134848986118537,0.28544292979722896,0.14166377364020297
0.32673721139589634,2.5148398715706333,-0.0603748975750388,1.583869661219356,0.3185916547607738,0.3032806617686733,0.9236035167111886,0.1337903803016287
1.6599085076256848,0.9213237971004313,-1.1401202488653344,5.272157885473033,-1.2033805627495826,-1.246694467733466,-0.8283652378289683,28.528775205844827
0.3261435839035685,2.3824945108253206,-1.4738165499018536,-1.1730585165710532,-0.8277790476302087,-0.8892561193241091,-0.7779572334551065,-0.14119517222709546
0.15284446637444127,-0.7718669909030799,-0.5362331178100365,-0.7149926460926062,-0.22785821467481102,-0.2716285233916177,-0.5659690823159045,-0.21088928363151227
-1.0333772324974033,-1.7486039119589178,-1.3165069560031133,-0.9427485639340681,1.1027507728836343,1.1300405696367197,-0.6711034478006265,0.014523051580262656
2.132092490211269,-0.5133063221295014,0.19833346869206622,-0.2985347883638312,-1.8131669647104387,-1.707387284263381,-0.987853249975778,-0.12836445715682623
-0.7683523699087913,0.4219823981723922,1.9447696205523832,1.6888001301040143,1.0228444258218856,1.046789362473269,2.4811786611601847,0.047183053577311576
-1.2204118764588867,-1.2374195400400585,-0.10585474786253152,0.9744405036328163,1.1269810239960003,1.1569908760106513,-0.42037833105036587,0.13933091635469955
-0.029972516326328906,1.3654604122239642,2.3281053890577335,1.6717790208973449,0.0709623202563551,0.04273015771194549,2.5507429459020403,-0.05983677439516116
2.4209271216949815,-0.03328829834065042,0.11918819162368235,-0.5017198542722824,-2.6120690773365935,-1.9462840403417083,-1.1810864551662834,-0.13512974328478636
-0.4342824481154138,-1.3268274165097884,-0.38671122660154456,0.8499648984491232,0.3722688549369587,0.3603110141285254,-0.5195477347282678,0.1160023434996646
0.2438319681549364,-1.2801394003846593,-0.008479292010746767,0.9384715266263415,-0.267322222147962,-0.31164089502000364,-0.5169249721126223,0.12504216548099062
-0.3945886977416401,-0.31647223129746516,-0.20003442864255855,-0.5586631723867641,0.14018615359057682,0.11540156910605469,-0.26400203024679325,-0.21176410511357607
-0.6996436878304318,-1.328475790833415,-0.41074320684459487,-0.7967205382507511,-0.2039557603941756,-0.24715625445029896,-0.47156276299563665,0.01073215849131951
-0.9227030698202396,-0.33256570824212955,-0.9525871959249059,-0.8335860044043412,0.8798887981319119,0.8955007030657796,-0.3352072738500151,-0.014637664488530992
-1.3849196414582168,-1.9660091492350265,-0.8508913686152558,-0.9614777214396685,1.233638165013445,1.2735315280579753,-0.35290256154933536,-0.22284517721971767
-1.2476440199348038,-1.4559492684020587,-0.3375868942340453,-0.6737228560071363,0.9081064492759165,0.9234125095996816,-0.3199014984896289,-0.06304445316272844
-1.1203762979597272,-0.8269039306836808,-1.0222207555455114,-0.8335860044043412,1.20632236974736,1.2412931572857926,-0.7984522753101707,-0.0012237350968858994
-1.1910672535651095,-0.10664387046780349,-0.9687800240425268,-0.8725294683282323,1.2028714208575484,1.2365559283914525,-0.5464208626350984,-0.027176772398112243
-0.794877139677876,-1.2931308977508396,-1.1292977093633312,-0.9067475277076501,0.6891369018225618,0.6946452770857691,-0.5221819255395427,0.0098573370092557
-0.28389521186052763,-0.5773164796717375,-0.17199469372211373,-0.5736635916835955,-0.17506827025670044,-0.21563988626292507,-0.45009734238537275,-0.03650820154012622
-0.6406180316544701,-0.45545319486380315,-0.5187605178733742,-0.3297830305229025,0.9241072599379586,0.9437868899523906,0.11221961552001034,-0.006764271149956699
0.4835322277053516,-0.7385731263862119,-0.5908010440687427,-0.8057541781652647,-0.673631988540918,-0.7319698998382845,-0.9385869755629679,-0.198350175721931
-0.9268616187344156,-1.3812764229558814,-1.2599448923277226,-0.8826181673984916,1.1371394245267472,1.1689937151510956,-0.9028650172951289,-0.20768160486394496
-1.2242930883388605,-0.7251130793490774,-0.3113917971861141,-0.7848564938559499,0.608124601554344,0.6108837655249344,0.07896833789873675,-0.2190542841307745
-1.1981297069258485,-1.5255135974989686,-1.283773945004086,-0.776090241684289,2.077334509615297,2.1619304322691293,-0.5301540740502383,-0.07266748946543035
-0.3571423529525152,-0.678012429197339,-0.04211208457960812,-0.5155218687873921,-0.10527173801295711,-0.14367136466874705,0.06413817883828515,-0.12282392110375545
-1.1525908364816564,-0.812808571295875,1.724963166807788,1.2963256235817096,0.9190734252136152,0.9382085627173457,1.2056554723004325,0.09034091335912615
0.54839984852664,0.6203568144881136,-0.11981376849266151,-0.3162175512861359,-0.3177194311894973,-0.365694282526863,0.23630105359420414,-0.21788785548802275
0.0778333726748029,2.5772631518518856,-0.7899379013781689,-0.7848564938559499,-0.40511652290248695,-0.455499267460929,-0.32559584986526563,0.0603053758082687
-1.2174356539228959,-1.0791446660249944,2.3620991462677647,1.3090876133050529,0.6339306041107616,0.6371029877557198,1.8005588427192158,-0.10970159887279829
1.3148274464668224,-0.3258869543462092,-0.3088985616756403,-0.5715006365132252,-1.1498784417287415,-1.1986663592247786,-1.2301305653695658,-0.13343842175279633
0.23484839522810733,-0.12064480425807952,-0.17763259930026368,-0.46005408780881335,-0.3638105110272128,-0.4132395756947615,0.5124826318041343,-0.0009321279361979625
-1.2332183840632223,-1.5232648670094548,-0.6210655679526463,-0.8335860044043412,0.9013160717841844,0.9209707190933513,-0.5491750625454654,-0.07120945366199066
0.5412869879173247,0.18798394364474819,-0.34680868976805607,-0.37539877759705814,-0.3801919615276227,-0.4296924365928486,-0.1569462146167937,0.04251733900630459
-0.23735114839391064,-0.4016871890244922,-0.6330328135924683,-0.776090241684289,0.04201220856976395,0.011858055753537804,-0.5547213935090258,-0.017262128934722423
-1.2938949880754047,-0.6712173487737341,-1.2553449205608436,-0.7203290711643316,1.9948919444072022,2.077048347405639,-0.7240129232352036,0.011898587134071256
-0.011577267506293593,4.559659843694829,-0.4628741410677621,1.035108722785952,0.18409965380519294,0.16218225032238148,0.6327127218223889,0.11950162942791984
1.246651708207117,0.5998382948782306,0.6125225023388731,-0.0006181938799318277,-1.2327434488868856,-1.2764307681563425,0.5885419961617193,-0.20913964066738464
2.1496641264247236,1.9157999196206588,-0.8092411300571752,-0.5076012822214526,-1.2551626009773098,-1.2953230637865865,-0.8196665865358523,-0.13142633234404957
-0.6125329891953749,0.20546615563929405,1.80473156831008,1.7390872277962302,0.7723848671749154,0.7822216183274507,2.4700381460973153,0.0713864479144103
0.0663139314772135,-0.06103177088921109,2.405638028448243,1.5014351399067463,-0.3020251729781319,-0.34728855520055196,2.1199173947724956,-0.08462338305363576
-1.0518786521253485,-1.0216766029616378,-0.8770000608257303,-0.8625859354412149,0.9588630361449916,0.9804410863716437,-0.39418452271783694,-0.04933891661039544
0.45787223047507747,0.20437985658995778,0.06942841051209643,-0.3901902400454696,-0.9114690379916656,-0.9698712763794064,-0.0002247196979359512,0.04572501777387189
-1.1205511603748453,-0.8275597043195437,2.2574146143708242,1.1361233777937458,0.46138393507693387,0.4537757472412891,0.9800580391835184,-0.04263195191457289
-1.1972647037487878,-1.4273598298561498,-1.0984844019912667,-0.9885817291672555,1.0384081066341302,1.0652226313589168,-0.8881789711891058,-0.10795195590867067
-0.5746959390617905,-0.9485645483288854,-0.6815634307110895,-0.6940497217837477,0.34505445105407917,0.33176520223161043,-0.20030676936505354,0.05039073234487885
2.2880163929655626,1.9840337210466967,-0.6134654973517926,-0.7203290711643316,-1.8411012190044416,-1.7223335087640435,-1.0734874800479295,-0.04823080939978127
1.4793806462026162,-0.8487368522770111,-0.5094523223322676,-0.7997186497331767,-1.5881080028509238,-1.563899030199857,-1.2651865204471857,-0.21526339104183131
-1.1708293000433425,-0.8838748271104587,-0.5275494348099267,-0.8118428837442976,0.6960147192690443,0.702287994711506,-0.7820010333799621,-0.20359910461431388
-0.7368478241282389,-0.7294765379093853,-0.5315683830762031,-0.7476473954117887,0.45561035936942057,0.4485964977542314,-0.48630851438388584,-0.1271980285140745
1.495199277841217,0.6822492860772911,0.8316563677943902,0.3993544171878466,-1.2253467851679787,-1.2664530042359836,0.6104227929766727,0.01685590886576615
-1.1672228593390326,-1.2707620212864081,0.25431616762658243,1.0432970248424194,1.0660084886303804,1.0912171585044979,0.7441056820758205,0.14428823808639443
-1.0450916810854347,0.014858929296618124,2.176803759889935,1.744556214365264,1.3623732344109931,1.4073913585792277,1.8607618248902067,-0.01201320004233956
0.6260071810301578,0.2504950592365627,0.9697590487782872,0.4424957207872183,-0.6536006792681969,-0.7106235970624711,0.6705801910311543,0.03493555282841823
-0.5684755437192897,0.9588235996417284,-1.3786594237118774,-1.004560790486361,0.5355155245946168,0.5325705526329674,-0.45716813450658,-0.03505016573668653
1.0845446097087073,-0.3514891435635136,-0.18422859459368715,-0.45638795924896525,-0.9567300378745272,-1.0157780869775033,0.1652839954663357,-0.030967665487055422
-0.5907210908786198,0.346665543160444,-0.34361756537716476,-0.3705378177228054,0.6522305476517057,0.6565295731678625,0.21406414066828824,0.05855573284414108
-0.8141216189792664,-0.063653484345678,1.672715245520856,0.7642418361877049,0.5797282932941017,0.5787224777909077,1.8233389492890748,-0.11320088480105353
0.9934746419069641,0.6654800915131486,0.7004239306244862,2.9727673915624755,0.46598629749476667,0.4596021525538403,0.21328256869816153,0.14428823808639443
1.1859526795869213,0.25355435223938677,-0.3340116858401172,-0.014946218099653727,-0.5025967471675278,-0.556166458938551,-1.0935295088921442,-0.17333028133490605
-0.6566719473615439,-0.8439389021884912,-0.10220981763017602,-0.48627644930227626,0.4192916670987441,0.4104983907320777,0.11590588203097153,-0.216721426845271
1.334724494321437,2.5440514035560344,-0.3469971986776233,-0.2453498132328462,-0.7301894172132756,-0.7896171861733858,-0.3294221020979303,0.03989287456011316
0.6509394666373367,0.04658492075377523,2.2591041019254057,1.2638809275414722,-1.0322217784159478,-1.0884989720899871,2.2315397026655543,-0.036216594379438284
-1.222891652923376,-0.9607331936491599,-1.3262175501693287,-1.0592021699767995,1.1565318660146189,1.1879976300254005,-0.5519418675336507,-0.06333606032341638
-0.23980081285712102,-0.2144835488921834,2.1744007516575636,1.3449393441389983,-0.16971536715106836,-0.2100914207241985,2.1678444417838145,0.0025671579920572792
0.1546215901183287,-0.2003169062399906,1.0362898318532743,0.7570153720226818,0.49667584765304507,0.4912929487433106,1.0511654993923196,-0.05546266698484211
0.7767657580611657,0.8398691608118088,-0.7454021987801116,-0.7096971135687657,-0.6167720363859363,-0.6750139737474249,-0.7820010333799621,-0.1082435630693586
0.39435128961467214,0.16891182234012578,-0.21908408235650934,-0.48437006571322483,-0.5550715356803587,-0.61010987189518,0.07209284406211944,0.0072328725630642675
-0.3549735871417165,-0.09439915250058153,-0.15257569020589787,-0.6539768380165857,-0.7754559595943503,-0.8362051342678348,-0.16860047113440593,0.05738930420138933
-0.4239898259289551,-0.9060173000179746,-1.0273587843224825,-0.7284117786583229,0.5333239248664982,0.5304789315487622,-0.5491750625454654,0.05563966123726171
-0.6510469150742307,-0.8636291410854778,-0.3191420125224815,-0.6889116786892082,0.13008337442008036,0.10447946031393372,-0.5575137579871077,-0.07500034675093384
1.2087384480272492,-0.9740980075068296,-0.7375615632297052,-0.7907630564179646,-0.997132777571252,-1.0547233510497622,-1.2387058273705522,-0.2066318190854684
-0.8902197247180578,1.1834764419895165,2.5099803470462434,1.7403824248477935,0.8720967898269789,0.8873181979712202,2.0119749276933727,-0.14556927963741448
0.6079798966966461,0.5840078569278105,-0.32821309806275156,-0.3374360834072613,-0.2768789010790376,-0.3218780423741745,0.17619212741999615,0.00023430070655378467
0.4817814102748778,0.7014820206259471,0.052648702405091,-0.40360937261118623,-0.5714265852166143,-0.6274031221094059,0.11314329153574162,-0.212055712274264
-0.5386362558435893,0.02294735573395225,2.095645120546971,1.3082346237549354,0.4334586489954602,0.4243433401337459,1.1319646856323833,-0.17472999570620815
0.21663103956128915,1.657140824377753,-0.7313486135485225,-0.7674337993190022,-0.30007528304859793,-0.34676346476823994,-0.20653925585059854,0.03493555282841823
-0.048581564355918344,-0.28627362094681597,-0.017100640304289854,-0.4437075371894862,-0.18944006521827259,-0.23056998405686865,-0.3142602833603674,-0.21788785548802275
-0.9845532441596525,-0.4918353085464479,-0.9875245198789361,-0.9209236886556585,0.8660072515555723,0.8813561266517825,-0.8068488802144457,-0.11436731344380528
0.1906359721197178,0.43205298213092047,1.4322903431785659,1.424007820546405,0.02809456941865972,-0.0032676082907498443,0.636219604045648,0.07255287655716204
-0.12144481018269594,-0.8221197725429376,-0.5734850544584422,-0.6762312566297293,-0.24651668257066822,-0.2900475124812867,-0.5117133378134948,0.04310055332768046
-1.1377190770966392,-0.9655604127775912,0.645720531379685,0.06944560653136697,0.8633895988238305,0.8788266329866219,0.5719196677055056,0.030415641837755227
2.2209213613375898,1.1004782027126534,-0.5055084820995022,-0.625377021019326,-1.7220255719302868,-1.651245719518123,-0.8327619541880672,-0.09949534824872051
1.0676611914045897,1.524683050174249,0.041462198282833096,1.2643358240665858,-0.8027588935561024,-0.862114904925097,-0.09267409697879468,0.13058270153406143
2.4082485745049182,2.024506106472038,-0.23507693732004728,-0.539843333043579,-2.0468259961387014,-1.814512968414851,-1.128484089636553,-0.17965815672183427
-1.042721947588946,0.783511489537629,-1.7132229427380692,-1.1090710107882773,1.2111399391501703,1.246522111398088,-0.9821767215584614,-0.16003299480753613
0.5335188419899968,0.0985237145362824,1.5869209249939327,0.9815519263864603,-0.48256928132275606,-0.5354328750329059,2.7006443303465733,-0.01026355707821194
-0.6452829465122851,-0.9434623993980368,-0.3983321942900465,-0.6539768380165857,0.19660350371371024,0.17447144237764844,-0.6350493823088942,-0.0023901637396376465
0.23693999094667886,-0.8776184177918561,-0.40080533253885153,-0.6564144546984446,-0.4326106485662998,-0.4854261080042628,-0.713054088385948,-0.16219088779662688
-0.6211499804923423,-0.5279197275423008,-0.7980135929163413,-0.8758760298938162,-0.035431165702533095,-0.06862828186280528,-0.5065462479419436,0.05884734000482902
0.5495333755345722,-0.19504811901055427,-0.7974313158500468,-0.9137992584137022,-1.0034497502850115,-1.059755596817326,-0.389927140089933,-0.0012237350968858994
0.5965602860993342,0.9147905332519913,-0.16469866051360865,-0.4473068349758397,-0.5070851190005058,-0.5612773808374664,0.346146244548861,-0.21876267697008656
-0.4764541521857015,-0.38551096089007764,1.2612114259653262,0.8982137205813928,0.4694285063395952,0.46292292125346757,1.4228249212321635,0.05301519679107028
-0.9564703835589756,-0.3906166362698483,1.5097136824786883,1.348974370858219,0.853750897628423,0.8681316653908714,1.5611004286749888,0.11046180744659377
-1.0278732765626184,-0.8230201300288142,1.0492417386501762,0.979036886475457,0.5078794810317616,0.503837046120571,1.3799888899928192,0.13641484474782017
-0.2181881297987017,-0.33703354317927336,-0.8317368679475815,-0.859302966735967,0.029647588253901454,-0.0017300039361301692,-0.5117133378134948,-0.0747087395902459
-0.7837520987722635,0.03330562604769255,0.8347230176078797,3.3176212198258224,2.201871123392442,2.293255712513775,1.307334406579758,0.1734489541551881
-1.0316136746544329,-1.6210804727464212,-1.1842985944762254,-0.10667359744732673,2.298164745866856,2.3953878440687926,-1.2051113053205627,-0.10940999171211035
0.24584276178071604,-0.15970745240620832,-0.1314638813253338,-0.548144497275837,-0.5832227686388493,-0.6399453729281607,-0.2305006155179009,-0.12836445715682623
0.07602056551364468,-0.6417067209850439,-0.7562764390919418,-0.859302966735967,-0.430477104481361,-0.4822736338164507,-1.0170640446029964,-0.06741856057304749
1.9220807367297958,2.4935731554824203,1.851687670076973,1.3517849365349852,-1.9223080503623942,-1.762469516680883,1.673631599389954,0.11075341460728173
0.9670308114978048,0.9444588106620588,0.26823064009261366,-0.023687828004879823,-0.6486358013196393,-0.7081887350762015,1.0173809529492683,-0.0793744541612529
-0.04228474379948466,-0.4773794855753547,-0.22934665885995645,-0.3918534505060185,0.04355039751412787,0.013848148579867613,-0.17154948105380388,0.04426698197043221
0.608482709771058,-0.8682788357263581,-0.22362811801517976,-0.452741177104,-0.47156130934557633,-0.5245947883600465,-0.8506757340053788,-0.1887271394192291
-0.14353468839650832,-0.37624112514650293,-0.42768358651475774,-0.7420966538201932,-0.3020251729781319,-0.34923767427379865,0.2171803632109484,-0.07558356107230972
0.2500955863489219,-0.15150667254840622,1.3199431201970782,3.281548528938712,-0.13278844438509557,-0.17125608186704808,0.45605401404173923,1.9464204911378424
-0.03489772687234063,-0.17636956068723691,-0.32650771104329784,-0.5439814508742127,0.009327408391654657,-0.022644592632771365,-0.4093259969942682,-0.10299463417697576
-0.7683496992316379,-0.2863820272227794,-1.0076834031165471,-0.8792388764946373,0.695034169387862,0.7010247538862073,-0.7699498867938558,-0.016970521774034488
-1.203368589063964,-0.019436238175673123,-0.5259235998865333,-0.8027298249234409,0.8590163136249508,0.875631924814669,0.08383196698468504,-0.04175713043250908
-1.297375282332779,-0.7770085907489317,1.4442749536456079,1.2545658201167675,1.3592748298461537,1.4022472338992762,1.6799547040942602,0.11687716498172837
2.124899619459659,1.3031258153865173,-0.4717914386706867,-0.5956738474276069,-1.6023913001019707,-1.5741115925450448,-0.8691365832200729,-0.07674998971506146
-1.1389071896591427,-0.3236668023744771,-1.3761766012246885,-1.0334452652348058,1.2227735300406546,1.2592369658700793,-0.9709811083683508,-0.14352802951259894
1.2916962024095382,0.5407397719474757,-0.17437497287969758,-0.5889968523665655,-1.3524973315352902,-1.3795281380083821,-0.6010250373935246,-0.04758927364626782
-0.5864341856760452,1.7554598955764038,-1.3406740095219614,-0.9652852440895815,0.6842041207993647,0.6902835041605034,-0.38359675937136867,-0.027176772398112243
-0.3596379171043678,-0.666185335113516,-0.5703407908562963,-0.8997670278221604,-0.5048391960973199,-0.5594442112655877,-0.7860720644858628,-0.1105764203548621
0.08371646620643017,-0.4210863592192187,-0.2850280468678575,-0.7878034646876617,-0.9324151208462645,-0.9912890257031156,-0.2797054023559335,-0.07295909662611828
-0.06502282639772353,0.35702628599503033,-0.7820221350813088,-0.6419160849013971,0.15449765129376797,0.1309507715992756,-0.09919569026216991,-0.01026355707821194
1.7795709692255295,-0.8269039306836808,0.25694668712378776,5.272483807996536,-0.403023030922725,-0.45466374336449467,-1.2835074932534147,12.250067906885391
-0.4028632323302916,1.2451564694748043,-0.7991806977901996,-0.859302966735967,0.15307284238885194,0.12930439381900252,-0.6414467524269052,-0.05429623834209037
0.8472687351297521,0.37851076223174945,1.7957284782560068,1.3491084668347302,-0.7808755656968273,-0.8407528182986006,2.3455430347306336,0.07663537680679317
-0.10266535937015336,-0.603337657979701,0.006710054937612289,-0.4277387329203447,-0.14849923811071022,-0.1875239227757541,0.06112798589022756,-0.2205123199342142
-1.2177988711822203,-1.0672974221118965,-0.8059584953431987,-0.8826181673984916,1.1049703338337338,1.1334712142676175,-0.7820010333799621,-0.12865606431751417
-1.1378341685018638,0.13203649806754986,-1.1820078539072505,-0.021735669608468133,2.489192318724219,2.597788763731176,-0.6577427750761677,0.001109122188617595
-1.0716912870733075,-0.8221197725429376,0.9917064245475574,2.2460808525960934,2.541997349769466,2.652291970263992,0.40130659894744825,0.012190194294759194
-0.23692594455962987,-0.4859394153252295,-0.12163366004018276,1.3328282413088248,0.7917828002970808,0.8024153150454105,0.3198435505725302,0.1273750227664941
0.47523083680193384,0.06244544828700047,-0.13789344918376,-0.6092245485063877,-1.084825932722773,-1.1369399630023207,-0.7942973047644263,-0.015220878809906866
2.1475257017839318,0.1487010922023454,-0.5796799956222055,0.048634088119991495,-0.31969321358295927,-0.3662460019599772,-1.0052098249005135,-0.09512124083840147
0.9878922444348512,0.5524573506987045,-0.4268768594289757,-0.49782652784615006,-0.8646990806214977,-0.9248258010767372,-0.23870353424146787,0.030269838257411242
0.11547715702512286,-0.0011762829198992547,1.5174610980880154,1.4484738503312722,0.1155276000961032,0.09033174007123237,2.2597388803137255,0.08217591285986393
0.4227294103328103,-1.0831681922450893,-0.1952976604687078,-0.6001612892526592,-0.7646771519928302,-0.8236057924034481,-0.8930347871322027,0.0005259078672417215
-0.1016357460074475,-0.5731277422007813,-0.7853954305037528,-0.7789999875105901,0.11113221640363077,0.08559340885358131,-1.6577450682052524,-0.07529195391162179
0.5829309790756386,0.19215902031942603,-0.042904332849946436,-0.4824689266523631,-0.8791532675932655,-0.9378656568444905,-0.11245380571127303,-0.0023901637396376465
-0.03470119754818087,-1.446535777421321,-0.5758178096801846,-0.6838115550773954,-0.18223635874887364,-0.22354532402006744,-0.7942973047644263,0.04135091036355284
0.4764678349473117,0.47091051622874824,0.04185442564480734,2.5547967483880805,-0.8166056362981674,-0.875862720543995,-0.4137227133533671,1.0663500801816497
0.1824695535162373,-0.2726362627941209,0.4695823704855129,-0.036513074000086944,-0.3455999624491218,-0.39394660425131783,1.2886114908125874,-0.14994338704773355
0.17038954679978605,-1.2868230484989933,-0.6761571657870956,-0.776090241684289,-0.22415516555021683,-0.2664031091471931,-1.0291553643515383,-0.09867884819879429
2.3849792041284976,2.054637462407032,-0.9630156082767207,-0.9807286490595878,-2.1902114796444296,-1.8635767376379888,-1.0604859932616053,-0.15038079778876545
-0.7111858982855627,0.19202988879578556,1.6632497165845683,1.191002691394753,0.9872029517280808,1.0097306511806592,1.8852704030275595,-0.06771016773373542
-0.8262435875225883,0.019147647544413914,1.7737711318213394,1.751781515080729,0.9241072599379586,0.9434348580573362,2.0255900671243174,0.1434134166043306
0.6159141730843882,-1.5120677582518298,-0.7276666734669772,-0.7284117786583229,-0.48256928132275606,-0.5352611492935774,-1.1889891276285558,-0.11174284899761384
-0.4660414876643959,-0.6828505898324966,-0.32543436118738517,-0.6588607001299094,-0.1397500085138077,-0.17872799233535747,-0.37525806392972644,0.0323110883822268
0.28686483055125334,-0.0764259461217751,1.1256564750882558,0.5307172097376489,-0.3039776890228431,-0.35162167279460665,0.4303930442563794,0.016272694544390277
0.6156202550184368,-0.25453523153361596,0.49365781309071977,0.7180352876964302,-1.532341783636584,-1.5232995332251276,-0.2081074690119215,0.14428823808639443
1.845541455912587,1.0079016722047716,0.9736506289473046,1.2902202679814716,-1.46552152618907,-1.4714564403550403,0.8605251804430889,0.1448714524077703
0.7342273185596283,1.6812223792224874,2.1541794851852196,1.4064622447692714,-0.6240632987493077,-0.6820018215853595,2.3499860555218173,-0.22342839154109354
0.8700883119823295,0.6569189261517844,-0.3057399491901731,-0.4786822672449465,-0.6387567651766829,-0.697157357505273,-0.024069054522510198,-0.2190542841307745
2.073525829661289,-0.10696735191260638,0.3391502991546561,0.08297972062378522,-1.5646108443358748,-1.547863421468615,0.2541049169859641,0.030269838257411242
0.992806141347177,0.47407873919260246,-0.21445575665003386,-0.3087946699003565,-0.6837523992317524,-0.7439197918659314,-0.5491750625454654,-0.13740427913815226
0.23827130894268336,-0.8477148221538604,-0.48342418667055426,-0.7123398074691148,-0.631391416849841,-0.6902759162644647,-0.6511715600009012,0.036101981471169976
2.169994392167197,3.747042230205439,0.04384527426183596,-0.07542767566019545,-1.8242761604045594,-1.7129239839708668,0.09153329195644001,0.06292984025446013
0.8068604965732058,0.5814495794378972,0.5799956667284053,1.0227489454269167,-0.8733542880850439,-0.9329841580847371,0.39497018631218994,0.15070359562152905
-0.45457667787082284,-0.9786329182158752,-0.3742057343082729,0.4155908381475331,1.198026250146479,1.2321215794689715,-0.13151764136309427,-0.012304807203027499
0.9886652710890852,0.8626223371736379,-0.42389461847482424,-0.5671949302929337,-0.753977893511695,-0.8149552961897677,-0.3449739779439825,-0.216721426845271
-0.9946003621636803,-1.3237412240521713,-0.47710832437245654,-0.5979139259296549,0.8790250847050775,0.8962185110310009,-0.1760001453372553,0.03872644591736141
-0.32240313498718765,0.0830052384021574,-0.22906579945242184,1.2778453170834798,1.0023585868288547,1.026126308140913,-0.7779572334551065,0.12711257632187498
-0.4554193813391942,-1.5780341735603898,-0.4764561246269742,-0.6712235273776747,0.29163682619785797,0.27523512754374063,-0.8110913245348657,-0.20943124782807257
-1.2967297247344893,-2.0181549799287666,-0.013482376975163723,-0.42249675876379295,0.8154451689938019,0.8277371188914825,0.3554902610857476,0.056222875558637586
-1.1167955588859808,0.836021615105915,2.150672904319174,1.2319059666942345,0.9106446634242437,0.9306439634133075,2.105354206012033,-0.05867034575240942
0.2868642457647607,-0.06683481286079242,1.9912179199256654,1.1045744151894905,-0.403023030922725,-0.45285967077636,1.7125826062396523,-0.11320088480105353
0.07506282338899359,-0.23061752018441486,-0.38102502637652613,0.8733101940252493,-0.18583373762712546,-0.22802161874515223,-0.49887748758732553,0.1314575230161252
-0.5543457786512846,0.6120725710178931,1.7114701228292066,0.7723209092879669,0.15449765129376797,0.13114665698786307,1.1287047456033643,-0.22371999870178147
2.468428375880736,0.8467107352519565,-0.2662600069416369,-0.4901050663681122,-1.8753487078914919,-1.7398761969385752,-0.8691365832200729,-0.1326802431350077
0.8394085444045758,-0.08256486044496326,2.1596052457149533,1.4904854363796405,-0.861825456402021,-0.9219873812213805,1.2589769270850781,0.02764537381121981
-0.7274107122090917,-1.2799393159712642,0.6772814710293311,0.07285406529197114,-0.022501377040194705,-0.057004335228472494,-0.47399554629750257,0.041934124684928714
0.31695040647269945,0.9890375837098881,2.171498980752375,2.3339192827747266,0.38690053113555656,0.37578504400076035,2.4039559661257845,-0.007930699792708445
0.28500200340244625,-0.3107027879340299,-0.037521671667276435,-0.5215224588432357,-0.8362159847923671,-0.8962428288275363,-0.22887330407854142,0.026478945168468063
-0.46910248087795814,0.4337226445121495,0.5882380683135364,0.10198206917525689,0.3574880001989186,0.3445133414296148,0.9718629344340096,-0.0009321279361979625
-0.5781871305903356,1.7058719103316775,1.866083733625166,1.7447075145547641,0.924944535701376,0.9445620237086114,1.673910932112812,-0.04175713043250908
0.14887944626821364,0.5858869921859661,-0.6242596922573652,-0.7560580097270124,-0.22415516555021683,-0.2672122303215319,-0.8738412438092906,-0.21147249795288814
-0.7226228404834419,-0.9005720160206114,-0.09677878424373329,-0.5017198542722824,0.3673586285865559,0.355276643464251,0.46230260542990903,-0.09716249096321702
-0.5718666666129729,-0.17444603127777344,1.0037087779243246,0.39988417084566447,0.5123368033563909,0.5083640100137765,0.3797237995106891,-0.2088480335066967
-0.7050453468573527,-0.7480092428546925,-0.17899265767653413,2.9412390124084964,2.0012802464282484,2.08127720947323,-0.214421321020428,0.14370502376501856
0.9102680278031642,-0.8153454230539854,-0.12351577285156182,0.7455504592694239,-1.0714948691872122,-1.1267491436460544,-0.9491933148849384,0.13233234449818906
1.8484436386889076,1.4942407837939125,-0.42412323337114977,-0.5275756094811561,-1.3127758620315815,-1.343879310158069,-0.2622821262853601,-0.21876267697008656
-1.0524926473776661,-0.7127976668691053,1.8192442925085859,1.1987129159747216,1.1174840596877318,1.1485048908343134,1.0723056195600824,-0.09162195491014623
0.40716707683409564,0.6873118257784563,-1.042106870478914,-0.9353967540362704,-0.35974390823718283,-0.40926537153171033,-1.1655844305476601,-0.14556927963741448
-0.4195561372293031,0.23976797111160397,-0.6024189410560404,-0.27003328043747943,0.8755650760363222,0.8918231460397187,0.036491130181931244,-0.038841058825629715
-1.2710419656700298,-0.34975967615425124,-0.9049339581773528,-1.0592021699767995,0.3698158206054052,0.35495768765704205,-0.6318759060731197,-0.005306235346517014
-0.9675678613067837,-0.9251407272072175,-1.024268048806061,-0.9652852440895815,0.7936167574601328,0.8063029911811687,-0.7542465146847153,-0.12836445715682623
-0.5785287304097564,-0.9985815998084628,-0.7418422109406375,-0.8997670278221604,0.061882480905445944,0.03292768122747092,-0.738940739324329,-0.12486517122857099
-0.13365777109077576,-0.7324713465536518,-0.08383263775288431,1.1744566287740996,1.3486904452542923,1.3915401617745504,-0.2176031485479598,-0.1321553502457694
0.03793092067626737,-0.6782424907389917,0.40833997286356577,-0.48057300334307634,-1.2106657185023497,-1.254475980018617,0.17034298594829306,-0.026301950916048433
-1.271044978775168,-0.6269274792329271,-1.550187658714095,-1.095109654881458,1.4851604601538129,1.5382160080095542,-0.9993687569036761,-0.20447392609637768
-1.0925394970548805,0.22111379107849274,-0.6396433371047082,-0.8997670278221604,0.5797282932941017,0.579699608128801,-0.2674565872737693,-0.22430321302315737
1.1055051218248277,0.8328173985142352,-0.45600463207793246,-0.6863569119615435,-1.0484564715194555,-1.104480700163564,-0.39418452271783694,-0.13186374308508148
-0.34220152203315085,0.10630277617495194,2.352061647949036,1.9705861315565039,0.6195358750572916,0.62143292261651,1.8770943788384673,-0.06479409612685606
0.49184213429914786,-0.5715715997501521,0.6277374118936936,1.136852925090619,0.6562660212220554,0.6603576254239427,1.4067484775040322,0.06613751902202744
0.03847214568604711,-0.8042168222300939,-0.2889223724725932,-0.6863569119615435,-0.4476340259518833,-0.4988481224128441,-0.26400203024679325,-0.21555499820251925
0.1376781741566161,-0.5093624471777369,-0.15478448732557093,-0.5629158849631676,-0.6216288012098619,-0.6802428691845331,-0.14692984148120433,0.01073215849131951
-0.09948648417360555,-0.0020584856794219025,-0.042684106336013335,0.9557430191819729,-0.08329270681109091,-0.11880788240282161,-0.5143135389604322,0.1361232375871322
-0.0067100183581771215,0.7817545890942852,0.7224879140838053,0.6844852453944346,0.35872551025618604,0.34622672139009214,0.8994578902435137,0.03668519579254585
-1.2710433676157937,-0.93967332901848,-1.2112214933701446,-1.05484213272045,1.1889848880172675,1.2254103246178731,-1.054088623143594,-0.1534426729759888
-0.39750914956718875,-0.3400189538945894,-0.7158700187476639,-0.8527834503376818,0.11406395237555693,0.08796147182890081,-1.0414934626869097,-0.16831463817107353
0.2396930261816475,-0.16194820353595316,0.5647112389878215,2.974313696002197,-1.0648750268902725,-1.1191815344579865,0.012989923052759868,2.4885182028567163
-1.254923331043247,0.326733960571414,-1.3339367747256086,-0.7878034646876617,1.8239367307970222,1.8940512763426534,-0.3313443480248924,0.06290067953839135
-0.5870065024016481,-0.9049056113908529,-0.8921953670117769,-0.793735377614228,0.5839704117387877,0.5840545596118545,-0.8283652378289683,-0.16102445915387514
0.22628411821761968,0.5476033177658552,-0.39237385784054546,-0.30437891294127317,0.18688762186452085,0.16475740105895847,-0.04050432240468897,-0.2205123199342142
1.7335901945074739,-0.39479546129381426,0.6954319914783988,1.1475252359125987,-1.0193636635820589,-1.0773774409053019,0.517704497157526,0.05913894716551695
-0.41248367065076635,-1.6282570527265476,0.33853996767329614,-0.6838115550773954,-1.0714948691872122,-1.125945474112295,-0.43619912490109913,-0.014637664488530992
1.183471979256286,0.12139297600205477,-0.027138409045597212,0.9926454052356383,-0.9814597282303384,-1.0380920716638156,-0.8240002669911672,0.1334987731409408
0.8892897940724435,-0.08959105150773745,-0.04127752248631086,0.1545329162825276,-1.532341783636584,-1.5232995332251276,-0.32179366227120176,0.08946609187706238
-1.1370811422759648,-0.5378482099635078,1.8403794070268746,1.3707554682411387,1.0871179632178625,1.1168333459034532,1.0688965174733427,0.063513054575836
0.6392678890551979,-0.05664132904450384,-1.0136348748693773,-0.9691138611554174,-0.6362974890245028,-0.6953275664840395,-1.1072697784108716,-0.025718736594672557
-0.40285303453500537,1.1408382817551876,-0.7764624747314601,-0.9652852440895815,-0.23343058390838092,-0.2772324283496288,-0.7699498867938558,-0.1592748161897475
0.9579907381309829,0.3559323946728352,0.029365708372712095,-0.5544364704475007,-1.3974859129564936,-1.4154048435162887,-0.2571515792152039,-0.12340713542513132
-0.23410779551892888,0.09493151845937088,-0.8727625674116729,-0.7123398074691148,0.37838334288768305,0.36695202274542926,-0.22725036126575054,-0.05721230994896973
-1.2717902724404853,-0.6542579808981365,2.2072924891490335,1.069710314258849,0.6762765934909837,0.682569825784256,1.9479558500947345,-0.022802664987793222
-0.8581072520474192,-0.6765867757597509,-0.5738174728853579,-0.6300622160009718,0.808205488809868,0.8200075549501642,0.30119969050839934,-0.0747087395902459
0.673666691563002,0.8825495807411216,-0.7078844849080264,-0.6491272489021422,-0.46936970961745766,-0.5227624959061428,0.08189120822421114,-0.13419660037058498
-0.48858816440432723,1.9470888161809297,-1.275993005699003,-0.9102643984671812,0.4275725550629862,0.4184912973465805,-0.5039791704766798,0.06380466173652394
2.1270036649421984,0.2944764166298851,-0.07228719591206836,-0.48437006571322483,-1.8695843148335722,-1.7359077843037152,-1.0935295088921442,-0.08287374008950814
0.6282637018964543,0.35447272399358737,-0.3331000933462288,-0.5523327744157068,-0.5274565494245095,-0.5814620466942486,-0.7503835888595926,-0.21876267697008656
0.3199605295134059,0.23739165563093792,1.9275452079714004,1.1127392952621593,-0.35164476458009225,-0.40029032324547253,2.4181666700760336,-0.16510695940350625
-1.2048674434195048,-1.5834131896765384,-0.6544203703611433,-0.824183633340422,1.0391819219415654,1.0647058398164835,-0.5745443443168912,-0.16539856656419416
2.240278363513645,0.5215327005648803,0.289694013362724,-0.13021575371908234,-1.91635427220374,-1.758261250240878,-0.987853249975778,0.05555217908905534
-0.43914004293587794,-0.2871049210094729,-0.7919415804372635,-0.7149926460926062,0.5903104055633792,0.5904319535766421,-0.7058570291633617,-0.1607328519931872
-1.0554737845518911,-1.0235544348341572,0.6197156307824668,0.9202586821511506,0.494424693560874,0.4897665162871111,0.7319585474384783,0.1428302022829547
-1.1675270019793753,-0.8113443087801735,-1.0780116650759046,-0.9281223330478493,1.2349905372608223,1.2721017291100065,-0.5382327577620989,-0.07645838255437352
-0.5337089478313322,-0.9178696354859247,-0.24292003147138708,-0.7338532525427129,-0.18944006521827259,-0.23107394010466734,0.14461374832539353,-0.19455928263298783
0.01168963897505869,0.4871386824159355,-0.20674836546516878,0.09047777189611725,0.2786228883230415,0.26080002844927613,-0.02291202864839775,0.05738930420138933
-0.6498096489238723,-0.8319551831697508,-1.1505395998845758,-0.824183633340422,0.8027519039058568,0.8151428448448201,-0.5980248037682963,-0.05808713143103354
0.849404589930583,-0.04757156456032912,-0.18422859459368715,-0.49782652784615006,-0.7727537352443203,-0.8330162240115405,-0.6882305375761715,-0.09716249096321702
0.999905313627052,0.1514619488828143,-0.10611269014116578,-0.627715647998323,-1.3686957452392874,-1.3921887420587642,-0.713054088385948,-0.2181794626487107
0.22658380929524957,-0.3723117208146603,0.04231747143142932,-0.40023008170733204,-0.6265018913243914,-0.6832631810666137,-0.2797054023559335,0.008690908366503951
-1.1389176006632484,0.11858039812997372,-0.8282650226020509,-0.9885817291672555,0.5300303007068239,0.5279538123217754,-0.7659856376072806,-0.18960196090129292
2.1752739814524484,1.0545107782349405,-0.9500220547030901,-0.3885310228911882,-0.5951157224892453,-0.6522126927590075,-0.883361847417592,-0.19036013951908157
-0.4028506108230083,1.182264458925422,-0.9470500474411684,-0.8860140642211216,0.22536647062088885,0.20504708326343604,-0.8153637510426445,0.014814658740950592
-0.21775679967548228,0.37216748258458554,-0.4227535011274323,-0.5255519956990554,0.18967023873426467,0.1676989430148291,-0.4764381590535411,-0.05108855957452306
0.18935132714395114,-0.3659988666671368,-0.39512918728605206,-0.6889116786892082,-0.45195517056401635,-0.5046683578868092,-0.5143135389604322,-0.221387141416278
-1.1275677263275308,-1.2237696317661535,-0.8532260702437389,-0.8691990348327748,1.0165718667924981,1.0404381422092168,-0.8283652378289683,-0.20534874757844146
2.1498547139296362,1.9688171244002914,-0.7554898206642761,-0.6395289888740595,-1.3768633327244513,-1.4003195866129237,-0.9599890631016017,-0.04175713043250908
0.4588384275760309,1.3723996307437147,0.8483219894010667,0.7827453140653643,-0.7093668984825366,-0.7699494839644266,0.22948706472290603,0.09529823509082111
-0.18646287145657695,-0.07938117448851237,-0.85726041704015,-0.6940497217837477,0.3893248510049506,0.37778386781908363,-0.29582758004794074,-0.21555499820251925
1.447669785390729,0.4065874007263312,0.8517951612205288,0.304040751558025,-1.1324743558310477,-1.1839082866489203,0.8274666033171101,-0.04496480920007639
-1.2154008997417447,-0.9272318496256908,0.7271486367968578,1.068503918352623,1.0251896562239584,1.0512843114191228,1.1966515940797782,0.14545466672914617
0.7167799308583657,1.8171515951696198,-0.7544433982464579,-0.7997186497331767,-0.6095172608926432,-0.6662129849733065,-0.9438668854095947,-0.13798749345952815
0.3994715252152819,1.4032828893111773,-0.36012637585952745,0.3778242143851166,0.25090734070037957,0.23222882552137167,0.07896833789873675,0.05068233950556678
-0.2360496472316083,0.3959251736969314,2.119228254646469,1.2672099025537331,0.04508695615723775,0.015603952782583221,2.2825114648205034,-0.17706285299171162
-0.33673969018511685,-0.12715029583446968,-0.6971019331035141,-0.7504395754235496,0.21310929427543884,0.19218957957148242,-0.216010141474194,-0.0061810568285808245
-0.9542711069879652,-0.9606784213845003,1.0796906411865128,0.3589808955461828,0.7546078674468378,0.7649604296315043,1.767151950781592,-0.07441713242955797
2.332789668597483,-0.7266768827321967,0.12153095663197244,-0.3192091733294777,-1.9957284446772596,-1.7955980921708348,-1.1579799801590291,-0.049922130931771315
2.159555054701448,3.1471061718759508,0.11033852668882732,0.9200092457244099,-1.8187109215394195,-1.707387284263381,-0.5014229474939992,0.1314575230161252
-1.2675864402224828,-1.726231401140365,-1.4017273504489582,-0.7997186497331767,1.9360939721299775,2.011958918427681,-1.5475233304712528,-0.1823117818840945
-0.75466047844294,-1.1049329584513146,0.2614368391769645,2.220227996636517,2.3435428162826724,2.443885210084403,-0.09008503163105398,0.1585769889601033
-0.7255090149411643,-2.5591712249540635,-0.5067719065816492,-0.3721543415307441,0.8807519972905252,0.8965758904829211,-1.362906126244295,0.05418162543382203
0.9767921955118152,1.0344729797953536,-0.3944916542397004,-0.5155218687873921,-0.6888392217981969,-0.7485363751577452,-0.22887330407854142,-0.15869160186837164
0.5220407126459454,-0.26877106254498045,-0.6523912637943062,-0.46005408780881335,-0.2787978198821106,-0.324691130397488,-0.5195477347282678,0.06292984025446013
0.2758662175144956,-0.19573141052369808,-0.19671927997183622,0.5974982658513709,-1.118699972456137,-1.1705989742287728,-0.5491750625454654,0.13029109437337347
1.8158438187023445,-0.21014745191607165,-0.6538105561538899,-0.452741177104,-0.9174228161503197,-0.9755207755653924,-1.0111078798262416,-0.21380535523839164
-0.6262642911428278,0.03877057147940184,1.7521846206707943,1.3315916225247149,0.34879572524410696,0.33574124851176784,1.5091173221684908,0.07896823409229665
-1.0834747698629343,-1.335086096859959,-1.158356852548909,-0.9965250765398892,0.9791622048592957,1.0016033466336405,-0.8196665865358523,-0.10707713442660687
0.33662259698974417,-0.5732571287553601,0.07573186652541786,-0.6324167791400264,-1.221662557152002,-1.2635671699892088,-0.214421321020428,-0.21526339104183131
0.48529114325382855,1.7920740371409118,0.8298586316664738,1.31474746159047,0.33125324567115644,0.3174961339864646,0.8229189874418014,-0.03679980870081415
0.38952946103637087,0.6834418947023317,-0.2830146793832051,-0.4618944713539839,-0.32364885844920677,-0.37113571704634235,-0.18349151548089127,-0.22197035573765386
-0.5728559818393394,-1.1704778703673717,-0.4174334573282241,-0.7070644870981482,0.05274541529860574,0.023007563154601524,-0.201858877623752,-0.002681770900325583
-0.8453772350940364,-0.8020300377633223,0.5144904854664298,0.3003810945704818,1.0173574224573754,1.0428015584819903,0.3879811392840273,0.04222573184561665
0.09749431775087006,0.3678789386848172,1.4949678803339053,1.3036674787531468,-0.22785821467481102,-0.270723971344255,2.0215179813391715,0.11104502176796964
-1.2832417951278379,-0.5631101298508706,-1.2712057253025963,-1.0209180893479877,1.336138479883231,1.3768300018273447,-0.5248276445748946,-0.0435067733966367
-1.1426489311314394,-0.03886242782959996,-1.3556729718377836,-0.8027298249234409,1.2763003461582945,1.316398740351949,-1.150469997437547,0.06497109037927569
1.031463513068361,1.6979414328816584,2.296608060698898,1.504868470305044,-0.9294042309913196,-0.9893172385251964,1.8795836594480608,-0.050505345253147184
-1.0980369165897677,-1.5392283721553894,-0.5541877593992869,-0.7123398074691148,0.8555081620181954,0.8725929279492021,-0.5328349912361456,-0.08841427614257892
-1.1689521986556763,-1.073979475597939,-1.2463007986734436,-1.0292442576909941,1.0908553794255904,1.1211340392368112,-0.47399554629750257,-0.08170731144675639
0.6774904386553384,0.5547821350966801,-0.600103705909468,-0.6787487953439829,-0.7808755656968273,-0.8399911106535632,-0.6610553632804993,0.05593126839794965
0.2849434054831697,0.5877850292928931,-0.42435197909145717,-0.436564697239692,-0.23343058390838092,-0.27784556634566143,-0.4454290115840144,0.04747466073799951
-0.4399798446997915,0.2278777291817759,0.7992362900423341,0.6089406310389716,0.713552146161269,0.7202421955919612,2.336534485525409,-0.11903302801481228
-0.5508692829152648,-0.497053010173298,-0.5813709166518011,-0.7420966538201932,0.3198628016585723,0.30554198597405297,-0.32559584986526563,-0.11640856356862084
-0.24658499777067638,-0.17299645621157422,-0.8603131244672008,-0.8027298249234409,0.21720654507815562,0.19658281947476788,-0.5980248037682963,-0.17881249595583926
0.48064490939751325,0.2970000758734931,-0.3231186101655689,-0.4637397691467628,-0.3415840514488596,-0.38963813118078783,-0.589112418750242,0.013939837258886782
-1.1130463731506464,1.3078643296581096,-0.738564658198574,-0.6207233764114971,1.1189491865876313,1.1491936034250103,-0.2726757204203661,0.0626382330937722
-0.8298036288462716,0.7703125814758964,1.59433518948512,1.708049255180487,1.1313433430669808,1.162922754298619,2.011775335154767,0.10113037830457985
-0.011947706799936668,0.1995668396555056,-0.5868304382786704,-0.7203290711643316,-0.2749625188514614,-0.32119025803380824,-0.4524450961503504,0.06088859012964457
-1.3570737207404289,-1.417529515724346,-0.5181814042113019,1.359752706730355,3.464469401167938,3.6257613056636773,-0.6778961690924191,-0.1312805287637056
-1.27104189593353,-0.2863820272227794,-1.039966393421485,-0.9390628825961186,1.3113450780588811,1.353670027704006,-0.48630851438388584,-0.035341772897374474
-0.6377053518310122,-1.0355554995486451,0.21892503451452516,-0.4509249773390904,-0.0632959353745852,-0.0989887378628097,0.45709994135227067,-0.1464441011194783
2.380251684286536,1.3881721191584133,-0.36561972748562505,-0.6443114551082808,-1.952449321991716,-1.7775736645588855,-1.0111078798262416,-0.18032885319141653
1.8874003382636981,1.4259396477719597,-0.5406467400049413,-0.05569649516173407,-0.6888392217981969,-0.7486862277882176,-0.6882305375761715,-0.010846771399587814
0.3803586764683012,0.3887421266620543,1.8547990167357675,1.4012597337785346,-0.46499642441857797,-0.5185483271501243,0.358573112410378,0.06526269753996362
-0.5198873630444316,0.48242222151432246,-1.1408064861760696,-0.8725294683282323,0.40138600995642604,0.3914909178922646,-0.7860720644858628,0.06438787605789982
1.724548866497689,1.5687830688772293,0.014418221574999748,1.3637024047335145,-0.10186858399939104,-0.13928143162210055,-0.713054088385948,0.054473232594509965
-0.18659464058640868,-0.38163569965035177,-0.8266968246890896,-0.7819220367384917,-0.012879154035093647,-0.04557943286440471,-0.7094448488018528,0.013648230098198846
0.9994270688352568,0.4538316692968044,0.1463241671073048,-0.385224492120005,-1.088177941023164,-1.141093456997731,-0.3430079734968831,-0.21788785548802275
-0.03228184680629051,-0.19983721749499747,-0.36969006156182443,-0.6613156356166757,-0.24839580524990834,-0.29231670845670954,-0.5716723872069137,-0.02309427214848116
0.3455910550540299,0.6220911411389202,0.6801069639493676,0.26461221619445063,-0.3740272054882285,-0.4236158153586888,0.6485263055576062,0.04047608888148903
-0.8233294140695296,1.1159457837365077,2.2287212022373435,1.6787210798628462,0.9759333773685984,0.9986970640774817,2.218918245602385,-0.01959498622022592
-1.1981099417384824,0.16081385352614438,-0.59498676959567,0.8546426313869102,1.3241126017407883,1.3677127556488724,0.12048232958347299,0.12066805807067159
0.5257094953749156,-0.25559859417093744,0.16121909722745786,-0.40530523508869326,-0.9055396107319573,-0.9658863456005063,-0.05985144018154258,-0.04875570228901956
-0.27006914338103544,-0.3407661662288707,-0.5064908002864292,-0.05467345483754519,0.7788797264271884,0.789266401139648,-0.08110963698923243,0.057097697040701396
0.2244517893359002,-0.1156933084568685,-0.11182994335407444,-0.5758333379331445,-0.6761554755907028,-0.734128171898824,-0.18500099400466732,-0.13273856456714528
2.8244091002601213,1.381610272444565,1.2453734329654504,1.0743154198394949,-1.7065201519985957,-1.6434141911168836,1.8570086261250736,-0.09395481219564972
-1.1986124080120748,0.06364273484464583,2.5407226789795896,2.0893800439456256,1.7800571761525714,1.846291025537163,2.0303709540759396,-0.14294481519122307
-1.2378732191585766,-0.9315297898823176,0.40473320450383743,1.0747144173175431,1.198026250146479,1.2317500057101618,0.7763810985736717,0.13262395165887697
-0.9869544836335206,1.3140711054727197,-0.7146856234061147,0.5752626543868538,1.380825875689411,1.4257514811795409,0.1322214525060386,0.08634589525770141
-0.8693798449909812,-1.056744443226122,-0.36611389633991953,-0.2672467298361737,0.810018801046347,0.8212470645359878,0.03228557698054125,0.026187338007780128
-0.9156663998835768,-0.7452733455760299,-0.7859604244286678,-0.8273035646567765,0.7356567094303882,0.7428986250671069,-0.7984522753101707,-0.05983677439516116
2.3980215769511024,-0.29471482780854286,-0.48315902371865554,-0.6069475658441686,-1.7912007422920426,-1.6930025549057268,-1.10036060795476,-0.22401160586246943
1.1467862981854469,0.3153047477752511,-0.38010220995591276,1.0918515458087994,-0.3884526274336754,-0.43919241876456466,-0.5169249721126223,0.10842055732177824
0.3803582591117064,0.5000342031927264,2.407933772776985,1.5685217136171072,-0.46936970961745766,-0.5230118383298963,2.2478875458640224,-0.08462338305363576
-1.1389103038497008,0.003088500721380367,-0.8235787657019058,-0.9209236886556585,0.7862669676037415,0.7972542498802857,-0.38359675937136867,-0.0569207027882818
-0.07637890174153437,0.6209557798077263,-0.27278387107135366,0.8964090393507901,-0.11724608409223819,-0.15456964210927795,-0.2520642069659263,0.13641484474782017
-0.04476247200849322,0.3264863541363759,-0.33319115910247854,-0.4277387329203447,0.057321146432431566,0.02840380655055476,-0.36296179254526195,0.053598411112446155
0.541188233283086,5.286814890888512,-0.4253829578025229,-0.6092245485063877,-0.6167720363859363,-0.674890342304128,0.5740764514226073,0.0547648397551979
-1.1375514987661293,-0.40751765462610995,-1.2769573804377543,-1.085956360631474,0.8000173989566988,0.811935478806182,-0.8644682524187145,-0.07412552526887004
1.2876132896607717,0.5841979808491842,-0.4019935686492145,-0.7203290711643316,-1.348475850609721,-1.3764273243678025,-1.1357242460492978,-0.22284517721971767
0.0036807210793504924,0.40974257066194647,-0.6515824964261886,-0.8273035646567765,-0.24839580524990834,-0.29227119251296024,-0.7659856376072806,-0.16685660236763386
0.21468656941769954,0.22454543413018271,-0.4028599642966104,-0.618408253265421,-0.2768789010790376,-0.3223208426458484,-0.7699498867938558,-0.15936229833795387
-0.4808806810627297,-0.46930942260749997,-0.588551944536873,-0.6539768380165857,0.43110707841650386,0.42300294746028694,-0.3711314551786759,-0.18989356806198085
0.6028631202495687,-0.4779487438080928,-0.5440278170550649,-0.6539768380165857,-0.631391416849841,-0.6891195538590262,-0.8644682524187145,0.029628302503897787
0.8117600122205091,0.9262920583031872,-0.6914828760670437,1.1455479423954604,-0.4476340259518833,-0.5004908409440924,-0.7058570291633617,0.13291555881956493
-0.19109461626634874,-0.24756975541999507,0.3579298862859514,-0.07965437759945868,0.07698410645966572,0.0494828792971162,0.449211019036922,-0.07354231094749417
-0.9664443298237481,-1.276901068811657,0.6999158534002209,0.4693507414421129,1.1320691217775378,1.1634721840372504,1.8244285158355882,0.0433921604883684
-0.6126994575716471,-0.790005857997402,0.03632790769940849,-0.5296051663372268,0.029647588253901454,-0.0010060534654366406,-1.0669517857479418,-0.20214106881087418
-1.2659659027110515,-1.3406153459919359,-1.4332835642333104,-1.0505094313005308,1.448295721216186,1.4951180965745918,-0.9765529988218078,-0.03825784450425384
0.250228286941835,-0.04931901943203243,-0.11625158224477292,-0.4437075371894862,-0.3822527194354659,-0.43270161265835455,0.07799089898784785,-0.09920374108803258
1.4461002373172736,-0.17030301583027557,-0.5516627884434888,-0.29418390129864896,-0.8362159847923671,-0.8971251987853968,-1.0414934626869097,-0.07249252516901761
0.9111229230926243,-0.4899905378992836,-0.19017034136106853,-0.5889968523665655,-1.1889191665874814,-1.235310874792116,-0.10182415455361958,-0.0015153422575738362
1.113803255699317,0.41725255999912403,-0.7761865112166481,-0.7504395754235496,-0.8704634736794175,-0.9300848504140083,-0.589112418750242,-0.15402588729736466
-0.9037867452607365,-0.17974969686378792,-0.3612971840248237,1.7803094922096578,1.4993099277729485,1.550996757646573,-0.22725036126575054,0.13728966622988395
2.1284272952487866,0.8378833054053478,-0.5596068721401734,-0.7967205382507511,-1.91635427220374,-1.758261250240878,-1.0734874800479295,-0.2231367843804056
0.1053813373823281,-1.7809800439102583,-0.41507911148374965,-0.5979139259296549,-0.5093345266574594,-0.5628425044655144,-0.8930347871322027,0.04689144641662364
1.6836405391373037,-1.4494207244052117,-0.27949559744051644,-0.5523327744157068,-1.39333786164575,-1.412849004937115,-1.362906126244295,-0.15341351225991998
0.46629070496186786,0.23112440419098965,-0.7383136483722227,-0.4155687447223375,0.15876369540413396,0.13480480670642,-0.5221819255395427,0.04864108938075126
1.8054115453143258,-0.8118439084565016,-0.7474508035731525,-0.7617224972842638,-1.3727737871520893,-1.3954203932394071,-1.2928804846439905,-0.14606501181058398
2.159514064955669,1.7652776026898451,-0.21976926102157743,-0.6491272489021422,-2.09979053275504,-1.8344108669019448,-0.6350493823088942,-0.172630424149255
-0.8863266390383846,0.7775227450133271,-0.12872409585439118,0.8351747633750725,0.34380521104221784,0.3308809697986282,-0.3086712219679137,0.13728966622988395
0.8345601027901646,0.525041860839898,-0.4969117392574909,1.3214786538935204,-0.34359061639764643,-0.3922883036420218,-0.42037833105036587,0.12037645090998361
0.8906843369573068,0.27465589754040853,-0.06416693400621803,-0.3593268064078502,-0.8937530178084437,-0.9523843935727947,-0.42936802583848316,0.030269838257411242
-0.16653277350577797,0.3572935694432893,1.668424327814297,0.8494124894566537,-0.03705552771455249,-0.06964486964399631,1.215869160396049,-0.051671773895898936
-1.2970628784281562,-2.4700675213043657,-1.2526101335972921,-0.4190240699848529,1.9657910253012976,2.0438447144965615,-1.0867747365558071,-0.12868522503358296
-1.175305757140946,-1.3124751771893257,-0.19536216997184627,1.7996496264572321,3.1682630124759434,3.316265021380312,-0.9654601034697985,-0.21555499820251925
0.2135609047614909,-0.6996422826029486,0.6507866479227071,0.9362819199661426,0.21447633157056445,0.19427754406711176,0.71378041005783,0.06292984025446013
1.7145683764917614,1.011427573193446,-0.12254672235193227,-0.5502354629036887,-1.6023913001019707,-1.5741115925450448,-0.6952195846043339,-0.21701303400595895
0.3789904764507925,3.2090608532856875,1.9601888141673427,2.2331074362610797,0.40618251704163955,0.395719079708549,2.0665132441985947,-0.22371999870178147
-0.4481805578252831,0.8301151462402057,1.954091726190691,1.2599258971705878,0.47628850152465707,0.4705487790659406,1.7812867550437104,-0.08695624033913925
-0.610441230993279,-0.5599414765986788,1.6335327805390423,1.4006377702654131,0.3953679733194312,0.38409220804730587,0.7623538837914176,0.1075457358397144
-0.3511726849267561,-0.679347240751372,-0.3726948349335713,-0.7420966538201932,-0.6143497418473671,-0.6719350988872442,-0.607070546120001,0.0515571609876306
-1.271044844511729,-0.17232267654815075,-0.9161295339264953,-0.9464540077328848,1.179886785131698,1.2111129108606915,-0.5169249721126223,-0.17181392409932877
-0.9449724915682346,-0.17131253173091207,-0.41240530127805125,0.8727761417476798,0.9407615837456011,0.9596834729342786,-1.128484089636553,0.12270930819548712
-0.15849754766168264,0.07014969775788801,1.7174203551514966,1.2285617186956277,-0.1966797454022065,-0.23733140600257274,1.4661819420963784,0.09413180644806937
0.6650114193158131,0.10415986754580192,-0.43796667794550337,-0.38193370679309535,-0.4326106485662998,-0.48474838970122325,-0.8738412438092906,0.016564301705078215
-0.11091998710807893,0.47844976453383664,2.3464399319754716,2.106977311965507,0.6246932726844519,0.6267016883059923,2.2973546479277367,-0.06158641735928875
-0.6925255790213415,-0.9967884553219307,-0.5120083510896666,-0.6712235273776747,0.3820396952521835,0.36988675603642707,-0.5716723872069137,0.027353766650531873
-1.153164808514835,-0.6242547576332118,-0.8041792648003998,0.7595375047958735,2.6556730141298717,2.7721862315991936,-0.92301841131138,-0.13040570728164178
2.1867019255269753,1.1630146024450116,-0.6659777348138705,-0.8658845747008412,-2.059886831720193,-1.819391357855602,-0.8506757340053788,-0.2070983905425691
-1.0211613622015288,-0.033999481298627086,-0.23040164267457044,-0.7703072488343214,0.24957424364639097,0.2325988686880181,0.4254579488121931,-0.22167874857696593
0.10794783867274636,-0.45649634131325434,-0.16829988428807183,-0.469305412218942,-0.3078906278195071,-0.354555748800792,-0.024069054522510198,-0.019886593380913854
0.32581819608331897,0.46887052761405906,-0.6689200529851203,0.6120640877134423,-0.5183672221960615,-0.5725592084190265,-0.6952195846043339,0.11250305757140935
-0.5898697171221341,-0.8414943500777015,-1.0086691820016627,-0.8210777242346008,0.6960147192690443,0.7016602909744152,-0.12600921295971507,-0.026885165237424305
-1.003553923233947,0.17504043048727777,1.6708051086498579,1.4364081904819843,0.9686421150052256,0.9894160524892468,0.8029058082388201,0.10317162842939538
-1.0358711715859237,-1.2843468865856646,0.15242458679473309,-0.11554773046839557,0.7318365677099273,0.7389079787818488,0.3366555341754011,0.061180197290332514
1.9029904252518224,1.5378752254084291,-0.36110181103201494,-0.5439814508742127,-1.4830412915969293,-1.486594711502594,-1.150469997437547,-0.08345695441088401
-1.1755334607847499,-0.6954977890250893,-0.5990396419217968,0.6667191355275948,1.0690430118608738,1.0957941832921951,-0.16713134323111328,0.11804359362448012
0.8837601071925912,1.2641553342234955,-0.6328400317535116,-0.7123398074691148,-0.7328133870591271,-0.7919593854765666,-0.6711034478006265,-0.21963749845215036
-1.1389141909267382,-0.451727424054236,-1.377416084807974,-1.05484213272045,1.0968152765923835,1.1278341185257754,-1.0734874800479295,-0.06858498921579924
-1.094586941393333,-1.3734860790320325,-1.3900270087598465,0.7316022104307194,2.947423904883183,3.0825884398286867,-1.0867747365558071,-0.17852088879515132
-0.7755107813439037,-0.4775421103923702,-0.88925613953874,-0.9846440341100666,0.17710618658186575,0.15430870054343493,-0.9281635133004543,-0.15052660136910942
1.2713913102580539,1.0688300538905857,-0.3756210781983011,2.4005142264887973,-0.5297378133791962,-0.5854536638895691,-1.10036060795476,0.24888772662515726
1.2758778320027275,1.1498048524580298,-1.0733431958333588,-0.4958880592180799,-0.7380756176790293,-0.798560648293391,-1.2651865204471857,0.047183053577311576
1.5103701853066018,-0.058210221993897686,0.3275136897320537,1.4367626123785204,-0.953668277614942,-1.0136764441126458,0.3145751439432247,0.14253859512226683
-0.6618091054009735,0.03689176043230547,-0.6380780560626784,-0.7203290711643316,0.5267291768272195,0.5222839090787545,-0.5355278501861138,-0.0003489136148220889
-1.2832836566971795,0.1547687836184361,-0.7513204672425846,0.4424957207872183,1.3844883861275976,1.4315684198756862,-0.41815164037580255,0.09704787805494874
0.9213712533908897,1.4632283027048398,1.7733131378791436,1.3618620211883439,-0.443325722798835,-0.4965135385173771,2.3150659727636573,-0.0324257012904951
2.2872701597621603,1.6121636366407714,-1.0086691820016627,-0.6515477894250961,-0.9814597282303384,-1.0390506413565255,-0.8644682524187145,-0.11378409912242941
-1.232859320325214,-1.077742908314822,-0.9022779142835898,-0.859302966735967,1.255126179615012,1.2904757525677206,-0.4115203581501368,-0.09366320503496178
-1.0403744064862164,-0.3548744591749762,0.7929767034606914,2.711668360901288,2.0606050584242954,2.143378102936824,1.8511525365023447,0.13933091635469955
-0.09614053197306052,-0.027363605922170398,-0.6318775147092874,-0.6992262524510623,0.0709623202563551,0.04309054405090453,-0.260567101490655,-0.19310124682954816
-0.7355387330006489,-0.9278221413071337,-0.34926626703344915,-0.7230128167228125,0.1271838875654647,0.10136590975909684,-0.6511715600009012,-0.19076838954404465
0.37512324739523206,0.2673786008146822,-0.15859121945687935,-0.385224492120005,-0.28843069880500793,-0.33381415443817697,-0.16129027523427583,0.007524479723752205
0.375599217879477,-0.027733265640321785,-0.3677986548275885,0.9742098800322172,-0.4936614773165459,-0.5485368585511683,-0.5143135389604322,0.1542028815497843
0.08093286100742668,-0.5354867916418609,-0.6659777348138705,-0.7819220367384917,-0.261618308124888,-0.3064578054357286,-0.6677354957211072,-0.0064726639892687616
2.2382065971337703,1.7801966988542834,-0.27965488540250816,-0.5736635916835955,-1.8869467133002669,-1.7438861643878962,-1.0291553643515383,-0.14294481519122307
0.5345764284398052,0.06826336172903605,-0.40547047568286215,-0.7176557076262194,-0.8082817304983643,-0.8684145429584397,-0.5491750625454654,-0.21380535523839164
-0.7071877277304537,1.3839596028087442,0.451835753362286,2.770609249237124,1.7495746391810634,1.8151020242733484,1.0306772017274246,0.15303645290703255
-1.271045238885614,-0.5686917213752821,-0.8298393969701496,-0.7311271598052996,1.2457643384030566,1.2818104453572223,-0.7739403028311149,0.062055018772396324
-0.15483652741331141,-0.2921633420203426,1.7026119521492635,1.346017656997193,-0.08329270681109091,-0.12031544104590101,1.9294846821090723,0.0961730565728849
0.881983920209715,1.3675856912191269,-0.6121822438088421,-0.30437891294127317,-0.47595447314389633,-0.5297215744516915,-0.6479125449132416,0.05768091136207727
1.919336037839561,0.2140959458947757,0.7971624289876191,1.2583986841450925,-1.6071838431245191,-1.5780126285778198,0.4336608675357601,0.14428823808639443
2.241347175213348,1.7288806838930508,-0.5837502875778464,-0.7393379131793646,-1.8467532454384699,-1.7242434797671533,-1.121329617560241,-0.21558415891858804
-1.1389064817431096,-0.4429477038072256,-1.3406740095219614,-1.0376719671740693,1.0561021908092056,1.0802376420987152,-1.1357242460492978,-0.19630892559711546
0.5591416981088497,-0.8324611749780997,-0.7882284199331779,-0.59344100667162,-0.18044101122028178,-0.22077869982017445,-1.0230794756740673,-0.2107434800511683
-0.31839828065395304,0.45202218043187353,1.8229694966916128,1.0388999986863778,0.12136745872411633,0.09565725658316737,1.0666130555151232,-0.08520659737501163
-0.9152890749985441,0.23505901116098993,-1.1401202488653344,-0.7338532525427129,1.6525624064589541,1.7130497297872271,-0.42037833105036587,-0.13973713642365576
0.6958022501739857,0.7193042054028282,-0.2802926727501433,-0.5316407012780883,-0.6047008347215046,-0.6609325098123,-0.7240129232352036,-0.216721426845271
-0.1468165016326615,-1.1416859218470434,0.6355529548273451,1.5945737595694232,0.4073791683221783,0.3981872471149947,0.7296327293222646,0.15012038130015318
1.8937923671252044,-1.4494207244052117,-0.614568717376797,-0.20862431996127634,-0.6095172608926432,-0.6677871623993592,-1.4301471206609415,-0.10631895580881823
-0.6761912756233162,-1.0273737056804415,0.9493732240037784,0.2152295263793018,0.16018292502708123,0.1372440714238163,1.4202812463657564,-0.009680342756836066
-0.19197022771640532,0.025572945871175794,-0.3089842769403257,0.770155048867484,-0.04847730948204273,-0.0816650932261635,0.06513825488883217,0.1270834156058062
2.0774987917935466,1.9893703711851378,-0.5018808615594025,-0.6138011454501293,-1.6461054544319058,-1.605087391568107,-0.5745443443168912,-0.2143885695597675
-0.47912770223929685,2.668101598253161,0.179639190763505,0.4088284003193507,1.3139075938724238,1.3552193044403085,0.020567141033688972,0.05797251852276521
-1.0211468274394004,0.22770667133629152,0.11186703013713403,-0.3132388242054107,0.4037862471670531,0.3951524705555464,-0.6511715600009012,0.04864108938075126
-0.97718063666393,-0.4988234452406486,-0.9769012925872284,-0.9209236886556585,0.8262373499291837,0.8404317473512748,-0.8026360002060688,-0.11961624233618814
1.9966018133101862,0.8948568988312999,0.1910634037915275,0.004092551101265207,-1.5142197608695338,-1.5088469352997658,0.0019978777860110678,0.0346439456677303
-1.0368953630389888,-0.24947609876568078,1.5617732804436604,1.5060447490788824,1.15224479652075,1.1825121837371217,1.1331612987313429,0.10462966423283503
2.3600086361700194,0.8760872589564129,-0.5861439063188804,-0.824183633340422,-2.2789989932058354,-1.88921110490885,-0.9821767215584614,-0.012567253647646643
1.2824124946273325,0.6725766937293223,0.09026454127845339,-0.2686386006244834,-1.1498784417287415,-1.2001252120073078,-0.2420161224457991,0.02327126640090076
1.8245297640883607,0.7025034811936028,0.8503548155926719,0.1955837555185518,-1.989466046412265,-1.7932980949129482,-0.2192003643639308,0.042808946166992524
2.3793276537777817,-1.5909092842799284,0.9131510908098633,0.6391830780123919,-1.9342894652033942,-1.7688699173492723,-1.0604859932616053,0.06864534060394367
-0.5307242447894323,-0.651046562943234,-0.25062367068644115,-0.4437075371894862,0.3722688549369587,0.35997965071218474,-0.22563176368657187,0.04689144641662364
-0.976035353467977,-1.2247362194172486,0.31345600330762896,-0.19346326700908226,0.6703023696078085,0.6761776064592812,0.7312949405280579,0.026478945168468063
-0.183870308339649,-0.19504811901055427,-1.0716064814345803,-0.9652852440895815,0.01717660430656493,-0.014075165219780986,-0.8371908812105024,-0.19310124682954816
1.438303560815367,-0.6184789302963608,-0.3356578095198634,-0.6940497217837477,-1.5187290738178467,-1.511035217781635,-1.2387058273705522,-0.030763540474573886
-0.02244612772048656,-0.5803460161614687,0.0555865321091888,-0.4786822672449465,-0.4562892334154295,-0.5076918597567339,-0.018305942864014435,-0.15723356606493197
-0.5567570150798283,2.2535393428271893,-0.11230135770707556,0.7620504661569133,0.20074760261191318,0.17947003701755723,0.47916048904899367,0.13233234449818906
-0.19797920162410537,4.402839197927873,-0.1811037105173922,-0.38193370679309535,0.11406395237555693,0.08915684488860336,0.9355609048332602,0.05855573284414108
0.47516920486047864,0.07000467287190117,-0.14476905116478805,-0.5607862573524375,-0.6585826186865259,-0.7180224723629347,-0.6677354957211072,-0.09570445515977734
-0.7766604562785558,-0.089719082676559,1.0863695917210678,1.2606882398985118,0.5669269479184768,0.5649586618735142,0.28126402489929564,0.13787288055125982
0.5782969018621027,1.6654030116137328,1.5566933680415205,1.751481964311937,0.08746241806175475,0.05983868648088461,1.916304159042657,-0.061294810198600815
-1.0211653949839496,-0.11182733378072167,-0.5140077349988732,0.9604650301253027,2.4852032436411897,2.5934032495266046,-0.31239151576814683,-0.0545878455027783
0.12792598706318192,0.010628041585264193,-0.8038834948014605,-0.5460598392461873,0.24020808221924433,0.2207076213105627,-0.5248276445748946,-0.16044124483249927
0.27735058103200444,0.4553555699197322,2.319078410915858,1.5036901859398275,-0.4240952470264656,-0.4754575799973055,2.6132108119312414,-0.05283820253865068
0.3283241529669631,-1.0262897147181211,-0.24781851436519894,0.9628139909619271,-0.27113733736035317,-0.3154901385584825,-0.5688140091410778,0.1337903803016287
0.1344675091095879,0.35075436311411307,1.8269656569295574,1.3309036547100253,0.12136745872411633,0.09557461239088637,3.0423156178540776,-0.1458608867981024
-1.0490133736225182,0.3901236660382702,0.6209815253931649,0.32736748445882957,0.8979089187610474,0.9160826060033848,0.4465583345057012,0.05826412568345314
1.2119274936354199,0.6287633636010549,0.9843382481718163,0.5607308924747771,-1.0982807201936606,-1.1499652451035791,0.9673864546344074,0.054473232594509965
-1.0588881619163095,-1.398978649440515,-0.599216789336763,-0.8149074724152487,0.6318829442448367,0.634420771071677,-0.6847660820508905,-0.12748963567476243
-0.34899463831228317,0.15864571636946923,1.622992229352799,0.6963104774801374,-0.04520475065661166,-0.08038051415258658,1.4914392837975032,-0.22255357005902973
0.6667831412850921,-0.4738869913416854,-0.6153058925701927,-0.7532430827685969,-0.6095172608926432,-0.6664547453300014,-1.1889891276285558,-0.21555499820251925
1.3528538963344396,2.0448073730380636,1.7098890052337345,1.2553340954741412,-1.074816160316964,-1.1287657275176688,2.530975106565933,0.050973946666254724
-0.28880191345054,-0.7108245844601644,1.1976513251002614,0.7679823790834797,-0.6265018913243914,-0.6857984329101895,0.19743511252974827,0.12533377264167858
2.1792474822710908,1.4816591436597848,-0.12899723090794893,-0.5565465899885946,-2.0020180117833264,-1.7979119867774296,-0.738940739324329,-0.07295909662611828
0.09853568918361888,-0.8097965273247896,0.5360649926648815,0.3567298720158591,0.018741356691670596,-0.01293229726874604,0.8442218328511104,0.04747466073799951
-1.1902079152200564,-0.945957189798489,2.326551582847613,1.2409024682917522,0.5882001534527033,0.5875745756177532,1.3828204915849625,-0.039715880307693525
-0.7422483119078698,-1.670808023593355,-0.34399167222274835,1.3396583385433258,0.3685877451875717,0.3559388867856549,-0.38780963937974555,0.21864806406181822
0.8915013302671826,0.8420327782617595,-0.519340471744173,-0.5377835293940784,-0.699066727665733,-0.7585546214301173,-0.7351740864247526,-0.17006428113520114
0.07119207422061519,-0.23411278072455613,-0.20901163988800758,1.6153146316217895,0.5561721289814473,0.5538268165828124,-0.48382577646042874,0.13262395165887697
2.1628435487024396,1.0984797327201952,-0.4249244167309282,-0.6092245485063877,-1.6911788136633752,-1.634222988507362,-0.8598356946186205,-0.15370511942060794
0.25769660903482955,-0.17985120989553288,-0.0836374555540216,-0.5017198542722824,-0.5115874298988148,-0.5667369284587447,-0.12600921295971507,-0.0738339181081821
0.5210148638439829,-0.8610517271956177,-1.179730166061924,-0.8792388764946373,-0.2057804842902753,-0.2484124219340931,-1.0052098249005135,-0.1925180325081723
0.6426883699406076,-0.012716105280177222,1.1313515594129748,2.2181341512829733,0.0709623202563551,0.043583155349756646,1.5559459777257476,0.13320716598025284
-0.5339634541712664,0.41049513679349436,1.6549613868950526,1.5587903391490905,0.09786553867155989,0.07002784739672102,1.8161533178670943,0.2160235996156268
2.314886404624889,0.1501373243391095,2.014946144087246,1.3167175078399225,-2.0797013945290383,-1.8293386286125668,1.4374534290973324,0.031144659739475052
0.554455479393429,-0.683173647745725,-0.49213915664337665,0.8220763382102848,-0.7145445573576488,-0.7740912290785641,-0.8506757340053788,0.13670645190850808
-0.7012254793257177,2.6181447903510864,1.6785174339956108,2.765931050618036,1.678675558968049,1.7411614179231742,1.2324693235820154,0.08217591285986393
0.6889314075949965,0.035689362922792844,1.6777052519854465,1.3983940552659062,-0.5927293138120202,-0.6493111150625818,1.7664334650065914,0.09267377064462966
0.9106243049465066,-0.11020572074757527,-0.12927055272053245,-0.4330207735100416,-0.978345349064724,-1.0352306755942011,-0.31613484559005245,0.028228588132595683
0.31704642107425024,0.015614998665034545,-0.048539157072143534,-0.3968672351065108,-0.3843164108075144,-0.4338855832100385,-0.08622210580593125,-0.20097464016812244
-0.7667412783110696,0.24862553250986438,-1.0151366917968505,-0.5845810954074825,1.3139075938724238,1.3552852364817416,-0.025228299047787554,0.0025671579920572792
-0.12003771727233503,-0.32622023949041523,-0.5025759289147255,-0.6712235273776747,0.03738782524186451,0.00790892684208061,-0.4006273457011522,-0.2097228549887605
-0.022279356448784652,-0.5777489241966892,-0.41777092728100695,-0.5758333379331445,-0.1714974730227535,-0.2119688931708485,-0.25885692825771894,0.05768091136207727
-0.7070601676352464,-0.03855225073889888,0.30296813783519605,-0.6443114551082808,-0.7945138877647033,-0.8557189584657146,0.04996057484298192,0.047183053577311576
1.4429126048572392,0.6147488662564943,-0.10776747391841224,-0.47491624368604,-1.39333786164575,-1.4145510005933601,-0.5221819255395427,-0.16948106681382527
0.05430908382656708,0.33188302450905527,2.2766483857438327,1.7677674217569257,-0.13800648101074434,-0.17774802238727092,2.8032790286729576,0.07809341261023281
2.2654913096779326,1.6487267672363846,-0.7245028634901507,-0.8118428837442976,-1.904519570204445,-1.7520343099153037,-1.0111078798262416,-0.11430899201166769
0.3701047126113111,-0.1796820250398725,0.18338361428094235,-0.3901902400454696,-0.7945138877647033,-0.8549269242799935,-0.07730345966515824,-0.1382791006202161
1.39632246255428,0.8402299642705063,-0.436195070072969,-0.6940497217837477,-1.2933159330170825,-1.3272267564523879,-0.46192836252399894,-0.2222619628983418
-0.16654046290239669,-0.520680068645101,1.9794939889028218,1.5555158554259816,0.38690053113555656,0.37653185755822616,0.7205769497106923,0.004900015277560774
-0.9211826799435576,-0.7973681281088045,-0.023009158954667746,-0.3721543415307441,0.7686604131186081,0.7772672012165239,1.309889549160666,-0.2111808907922002
-1.017800440344146,1.1953583449138327,0.43858371758841463,0.405684815158904,1.3518115292241444,1.3950583318734742,-0.3856995296120267,0.05348176824817099
2.511570696695565,0.28724714189544814,1.6232330708827543,1.2471465913037536,-1.592853483173406,-1.5651608052863049,1.8230116960324243,-0.2231367843804056
-0.44712912933244464,0.48556805264435154,0.10684001003830038,-0.42423966917764816,-0.1876357800518902,-0.22886919098554057,0.2868295034204129,0.04514180345249602
1.8596276596404038,-0.27270792754128453,-0.7723428937630906,-0.7645722481794339,-1.3768633327244513,-1.4003195866129237,-1.1655844305476601,-0.07750816833285011
-1.1418114333326284,-0.6462120051747507,-0.8403887444933912,-0.8625859354412149,1.1071865018230962,1.1370457375004857,-0.46192836252399894,-0.1073687415872948
0.13255538436531802,0.9007758795342031,-1.034138504256282,-0.8149074724152487,-0.0017333543707794832,-0.03423023920376533,-0.7503835888595926,-0.04438159487870051
-0.22062985355281933,0.5675092078202693,1.9156793657570281,1.2626664041835534,-0.13105326411324755,-0.17072554456887698,2.3250162864804977,0.05126555382694266
-1.1581893340454432,-1.1687956411672846,0.9792300390771299,1.1772133060282715,1.0675265442078943,1.096039186436878,-0.10182415455361958,0.14253859512226683
0.11526497586335388,0.039524442428291805,-0.17707754278618304,-0.4419148938683532,-0.18223635874887364,-0.22407820130434192,0.29712865940249844,-0.0435067733966367
-1.0225329221489616,0.24664980187374833,0.6899333967991849,0.06859085860201382,0.6122845554676554,0.6124644242404498,0.8447724210810534,0.03726841011392173
0.1640673914098616,-0.05720595564401731,-0.3901621815774557,-0.469305412218942,-0.14324336669582755,-0.18192179568259137,-0.1540674194878849,0.029978231096723307
-0.1745819418923868,-1.0468949658861524,0.8072524946517619,0.686236991865454,0.07998564571830787,0.05225094677175103,0.7972765733198937,0.0778018054495449
0.5154870426410229,2.2606159799886325,0.3360209904185776,1.1348448138531197,-0.548118318782862,-0.6028725108438258,0.5386090482302898,0.1448714524077703
0.7995634262946386,2.8080660324719435,0.7685446416532055,1.46499682905739,0.3109412784634212,0.2951904832332388,0.3204988848748494,-0.03388373709393479
-0.9227011969222989,-0.1706394512992068,-0.9240374700721254,-0.5235342902867693,1.4529554052407256,1.5013594734338176,-0.46913973035440587,0.0019839436706814055
1.774739818162108,1.0499207930951502,-1.105967924182163,-0.5377835293940784,-0.3740272054882285,-0.4234875674029402,-0.9333527797951323,-0.07849963267918908
0.12858511195210587,-0.790498924972981,-1.2071467064509185,-1.041924679750473,-0.430477104481361,-0.4809304775172233,-0.6847660820508905,-0.0793744541612529
0.31843611116588,-0.14830431111932996,1.56967672525352,0.5324678468050297,-0.7945138877647033,-0.8541365248409157,1.9115633350811105,-0.19047678238335672
0.6345463950112618,-0.8714327098956687,0.29755338787909535,-0.19471406121983095,-0.6837523992317524,-0.742884995348996,1.0820475047993525,-0.21263892659563988
-1.1688667183710888,-0.5538442810974561,2.283173978175801,1.1906655049461108,0.7677278026367456,0.7767791005481117,2.0102162476612646,-0.10620231294454305
0.07832168471960324,-0.1667746516100859,-1.0507852712654786,-1.085956360631474,-0.7486577299483067,-0.8071937549373044,-1.3523920206298325,-0.13069731444232974
0.28708246743137766,0.3289607186279916,-0.6123653137160168,-0.8179857118602876,-0.6167720363859363,-0.6752613564383828,-0.6677354957211072,-0.07441713242955797
0.02692651711603409,-0.6320625426565164,0.005657971213456942,-0.27003328043747943,-0.18223635874887364,-0.22354532402006744,-0.201858877623752,0.04135091036355284
1.3331357515248687,-1.4237120201360725,-0.6776635643113578,-0.6230462814987443,-0.8027588935561024,-0.8629219618988034,-1.1655844305476601,-0.1699184775548572
-1.2710365294525339,-0.7087601177070965,-1.1142363665728992,-0.9807286490595878,1.3171043822549795,1.3590906119679607,-0.8881789711891058,-0.09337159787427385
-0.17575393749466225,1.0403987634723286,1.6853253759199687,0.6942383211666072,-0.2768789010790376,-0.3228134441960027,1.5408229510914235,-0.22401160586246943
-0.6755008526750593,0.7206640755067227,-1.0346648152412417,-1.0167923241813837,0.2158420810300834,0.19466059463814558,-1.0477582424250296,-0.11261767047967766
0.30773867172697417,-0.7592410753083557,-0.22480696582950455,-0.6069475658441686,-0.5229047625014179,-0.577991191584354,-0.8461472796124858,-0.1712598704940217
2.170367191656004,1.9737468190146192,-0.5810321597371799,-0.17618577678275582,-1.2665035423369624,-1.3041704498614777,-1.0604859932616053,-0.03767463018287796
-0.14060849965934785,0.4706839775295751,-0.43761172767621676,-0.6515477894250961,0.024983531864158286,-0.00638303585184099,-0.7581342826472411,-0.1280728499961383
-0.336148417155104,-1.0240099945018855,-0.4826292249196566,-0.8495466125101107,-0.44117636296249624,-0.4929612593565239,-0.8110913245348657,-0.16685660236763386
-0.08874386664299613,0.6268695139755581,2.1406401247068727,2.7675857981618184,0.76679459182624,0.7765110779827151,2.6578627163651443,0.24897520877336365
2.4971892359326766,1.885789564071902,-0.4905158726447385,-0.7257070252533939,-2.1902114796444296,-1.866341719991339,-1.0477582424250296,-0.09179691920655898
-0.5572896353140309,-0.5812126387030477,-1.1367066232067338,-0.9768353226334553,0.34255489363478275,0.33012014789179106,-0.8110913245348657,-0.06304445316272844
-1.0500285547526655,-0.5753719052991176,1.5277100798697065,1.3252363345940008,1.0283107401938105,1.051404220396416,1.0202695733548477,0.09967234250114014
0.2211405893393559,-0.031743323724766,-1.0222207555455114,-0.7967205382507511,-0.05669117249728872,-0.09137195389218483,-0.3711314551786759,0.02589573084709219
2.1859021606925944,-0.15290387275265052,-0.1371677272109035,-0.41213061020386443,-1.8467532454384699,-1.7242434797671533,-0.8110913245348657,0.02297965924021282
-1.1607221777955354,0.5078625154767173,0.3859684721357899,1.1527111432274633,1.2090772265270278,1.2452570703801242,0.6458555401896469,0.14603788105052207
-1.2119740001154196,-1.2289314371177076,-1.3700361865443997,-1.07692272071696,1.2471054513054116,1.2845631459663063,-0.8644682524187145,-0.1942676754722999
0.055772798396715055,0.08484577010183043,2.2899564593150528,1.3629142689939,-0.39467916360805433,-0.44565924713660576,2.151780609167439,-0.04467320203938845
-1.3913464272825025,-0.7430208976507506,0.2767765909771377,0.9112217607628504,1.4593381141235535,1.5089657503229998,0.6932735837984284,0.13521925538899965
2.157300319743551,1.8657890370795864,-0.7701630212288995,-0.8691990348327748,-1.8581238366216046,-1.7319800740542133,-0.9281635133004543,-0.1992833186361324
1.5556775039882766,0.5629355369525403,-0.2296277157429218,-0.6539768380165857,-1.758863127723768,-1.6740664173346484,-0.8691365832200729,-0.13011410012095384
-0.841672755083278,-1.5045436114013935,-0.5693529819467009,-0.9729638076742644,-0.4671814179656584,-0.5206909318786028,-0.5547213935090258,0.029978231096723307
-1.1744430207408527,-0.8403243069835248,-1.2374567844876627,-0.9317499718913053,1.2776135192046547,1.3143157546183937,-0.3275059488782601,-0.06566891760891987
0.2543331280169493,-0.1979198803643063,-0.04215605720330677,-0.5607862573524375,-0.7486577299483067,-0.8091194423392053,0.47815207207674204,-0.07791641835781321
0.3487974762231757,2.3044438442427664,2.3407878800826905,1.2383889356720397,-0.7223458835051982,-0.783003059887673,2.1281078950177044,-0.22430321302315737
-0.6611039373109435,-0.058703167712892336,2.1755226971542405,1.4568994484360656,0.4887814675016509,0.4826919507781931,2.2873901395932417,-0.04379838055732464
-0.6266790050125355,-0.30268910222839435,2.3564446069056877,2.5829342557305033,0.33879745841508124,0.32385105038759826,1.411724191474433,0.7143802372313103
-1.0020416173754683,0.19983460461965064,-0.7454021987801116,-0.9464540077328848,0.30196451328666707,0.28559950120480143,-0.5547213935090258,0.013968997974955604
-0.3615779181707264,0.15927724538882365,-0.8492320339978408,-0.6515477894250961,0.5496807318192385,0.5473478803558396,-0.39418452271783694,-0.1726887455813926
-0.19565555373372576,-0.7139262214556044,-0.5199212682652805,-0.7504395754235496,-0.1397500085138077,-0.17913423182778784,-0.5355278501861138,-0.2111808907922002
1.849332618326203,-0.49224554276411886,-0.3147694778351272,-0.539843333043579,-1.5052429956927798,-1.5012849441810265,-1.2835074932534147,-0.14583172608203362
-1.1273694621552073,-1.0932411873754593,-0.8791357727735146,-1.0126910444121557,0.5475104575455813,0.5460194607010753,-0.9438668854095947,-0.1032862413376637
0.16549454462930419,-0.31297871472265565,-0.892564294712473,-0.7532430827685969,-0.04847730948204273,-0.08266427251498913,-0.5195477347282678,-0.04554802352145226
-1.02115897942617,-0.14692433037664118,-1.5370187880576205,-1.1137881868705504,0.8324958860802575,0.8445410686015735,-0.6101161235168381,-0.0913303477494583
0.5154840044685901,1.750117045655768,0.27681619204070573,0.8655257478486907,-0.8908212818365175,-0.9503487827076915,0.23705344427587538,0.14020573783676332
2.1781548853708808,1.9461771204938831,0.010582717811989353,-0.6966331401672462,-2.448800653431317,-1.9230679388841838,-0.7860720644858628,-0.1876481929246837
0.001198688713166929,0.31937383504255934,2.1272837505583615,1.5002509820127359,-0.032187891544371995,-0.06584650094860829,2.640672263200961,0.005483229598936647
0.07265061648336013,0.40910732118684645,2.3848225146698656,1.619407275362815,-0.081615733872153,-0.1188657558187222,2.3248735871207673,-0.07674998971506146
-0.5367347436143145,-0.4745361883822163,-0.11704633325611877,1.005109370250838,0.30196451328666707,0.2872765694970478,0.09153329195644001,0.15245323858565665
0.4759623146636563,-0.641076978964929,-0.15929798222003946,-0.5845810954074825,-0.7835929853191795,-0.8449695098665214,-0.23870353424146787,-0.10037016973078433
-0.6870021895268217,-0.5920846838389449,-0.584091356826635,-0.7365901417151745,0.3941613623932987,0.3833366166576467,-0.4316364931706786,-0.12253231394306752
-0.6582819740325684,-0.1899325903063354,-1.1959534473305424,-0.7674337993190022,0.9743162629298057,0.9968226357421499,-0.6544482392132294,-0.22401160586246943
-0.4119163290325982,-0.38278580070580254,-0.1474497285951404,-0.4277387329203447,0.07698410645966572,0.04894179399789429,-0.061081442304097566,0.04776626789868745
1.1560555170445672,1.5940214988290229,-0.5844327173386948,-0.29418390129864896,-0.43474733715360814,-0.485803137071132,-0.2674565872737693,-0.1872691036157894
-1.1890015662711932,-1.3069730873421543,-0.434548623528001,-0.7123398074691148,0.9564079247300318,0.9790019602103712,0.03962620635922928,-0.11086802751555004
0.622482198379662,0.01723396113116414,-0.43174182579109766,-0.5419092945606825,-0.4156295707425527,-0.46574197283892943,-0.8153637510426445,-0.0012237350968858994
-0.2984422128594148,-0.13118436934980732,0.7178707473243218,1.363177080791242,0.35624943289243527,0.34306087818336317,0.9444929264572763,0.15012038130015318
-1.1894162638180292,-0.050908966543072066,2.1381800245633618,1.7208514858265174,1.5425890504584907,1.5976441050113368,2.0999953920037657,-0.0015153422575738362
-1.1249991801481973,-0.7699181316099387,-1.546380647697096,-0.9807286490595878,1.4581797097917952,1.5080473232473233,-1.128484089636553,-0.04846409512833163
1.0167009698880987,2.009403244572032,2.163583975847942,1.6281476188023172,-0.430477104481361,-0.4813776730436585,0.4143446609609939,-0.22430321302315737
-1.1389162367664225,-0.002968475827726203,-1.113594224851948,-1.0086139611245322,0.9349543081071852,0.9543160045525776,-0.9491933148849384,-0.1073687415872948
-1.2702110465223742,-1.429040582060366,-0.3914244977906705,-0.7448664515672833,0.9783556719071674,1.0025486538113524,-0.03340585531565023,-0.2097228549887605
-0.582570918371394,-0.6186119869647915,-0.3435240933469645,-0.6419160849013971,0.32872975862137044,0.31418529354537217,-0.23870353424146787,-0.18027053175927893
-1.2412205566231884,-1.5755674061800298,0.38892596887332265,1.135210359279671,1.2644279536046295,1.3021705813624147,1.0262095937690905,0.1434134166043306
-1.26663125955659,-0.01912975471635483,-0.45774206539210616,0.6925067652299088,1.1196811951586292,1.151300623711436,0.3379296038454677,0.12387573683823885
0.5723335814408238,0.5080839192780708,-0.11540558587538653,-0.49977044927641695,-0.7223458835051982,-0.7818572420864779,-0.5519418675336507,-0.021636236345041474
-0.4193015166702859,0.19750892954745916,2.2430454420863217,1.4865402480466647,0.47171878002927964,0.4646608554008591,2.7677003890281116,-0.1458608867981024
0.9921010072974076,-0.05100585064320544,-0.1526336603510692,-0.4730409003023876,-1.3646291424492574,-1.3897827756590333,-0.5301540740502383,0.05039073234487885
-1.103507802342673,-0.5418197670276612,-0.9099139274834095,-0.8625859354412149,1.1138147513658383,1.144446854077112,-0.8110913245348657,-0.16481535224281832
-0.7837410632998822,-0.08831129553230906,-1.0579778954378727,-0.4087094962229989,1.4306872908534303,1.4787029698431338,-0.39847209980101145,-0.006764271149956699
2.2677571325409764,1.3696691489252464,-1.0126367891190542,-0.9965250765398892,-2.219207305078926,-1.871932306758969,-1.0477582424250296,0.025749927266748237
0.639327546553823,-1.1470225719854843,-0.2646455426175784,-0.13939945847811566,-0.4541205823841669,-0.5055411299034884,-0.6882305375761715,0.0046084081168728365
-1.2110216496427773,-0.8729419022507241,-0.5683676080656455,1.3704955233019138,1.8117292488783112,1.8827798824303414,-0.644671004521272,0.11046180744659377
-0.8030610731869731,2.5673459910486685,0.20552100284173233,0.9667889914045756,0.457922549562991,0.44993557131657386,0.5436109603158787,0.14370502376501856
-0.3585202818780649,-1.1459169954715533,-0.3899521825522269,-0.6092245485063877,0.17990762309428546,0.1565144350862739,-0.731430756602847,-0.030676058326367484
-0.7456442501825827,1.1005550177746906,2.172276920809603,2.1476283252253525,1.1436324368715531,1.175448163194854,1.8792854864039448,-0.007639092632020509
1.921870790815692,-0.11709252751394465,0.6834570841116874,1.2088064463906967,-1.5277899967134925,-1.5187942060567303,0.39901012577877637,0.1498287741394652
0.6206254526562992,-0.4907281943154968,-0.24132457779726207,-0.5650520956681703,-0.7972570161972371,-0.857706240519111,-0.017159884066398966,0.02385448072227663
0.9301660065535239,0.08358062901738463,-0.5421800488866265,-0.7393379131793646,-1.2033805627495826,-1.246694467733466,-0.8552383657357993,0.013939837258886782
0.37104567726280235,0.38914718257804676,-0.28317537612319,0.6026510439348294,-0.6436878683799692,-0.7023012224452423,-0.883361847417592,0.11337787905347313
-0.9946202855363537,0.48500674452897513,2.4185356754079317,2.0270747008207697,1.5642921944591683,1.6206465778476733,1.452944999419389,-0.1129092776403656
-0.1981968946480286,0.5733889757112849,-1.1533645807965591,-0.7617224972842638,0.32493627295739697,0.3104307754464268,-0.36907866599171824,0.03756001727460966
-1.1613142823697078,-0.9908627883892981,2.264175428735384,2.066306641355857,0.34754970630701787,0.33743271164311345,1.4737150162263297,0.6703475559674319
-0.6755015363940995,1.1695646161477173,0.2071505927821727,0.8639041664723859,0.23617541496236782,0.2173185163972054,0.8014295051005582,0.1407889521581392
-1.077154696047189,-0.5350654714532629,-1.3544990117125495,-1.05484213272045,1.0102720504954177,1.0344329470653497,-0.8644682524187145,-0.008805521274772255
-0.5436826421750988,-1.1767861745592592,-0.6657683956442108,-0.9209236886556585,-0.01768228248399372,-0.05072815375685024,-0.41815164037580255,-0.19951660436468277
0.12719081082587963,-0.1150754332977745,-0.15141804927131916,-0.5912153570416305,-0.4892144095839165,-0.5421035620162482,-0.5091242724657541,-0.16131606631456308
0.3997741015947219,0.6675681930005729,-0.4651482295133711,-0.5956738474276069,-0.29036497920410587,-0.33528810985479673,-0.13151764136309427,-0.2006830330074345
0.3109176754556553,-0.32911158398712126,-0.2530758009647981,-0.5095729343799501,-0.5343111387618539,-0.5885982411055916,-0.14835063140587912,0.018313944669205835
2.311408828219831,1.638726259948805,0.08058112096081194,-0.37702672561204853,-2.1974062484760393,-1.8691268114838901,-0.6287190015903296,0.03989287456011316
-1.1161197686565634,-1.1525617903656742,-0.9304784253020737,-0.9501794270664627,0.8833385152719979,0.9002628907618889,-0.738940739324329,-0.18435303200891004
0.48486486970011045,0.6583422033127171,0.7951373109951587,1.6421519521928947,0.7028600612339425,0.7096880641534897,1.4561564058273473,-0.203015890292938
0.5981601491896466,2.4516671490281334,1.6761105801188183,0.7306184898193675,-1.0097943684816346,-1.0679473186297468,1.5998013154716912,-0.12603159987132273
-0.6982913802951407,-0.6602584735792113,-0.8326889917847816,-0.7203290711643316,0.8511110007944593,0.8651586354390813,-0.5575137579871077,-0.0872478474998272
-1.2139956718705835,-1.1971899717879866,0.3128955831993169,0.889925002171349,0.8607672111132084,0.8783666759788569,0.566711774755109,0.14049734499745123
-0.25009916308982494,-0.3966510221333922,-1.0721845482530803,-0.7703072488343214,0.5078794810317616,0.5027140211438875,-0.6544482392132294,-0.19805856856124307
-1.1522659259550267,-1.5189312968617528,-0.1229232962237104,-0.8179857118602876,-0.033808621667403047,-0.06544355639764925,0.29712865940249844,-0.22167874857696593
-0.133080060030192,-0.372845255741178,-0.4382034866818894,-0.6762312566297293,-0.09847339990884192,-0.1361806179815204,-0.2081074690119215,-0.04438159487870051
-0.15881724802391725,-0.06574949598181166,1.9752643262827656,2.0897474355612866,0.5871438743939097,0.5869382242333734,2.899969898260782,0.09034091335912615
-0.609163321989166,0.6470935794297579,1.8913870315213368,1.6988151300499172,1.1707312248153587,1.2040717893030464,1.566544937833253,0.057097697040701396
-0.9759978743716505,0.19057375732055434,2.461431241096509,2.210080599610336,1.8378271264315407,1.9083221495777858,2.480921470148476,-0.1073687415872948
0.868287768699818,1.0017136523063053,1.6722080950219946,1.1196884919288386,-0.6786833627945024,-0.7377525448954293,2.684630906615976,0.026187338007780128
-1.0211527041905235,-0.10632045354508052,-1.0131355204817283,-0.9067475277076501,0.9013160717841844,0.9180465027899886,-0.7058570291633617,0.01860555182989377
0.2674547957048617,1.346602535409669,-0.8812829568190109,-0.7284117786583229,-0.11552939597683387,-0.15355445233794104,-0.4788906810162427,-0.15490070877942846
-0.3560460173678162,-0.8193564349613148,-0.4697355903058384,-0.7703072488343214,-0.2039557603941756,-0.24594451925843347,-0.7022903767255408,-0.09395481219564972
0.46166030658971313,0.9312758389115835,1.8200229668416354,1.3847765976557,-0.5620582621862815,-0.6180190417581402,1.8822606195476896,0.06847037630753093
-0.9029685973086071,-0.3337819734912209,1.6429827852359817,1.8716355948485717,1.9155298976363182,1.990571018774989,1.9707699648285733,0.07896823409229665
0.24576620065258575,-0.6436875039626382,-0.4003741209163128,-0.7230128167228125,-0.6837523992317524,-0.7439197918659314,-0.28681778832866156,-0.023677486469857033
-1.2856387369308113,-0.2863820272227794,-0.4601121548979043,-0.4312556036798758,1.7702788825141946,1.8375478803284966,-0.8416524943368463,-0.22062896279848934
2.164525613967927,1.1783741570063457,-0.31651275637363996,-0.5671949302929337,-1.6962745761824234,-1.6372622774153438,-0.92301841131138,-0.2135137480777037
-0.21520775726398544,-1.2668541909818336,-1.6645466904616013,-0.9652852440895815,1.1071865018230962,1.1367787480568314,-1.3120740279669028,-0.2088480335066967
1.9412772878250355,1.439582719524172,0.2852018243573505,-0.39519192855807994,-2.0797013945290383,-1.8268274826158424,-0.42936802583848316,0.0212300162760852
-0.40285866643303153,0.8206307687813563,-0.7286452128426196,-0.8179857118602876,0.16725830727032215,0.14436814662776676,-0.6131771216244469,-0.03650820154012622
-0.44336564430761594,-0.3943319026867511,-0.6525937115754525,-0.6838115550773954,0.2035037687349457,0.18119234716850188,-0.7240129232352036,0.05068233950556678
-0.4380800167920857,-0.5184268943303525,-0.4405793221176742,-0.535729847012589,0.4498136985317157,0.4414750976794288,0.27423434296372823,-0.21963749845215036
-1.1913862941120326,0.5346530748110154,-1.1597947430753552,1.4579311434962312,2.220826786745383,2.3133988938959638,0.40359438156300603,0.11734373643882909
-0.09575366178403762,-0.010876523608541248,-0.9728200339712106,-0.8179857118602876,0.2035037687349457,0.1825646397540193,-0.5659690823159045,-0.14936017272635765
-0.6385225881738278,-1.2249940734688707,-0.17849755541744575,-0.7448664515672833,-0.18944006521827259,-0.23014407710076396,-0.3332727255281911,-0.16510695940350625
-1.0058992120422672,-1.4472010789707064,0.07376241040482533,-0.3530012371830959,0.868620186376558,0.8843498187478834,0.5610187983488182,-0.09687088380252909
0.8044037126504819,0.3648322266341601,-0.3305586388748855,-0.6092245485063877,-0.7700565382913337,-0.8309668723363602,-0.12191058143220145,-0.22371999870178147
-0.7687531257457261,-0.590819782528939,1.4912218866693285,0.8598334874366899,0.6792544985655496,0.6846380230236668,0.3224606361950664,-0.20126624732881038
-0.7520042938775285,-0.8482768589996349,-0.5256287026873753,-0.7967205382507511,0.30710089755792047,0.29226415269247746,-0.6511715600009012,-0.1776460673130875
1.0933868933333628,0.37430871065674826,-0.2518850106287286,-0.7257070252533939,-1.5739640570628626,-1.5515047965339386,-0.39847209980101145,-0.09803731244528084
-0.33674231705541047,0.1722922313009906,-0.741336219562531,-0.8399260820186822,0.0481551963375474,0.01846534885219767,-0.9599890631016017,-0.08497331164646128
0.63172972045561,0.2777465411008994,2.0692733066799436,1.4332101870809353,-0.6660877757969933,-0.7248622646203968,0.6338839443418209,0.013356622937510908
1.7943978866413826,0.4428751809900584,1.2806380611225294,1.2349178326024073,-1.5052429956927798,-1.5012849441810265,0.8375753618584666,0.12999948721268556
-0.7859070993403874,-1.321002864546862,-0.9145665480238102,-0.7907630564179646,0.6359753758800075,0.6385632312497035,-0.5603190801193723,0.04076769604217697
0.6595969892213187,0.014534791612961563,-0.16811905047574577,0.9597587821202651,-0.6888392217981969,-0.7474890454383188,-0.5832429956100075,0.13495680894438045
-0.3062766598915938,0.9088707131329321,2.0757305698004047,2.0679669974967525,0.17148702084916018,0.14819100131785676,1.8605054984777638,0.2938827115193059
0.3204049795203804,-0.4593081527390165,-0.005499200431033991,-0.6966331401672462,-1.2627133625466156,-1.3016216990734155,-0.2797054023559335,-0.2143885695597675
-0.1414547427268115,-0.09351339091008984,1.7340270825162292,1.2550268878172566,-0.11552939597683387,-0.15307950698091227,1.7468900268089116,0.08305073434192776
2.299509340478323,1.8290563565831595,-0.5739837858211165,-0.23068831878146032,-1.2439096885104264,-1.2836337715894315,-0.8327619541880672,-0.1298224929602659
-1.0211663342652295,-0.16091105315678178,-1.3070266744592527,-0.7560580097270124,1.5659069073909644,1.6221985612909022,-0.9333527797951323,-0.03125927264774336
-0.2271974890279922,0.4666917071142828,-0.5605708592681236,-0.7230128167228125,0.08148408817115001,0.0540975526851693,-0.16860047113440593,-0.11757499221137259
-0.24982148240109836,-0.20086529577314371,-0.6190122996096483,-0.016879264430774466,0.9604974703023935,0.9816166243669868,-0.6162536973976368,0.03989287456011316
-0.11819614137823944,-0.48242845483376895,-0.8446222103434742,-0.8625859354412149,0.02186580390116177,-0.009284830134967368,-1.0477582424250296,-0.16306570927869068
-1.0388715776183355,-0.2531432807898787,2.3184594778137706,1.51832876529626,0.8163475922685426,0.8293073111719645,1.5579792055437118,-0.052546595377962746
-0.8727320088700169,-0.8888973940691899,-0.37653359558074795,-0.5336822496248506,0.7555489534546068,0.7654666936355492,-0.12600921295971507,-0.028051593880176053
-1.2710439363305337,-0.8446525913349123,-1.6620086937746916,-1.1679204734765136,1.1812902150032147,1.212262161199246,-0.8153637510426445,-0.15810838754699577
2.275787564014249,0.8404103358972226,-0.4105221155030464,1.0656807774030295,-1.4698816586306525,-1.473440633355143,-1.2133365455991265,0.12387573683823885
0.28462165347521085,-0.5401285535896494,-0.4719202809394344,-0.6737228560071363,-0.4072130423482038,-0.4580870027236092,-0.8979299218509426,-0.023385879309169095
-0.023528734829039517,0.29043037401467947,-0.05543477535408374,-0.6966331401672462,-0.8305859080308398,-0.8905564546729574,-0.6131771216244469,-0.22401160586246943
2.320396808169062,1.4545945363919568,-0.5004943421833912,-0.6588607001299094,-1.8131669647104387,-1.707387284263381,-0.9078407312655297,-0.1574376910774135
1.865595539208735,-0.41924186143158587,-0.22934665885995645,0.28990556503457265,-0.8110510588362735,-0.8708812077978446,-1.0052098249005135,-0.15364679798847033
0.7739485821840827,0.1955450499043999,-0.20016499638349708,-0.5523327744157068,-0.953668277614942,-1.0118841706744186,-0.44775867086268584,-0.037966237343565905
0.07557107356716018,-0.5957978480566427,0.2104367321901854,-0.5036747738582249,-0.9234011460409232,-0.9826328786964558,0.2504387697002942,-0.08783106182120305
0.8551826137849877,0.6164063677928006,-0.2989946613512923,-0.5586631723867641,-0.8055176821032899,-0.8671871432144752,0.5539376534403677,-0.21701303400595895
-1.0081867326971212,-1.4982746158790425,-0.952158527642185,-0.8625859354412149,0.9224312563477572,0.9418403497757568,-0.9128577379400681,-0.12194909962169163
0.43803462872841986,0.5716868884412788,-0.4548916852745346,-0.3577399776674986,0.04968688474633357,0.02058237223358868,-0.7058570291633617,-0.14294481519122307
-1.0211639786613516,-0.25843764192920987,-0.8374839289506583,-0.8335860044043412,0.9224312563477572,0.9412631718708537,-0.7779572334551065,-0.1032862413376637
-0.7927717216551459,-1.0533193119524926,-0.5305225473283224,-0.7878034646876617,0.25888028257771195,0.24182588653463882,-0.6677354957211072,-0.07849963267918908
1.6182251887632606,1.1975304158839173,0.3181791894039052,2.838969632087338,0.2694431194262577,0.2515404811869665,-0.22080181122011777,0.14632948821120995
-0.289820438503496,-0.5969791054754476,-0.2565944035807006,-0.6347793920832451,-0.2057804842902753,-0.24816897094541968,-0.3773319796332483,-0.0825821329288202
-0.5255247162084675,-0.7471927902946396,-0.743618241756489,-0.7617224972842638,0.42521140968103244,0.4171159497065265,-0.731430756602847,-0.17531321002758402
-0.24950471829614415,-0.13948077910990608,-0.3198460781123905,-0.6001612892526592,0.04968688474633357,0.019978701688289177,-0.14551238283725185,-0.21147249795288814
-1.2707639873645493,-1.332679856340857,0.8264540391365004,1.5249098758151778,1.7333709004438937,1.7963958226785346,1.8815677302630267,0.1474959168539617
0.5197677943788024,0.5708351743118096,-0.40886781681692475,-0.452741177104,-0.22600550778488615,-0.2695212160107314,-0.19875863577974123,-0.16977267397451323
-0.9225262880903422,-0.24288403838284972,-0.9870567221247519,-0.9464540077328848,0.7145202550079686,0.7218433713722818,-0.987853249975778,-0.198350175721931
-0.7625443783210167,0.11265805647845363,-0.7707068759186828,0.26138444940736444,-0.3335854493987305,-0.3819109273142646,-1.0291553643515383,0.11337787905347313
-0.5502456123106508,0.08874997687092928,-1.4738165499018536,-0.7819220367384917,1.0953275977095946,1.1231252217770624,-0.674490268057444,-0.1583999947076837
-0.9343627971552684,-0.6834967700378527,-0.769619905472346,-0.7230128167228125,0.8633895988238305,0.8803288702939887,0.21171638690331035,0.041059303202864904
-1.0202067286174386,-1.0850003735564242,0.31211692319549716,1.104765395876842,0.9215925274009836,0.9411178328268308,0.6180779241579469,0.1489539526574014
-0.48855588063067473,2.1730321080028547,-0.5995713198569694,-0.6024159849322824,0.22536647062088885,0.20545674007496836,0.3315322337274564,0.06088859012964457
-0.5707637936982904,1.276882425227323,-1.149134561055466,-1.1043858158066313,-0.08833529604824396,-0.12549188134628403,-0.7351740864247526,-0.02665187950887398
1.0289685683107983,-0.30528281023784176,-0.4507149642382077,-0.10998805757926032,-0.39884509447486427,-0.44900260400286984,-0.8738412438092906,-0.12646901061235463
1.799437233286711,0.47113702328180845,-0.08815093606015884,-0.7257070252533939,-2.2789989932058354,-1.88921110490885,-0.8110913245348657,-0.16306570927869068
-0.675501418249135,1.3166681938452889,2.4703084517927696,2.3914948429153924,1.6300932389963991,1.6888354680906668,2.549595924133643,-0.1382791006202161
-1.271056519526418,-1.092052876045838,-1.093572105021755,-0.9885817291672555,1.2577899248642948,1.296875169482428,-1.6752693628799027,-0.1782292816344634
-0.3221489907077898,0.11508601234722292,-0.10974146872174163,-0.49202735860281593,0.1155276000961032,0.08972795848413614,-0.12463991263548788,-0.2199291056128383
-1.2710396515445617,0.24620753245441415,-2.3682404752473145,-1.3221268622166822,0.7686604131186081,0.7759968431423315,-2.059753722710169,-0.00209855657894971
0.9289807968672624,0.006108525317095559,-0.2092119571737478,-0.5215224588432357,-0.876250878347468,-0.9354171293705903,-0.6131771216244469,-0.08374856157157196
-1.0988851087465834,-0.9598023166830858,-0.7803461027083709,-0.8758760298938162,0.8807519972905252,0.8981952283507839,-0.713054088385948,-0.12603159987132273
0.38793518651678094,-0.7106367970099924,0.045826256685941154,-0.42249675876379295,-0.6536006792681969,-0.7108950954022981,-0.10446409689147543,-0.14352802951259894
1.2617719386760253,2.0755695393412106,0.18532988432783526,1.5715409520179113,-0.32960263660785966,-0.3780196071194327,0.4786564908249798,0.14370502376501856
0.5063785331287997,0.09732910131211983,0.043383995904378435,-0.2630878590328879,-0.4476340259518833,-0.4997859556789997,-0.3086712219679137,0.023562873561588697
2.2999970100488056,1.5481657305113987,-0.36119948559214177,-0.8118428837442976,-2.4065311010818795,-1.9166853179308325,-1.128484089636553,-0.22342839154109354
-0.8301980013920718,-0.09353264145260055,1.5610567556809194,0.9890425890581964,0.8519915006357134,0.8681822299371579,0.8987033082840655,-0.01580409313128274
-0.5780837685334191,-0.2590771133176281,1.4719863603722252,0.6890305827855598,0.3648972647626148,0.3529877148860384,0.6006125033047082,-0.04088230895044527
0.252143900034954,-0.3490083087929396,-0.2622741401607434,-0.5056352393227614,-0.2540478316839353,-0.299206107368132,-0.5980248037682963,-0.09687088380252909
-0.8537571027995957,0.6191210077157372,2.2243256774903863,2.0011580585667588,1.4116662003619282,1.4579744544457502,2.0018731046259988,-0.03155087980843129
-0.6049624510671251,-0.643692008499223,1.2376335107758605,0.37453603873128327,0.09341619622040766,0.06542348704768816,2.179300591366186,-0.18931035374060498
-0.022877020285008594,-0.31198719261783947,-0.6255823746021281,-0.824183633340422,-0.2692285247816863,-0.3147171883431737,-0.22080181122011777,-0.17356356706345638
0.7703175393544553,0.6571006906876656,-0.7044115426857822,-0.5076012822214526,-0.4240952470264656,-0.4755310191369083,-0.731430756602847,-0.10182820553422402
-1.199775325273826,-0.328851893662315,-1.0252956409794924,-1.2550990364715944,-0.4283466956570434,-0.4771502536520924,-0.8026360002060688,-0.07179266798336655
-0.4397325531637703,-0.7324713465536518,0.6126336259885732,-0.05980386899321779,0.006175792054685998,-0.026240378603721144,0.46437119884150024,-0.06071159587722494
-0.18088784521912957,-0.020846808718478528,0.9299835328664452,0.4299351494049633,0.17007881972429525,0.14640016985074514,2.1665786353707364,-0.13507142185264878
-1.2710472452265096,-0.9614454015087358,-1.1142363665728992,-1.0376719671740693,1.0750930694427825,1.1005173342287242,-1.0669517857479418,-0.16219088779662688
-1.1585349246219836,-0.7592410753083557,-1.1326483839303938,-0.3420689294472954,2.7686084204077037,2.8923478515603596,-0.9078407312655297,-0.15504651235977246
0.8800042475458392,-0.10988159266319841,-0.13300640360733068,-0.49395501288695914,-0.8646990806214977,-0.9262529395941164,-0.7942973047644263,-0.21613821252389512
-0.4859808926192081,-1.0434905556938434,-0.23944721496809035,-0.5586631723867641,0.27207184715294735,0.2554476491898875,-0.214421321020428,-0.0802492756433167
-0.1681300111048495,-0.7101674235122307,0.018141644301449874,-0.7176557076262194,-1.1255708049569109,-1.1778847757712692,-0.7022903767255408,0.046308232095247766
2.189175587977707,1.309620828273867,0.11219594248606693,-0.42423966917764816,-2.1339037053456984,-1.8473934116121333,-0.8153637510426445,-0.221387141416278
-1.2844794993042123,0.3810267759977968,-0.9998834847078566,-0.5275756094811561,2.0964869420680765,2.1821421376093464,-0.2436792482118687,0.049370107282471085
0.29989597548811603,-0.037653072573523544,0.16016013075520857,-0.4259869864493252,-0.7016349177865213,-0.760559187754719,0.07701187717924556,-0.16423213792144245
0.256946868895092,-0.7801758749549637,-0.05853809647828383,-0.6889116786892082,-1.167494004073501,-1.2170593693175962,-0.589112418750242,-0.21322214091701575
-1.2550587087158864,-1.368787506823996,1.137111652826474,0.4202340601805325,0.9481940617147858,0.9665629806537296,1.7381016909329867,0.04310055332768046
-0.7770468396310757,-1.6227274517978225,-0.27278387107135366,0.7698450853669827,0.10966412215760517,0.0840633133526857,-0.7620472143315833,0.1410805593188271
0.2872397643987251,-0.4706853854776631,-0.20390421930269081,-0.5155218687873921,-0.619198384975832,-0.6778685690503118,-0.3430079734968831,0.02210483775814901
-1.0003320540727876,-1.279139225127268,-0.381230386327269,-0.6863569119615435,0.35004067417768436,0.33865261496597315,0.30725529207250396,0.02385448072227663
0.0778919889912886,2.8578132880528493,-0.3061653330074048,-0.5316407012780883,-0.3740272054882285,-0.4225270743178115,-0.06478653562572857,0.05884734000482902
-0.2372880062116203,-0.6933598366447159,-0.5911481853283621,-0.8273035646567765,-0.22230718194236218,-0.2654683628015487,-0.7022903767255408,-0.18785231793716528
-0.8288354553376034,-1.2622299649277353,-0.3076150334338247,-0.5275756094811561,0.7723848671749154,0.7817866279790835,-0.0939727995935801,-0.16394053076075452
-0.33627945963795386,-0.8502711063609169,-0.5565694931704145,-0.8210777242346008,-0.19849532853750815,-0.24041939695188885,-1.121329617560241,-0.19601731843642753
2.4549109515927636,0.7590433994922017,-0.8298393969701496,-0.7096971135687657,-1.6560013491291197,-1.6093189085707789,-1.1655844305476601,-0.1409618864985451
1.5345846206389155,0.3251015372866249,2.352319314392314,1.7406868246381055,-1.094905298542966,-1.1486851935754026,2.9189170593750045,-0.06421088180548018
-0.2859833274629777,-0.5569070919625225,-0.1129832725446212,-0.5017198542722824,0.02809456941865972,-0.002604827221370686,0.16018231257698093,-0.07441713242955797
0.9321196800164148,1.069926316564003,-0.15043668358227616,-0.4070052694338162,-0.7460049516343625,-0.8049303570776928,-0.2537552453683647,-0.0545878455027783
-0.8839510567081558,-0.8351100876327664,0.33658403097374734,-0.20353358892732976,0.5604836353385855,0.5601193396584485,1.1503341813627581,-0.19047678238335672
-0.06305253068475346,2.186565528809729,0.7528786271800779,3.3957693119287473,0.5786658213197905,0.5782259451645594,1.155622751642083,1.1392518703536338
-0.244174327806801,-0.15580190879972097,-0.25719641142841554,-0.5195164672669675,0.20212634065597213,0.18148305021652866,0.010807444744916735,-0.2199291056128383
0.9392889473635698,0.2545124345793219,0.48830462985206863,0.1797461879119846,-0.673631988540918,-0.733263402862272,0.25483548605939255,-0.1082435630693586
-0.5859212462059776,-0.14169373280293954,1.7983663142011266,1.0193000868012438,0.3747177456274652,0.3631325260987505,1.2629855914141532,-0.06333606032341638
-0.004003752235274721,-1.295553183308852,-0.5835798620219372,1.6178640127947173,0.6143600646898105,0.6160057247882368,-0.7166850052145975,0.11979323658860774
-0.4541679620499423,-0.6710340925872039,-0.11917342692948864,-0.6161008600941525,-0.23902445429835184,-0.282875145178177,0.5826274544466561,-0.028343201040863988
-0.22830420158416925,-0.3228165494693427,1.833401757804034,0.8940817883150417,-0.16083755040584666,-0.20109070301286497,2.103538905974451,-0.07208427514405448
0.46361065028679443,-0.9419457085469053,1.7436164427675522,1.4998198755653287,-0.11039149475489511,-0.14820592416229814,1.2720108721536678,0.0008175150279296583
-1.0799685558535577,0.33261586242200875,2.199176109773664,1.8004874486808256,1.4845915988775087,1.5356471049600893,1.6214291476430103,-0.014637664488530992
0.0879741391721905,0.3116927941620697,2.181273153112177,1.0999749731676385,-1.0484564715194555,-1.1052405186514944,2.4064135575659598,-0.008805521274772255
-0.14209543742814074,-0.473481375145275,-0.542948914550348,-0.5056352393227614,0.2903406768544257,0.27285981197892506,-0.6255784966852986,-0.021053022023665602
-1.2885870998171647,-0.30236061843687473,-0.8416865804884422,1.2902202679814716,3.4377979508673335,3.5996825486211166,0.08383196698468504,-0.2111808907922002
1.0676663312185264,1.595380731101448,0.08569175773735646,4.068889897329134,1.5088532846158151,1.5608706336522042,0.04584800228456266,0.1256253798023665
-0.3015019678756013,-1.0849412386073236,0.23280144371995543,0.25422984457001097,0.5658550492049067,0.5648227664690745,0.5445159692194571,0.05913894716551695
0.4835329908604823,-0.6166172824895158,0.2307182259029498,-0.2359838513053009,-0.6436878683799692,-0.7011080293280919,0.14810824264895564,-0.09745409812390496
-0.3622835428091528,0.0868277557128285,-0.12502786973560276,-0.37702672561204853,0.28774489649386215,0.27127500872528765,0.7942926292821517,-0.08520659737501163
2.1594918015761233,1.3434315094902045,-0.48157172923589114,-0.6207233764114971,-1.6962745761824234,-1.6357396177858723,-0.7901706960133761,-0.056395809899043504
-0.3093330988852193,1.3435637594586067,-0.37249381248260144,0.5376933054474413,1.0614447610083602,1.0885075238628634,0.1047789574743325,0.03143626690016299
-0.1269267259931251,-0.6602584735792113,0.04056933855193464,-0.4312556036798758,-0.22600550778488615,-0.26973571688022013,0.16950275532701917,-0.21584660536320718
0.091210201478779,-0.7167840346214106,1.4363463163819572,-0.548144497275837,-2.3413631437028415,-1.9011792161985817,2.421541077241781,-0.08287374008950814
-1.2710420402159524,0.10444385926851701,-0.7728897244028546,-0.9807286490595878,0.8546297960755053,0.8675794178614101,-0.3609365114729149,-0.16948106681382527
-0.15712222149793953,-0.5524300047093466,-1.1273007037010983,-0.7448664515672833,0.4682820112667469,0.4613170257390132,-0.8881789711891058,0.01248180145544713
2.5660585630583768,2.054040290108862,0.33240207433762536,-0.19346326700908226,-2.365459148998855,-1.9073065211932219,0.3511476863919806,0.023417069981244744
-0.8137017879448613,0.9496080495741388,2.466743655733714,1.8074991543087247,0.9299580609655196,0.9500545449310855,2.216020374780891,-0.10853517023004654
2.0956174982574893,1.7516600599546353,-0.26610596719586554,-0.49977044927641695,-1.6023913001019707,-1.5728200284462637,-1.0414934626869097,-0.18651092499800076
-0.21938498026358783,-1.3498496590865767,-0.34110146086887927,-0.6491272489021422,-0.02089323162398208,-0.05408545104534726,-0.6414467524269052,-0.15052660136910942
-1.1389060267938234,-0.13582117605228367,-1.0258104293768857,-0.6001612892526592,1.7749434391253498,1.8436966704886542,-0.044085058448634466,-0.008222306953396383
1.7138650708831455,1.2882793820993428,-1.377416084807974,-0.8057541781652647,-0.7460049516343625,-0.806321633421024,-1.0477582424250296,0.03394408848207926
-1.149227527551268,-0.9114809324347808,-1.396484873532526,1.3174197369551002,3.515402878716988,3.6828180180461976,-1.321904258129829,-0.07616677539368559
0.23409287237810256,0.16503203272911088,-0.11408729058604539,-0.5671949302929337,-0.4628147190496343,-0.5163359305843115,0.24378315200329542,-0.12632320703201066
-1.161381545318866,-1.7310687994568683,-0.6624337933213676,-0.7338532525427129,1.204942975785959,1.2415013700058495,-0.6131771216244469,-0.11349249196174147
-0.4527479123870881,-0.9321216485971783,-0.7257167518670669,-0.8335860044043412,0.19521950079804096,0.17354206995492277,-0.7659856376072806,-0.20184946165018625
0.8364159450127036,1.5516008237534795,0.8876252388682941,1.4468461761974254,-0.019286868086713198,-0.05160113679209151,1.802593781531561,0.02502090936502838
0.8011582279200395,1.2326017836220624,-1.3938891947018677,-0.8658845747008412,-0.10697631545102576,-0.14459875063768407,-0.987853249975778,-0.07494202531879626
0.3157913131505057,0.18019230078185894,1.5663642603427812,1.4092947290151405,-0.4156295707425527,-0.46753598151809833,1.92433918912037,0.14253859512226683
-1.2495467753918281,-1.5464438947416208,-1.2348412911739386,-0.8560355203993538,1.6791731539425794,1.7407324481961308,-0.4548020029745905,-0.21934589129146242
-1.2084802213987949,-0.5372997169754371,-0.32134634773984017,-0.7560580097270124,0.7057839135407614,0.7126725271854136,-0.010328785003783026,-0.2190542841307745
0.14118696594591176,0.7066808374912732,-0.9865894711827957,-0.7560580097270124,0.09638394125690587,0.06873568630399515,-0.2453469619168968,-0.22080392709490212
-0.38262921986189613,-0.8237297023526394,-0.25749775568341754,-0.57800991804043,0.09786553867155989,0.07045171689601433,0.019490478532389256,-0.04525641636076432
-0.05071310703099846,-0.3063799913353249,-0.48382226119506677,-0.6324167791400264,-0.3415840514488596,-0.38940344547263966,-0.5328349912361456,0.048057875059375386
-0.2809716186517537,-0.4367507656227676,0.3323676145845587,-0.18972441057009218,-0.05340004067737117,-0.08748629605762148,0.4648872431192628,-0.18435303200891004
0.10961217396346061,-0.24119627235976474,-0.6515824964261886,-0.618408253265421,-0.0017333543707794832,-0.033257053439135646,-0.28860903655673215,0.011023765652007446
0.5782500407761955,-0.8849199130226911,-0.9091437285258056,-0.5095729343799501,0.11990969797377765,0.09391797201406388,-1.221675241040769,-0.13746260057028986
-0.0043977022750344595,-0.6363168520773379,-0.675084631912287,-0.8463248648903724,-0.2826432941369573,-0.32707618064365723,-0.8979299218509426,-0.20418231893568972
-1.0915466371872968,-1.90653179599221,-0.5759849571362385,-0.7789999875105901,0.8396155710786083,0.8534918867289855,-1.114258825439034,-0.09628766948115322
-0.29617227404382884,-0.9389165763190171,-0.12211678616062875,-0.5056352393227614,-0.17506827025670044,-0.21586350576842414,-0.048892605332286974,0.03756001727460966
-0.7427746753227848,-0.9280368461189803,-0.5412593579567714,-0.776090241684289,0.30838215521450274,0.2934984996059986,-0.48630851438388584,-0.16481535224281832
2.1278726933042216,1.963412283606821,0.12030271719290267,-0.5095729343799501,-2.183052240680213,-1.8635767376379888,-0.6882305375761715,-0.221387141416278
-0.8200919134868818,0.0929336809288864,2.3664494446455855,1.5624433733962588,0.7241659522275349,0.7327145748455386,2.368546061486127,-0.07325070378680622
-0.256923870227736,-1.3218923242217622,0.19209263386503272,-0.6046780609709871,-0.9204088994800924,-0.9804304375872959,-0.1760001453372553,0.006066443920312521
0.17267550999919307,0.2551077140730509,-1.0458805086829719,-0.8560355203993538,-0.02089323162398208,-0.05371909839874637,-0.731430756602847,-0.19922499720399484
-0.673888968046638,-1.12214610071845,0.8591830526550378,1.1057195084304192,0.5733417501724744,0.5727211678808792,0.5902212912267637,0.12679180844511823
-1.0211589578894325,-0.5074976387643734,-0.725473679110821,-0.8758760298938162,0.6792544985655496,0.6843894336325536,-0.6847660820508905,-0.08928909762464274
-0.5338298649104535,-0.5410162206948262,-1.0096573979198762,-0.9032484639649535,0.3574880001989186,0.34390881776123994,-0.35290256154933536,-0.06391927464479225
-1.0986003041687507,-0.7796859366715276,-1.178218885867317,-1.0167923241813837,0.9465456897986462,0.9667125751836738,-0.6917149612550663,-0.18785231793716528
-0.03498301801628295,0.0008107039353801634,2.1242025665752755,1.6708537332245004,0.12136745872411633,0.09535965398373471,2.5384389377295244,0.004900015277560774
-0.31003885642608947,-0.272528771611961,-0.36769935458230585,-0.5036747738582249,0.37594064147733763,0.3637238888810303,0.9815960450440647,-0.22197035573765386
1.2463950474841858,-0.5798695711231502,0.2533094939310689,0.0022121047361301984,-1.1152767289669696,-1.1670074037780067,-0.29040560796715265,0.05913894716551695
0.5546265717053129,0.09046943698614082,0.1989835001331643,-0.3985466128777738,-0.9908432104651851,-1.0487706655086895,-0.046484053004226866,0.03726841011392173
0.26675251466610506,0.52832481546758,-0.4089778906535916,-0.6046780609709871,-0.23902445429835184,-0.28323059097910885,-0.43619912490109913,-0.21555499820251925
-0.009797383290648642,0.0711645089275749,-0.757064608526384,-0.6662518252666756,0.19936755210878462,0.177326228808911,-0.7739403028311149,-0.10678552726591892
-1.1389098719537374,0.048690617201054824,-1.331716029373085,-1.0635898901947878,1.0629676003753383,1.0909997650461518,-0.92301841131138,-0.16306570927869068
-0.194669649270239,0.2987063661857359,1.4952516942833183,1.2353921927259055,-0.058339544413428354,-0.09412912935268321,1.725861320405245,0.11075341460728173
-0.21390528677670897,-0.05888845357810641,1.8620998665414743,1.0281035639783154,0.08298098344514025,0.05543997441265705,1.5814524156211536,-0.09803731244528084
-0.9558419461915076,-0.6189224949925193,-1.0141348538405381,-1.1090710107882773,-0.08497162181524404,-0.12078050176921075,-1.054088623143594,-0.2181794626487107
-0.7320673196511561,-0.18211999177411597,-0.6759424286692108,-0.7532430827685969,0.49555070755461506,0.49128706686681145,-0.2420161224457991,-0.06683534625167162
0.04951135341301265,0.4695508090323432,-0.6955206188359913,-0.8399260820186822,-0.32960263660785966,-0.37659885757748224,-0.8327619541880672,-0.06450248896616811
-1.1480880134397198,-0.8127435759762851,0.5158647023952168,2.624882640830285,2.1347759289169748,2.223693437442002,0.4177001506190344,0.1609098462456068
0.36172662100968106,0.23976797111160397,-0.7395702766794565,-0.7203290711643316,-0.23902445429835184,-0.28238694527255553,-0.5491750625454654,-0.21847106980939862
-1.1343818438344955,-1.5043138302436796,-0.7531392106773843,-0.4491135382605439,2.1072657496695966,2.1949533052312766,-0.6350493823088942,-0.08637302601776338
0.6130805439408893,-0.6435073327599757,1.1610570120032888,0.8455332127988427,-1.5414884571574021,-1.5301584937581252,-0.9993687569036761,0.1320407373375011
0.9291234421453298,0.5188738455366803,-0.12556929354224064,-0.4618944713539839,-0.8646990806214977,-0.9238773216016901,0.5172316415724564,-0.21934589129146242
0.7329938258571389,-0.07493448995554276,-0.4041630889562463,-0.6863569119615435,-0.8966906944854902,-0.9567463319679264,-1.0935295088921442,-0.0458396306821402
0.39048818288032017,0.41769971435209274,0.8696265097899061,0.5156549706418231,-0.0666096349751376,-0.10263273794975845,1.4073998108419763,-0.20534874757844146
0.022937901694763497,1.2424703295328565,2.308834076442525,1.7940380356325585,0.15734307506109907,0.13359429155084965,2.7374081581208594,-0.04758927364626782
-0.4415036817976965,-1.1764107373476804,0.7419220031675936,-0.7257070252533939,-1.4268594231512504,-1.4419476858506715,-0.03223083874615169,-0.01842855757747417
0.5940147753077873,1.659863298466243,-0.054708070215260904,-0.3918534505060185,-0.8305859080308398,-0.892297132180385,-0.17749101128318523,0.055348054076573776
-0.3180907162816648,-0.17603193429628336,-0.049657793094420546,-0.16171271140214394,0.46483707591729917,0.4572693606763781,-0.5659690823159045,0.0489326965414392
1.1695905312428494,0.7878991560859819,2.51032078439987,1.4513709100481471,-1.3285340926612812,-1.3605476233811205,2.1450286837019465,-0.14469445815535067
-1.0155838540787026,-0.8145444099529994,1.854657594723639,0.9197597192321586,0.6622982474454152,0.6678896828665114,1.0411075810299064,-0.05546266698484211
1.4667440615351743,1.791231401962626,0.9373492007896476,2.7308691311411346,-1.3565299987921668,-1.3834398001324846,1.0290564344438,1.2369402691840927
-1.2685869720115284,-0.6543531975248307,-1.0047405691968752,-0.7230128167228125,1.8471616985627213,1.9186066997142934,-0.30129862041613753,0.005074979573973516
2.3657053045876784,1.1009390385084783,-0.4640095681268805,-0.7504395754235496,-2.2119037987303667,-1.871932306758969,-0.9179167284220257,-0.07826634695063873
0.48584590999525495,0.20352525263081506,1.3456520792510365,0.8788929656329698,-0.4671814179656584,-0.5207735796381308,1.003574115798737,0.046308232095247766
0.11736578407575333,-0.36182914885698825,-0.6079946117448741,-0.9281223330478493,-0.8305859080308398,-0.8905564546729574,-0.7427310077568168,-0.21555499820251925
-0.05859258035185503,0.03235589923317277,-0.08608410987688173,-0.4190240699848529,-0.02895185684347612,-0.06298472973344145,-0.0024555186671916325,-0.030967665487055422
-0.7037771732204432,-1.4972067177215282,-0.13901252364178085,-0.42949493110255643,0.19383417537580103,0.17309678892149263,-0.1273816218003985,0.05797251852276521
-1.2640631134801146,-0.8446016031197325,-0.08805227306192143,0.8235121658882074,1.1721435414823966,1.20445566909289,0.3244160422169128,0.12824984424855795
-0.653786777989198,0.7089121920682242,1.9389017769542933,3.3482057929806968,2.1521123740016286,2.2406785709438206,0.7819021034722237,-0.030384451165679546
-1.2838261196426841,-0.3403177975090736,-0.5920173596984919,-0.8658845747008412,0.967829706497522,0.9887699937991077,-0.05252352216093652,-0.21934589129146242
2.177247969804718,3.0383095295862113,0.18637396400623038,0.8488596385369426,-1.8581238366216046,-1.7300312230680974,-0.48880149043082954,0.1200848437492957
0.06768433293741108,-0.05325769216403639,-0.25099424004210713,-0.48818810643494326,-0.20943683665477703,-0.25114152376611776,-0.0939727995935801,0.002858765152745216
0.5638916087980211,-1.1165890446243794,-0.8502268079712006,-0.8335860044043412,-0.6119314878353419,-0.6698555145820558,-1.1969964742898067,-0.1905351038154943
-0.34050687013053954,3.8588507020874565,-0.8174146784789309,1.049530352847028,0.13297707387193944,0.10811222499159645,-0.46672637052391247,0.15732307816914518
0.13344168825330413,-0.5561387128079653,-0.8235787657019058,-0.9281223330478493,-0.37607921282878043,-0.42612527360343433,-1.640714481875469,-0.16248249495731482
-0.3768275939916807,-0.2165382646908613,2.164252368555075,1.1770413354879337,-0.2521613734554105,-0.2949659326139343,0.9687328824397168,-0.008805521274772255
-0.14184345386234298,3.113496357445128,-0.35827958118943476,-0.14636822623202056,0.7280063331330356,0.7361901244814124,0.5868580233885028,0.057097697040701396
0.8098633139003298,-1.3748997240533063,-0.3832898094056154,-0.6588607001299094,-0.9659543082986475,-1.0246098926318483,-1.2651865204471857,-0.14037867217716923
-0.5980790285127369,-0.7534467246392683,-0.9500220547030901,-0.9353967540362704,0.2158420810300834,0.19481370764812939,-0.68132136712006,-0.08958070478533067
-0.5244756599133245,-0.7640370520629528,-0.3775499529432641,-0.7476473954117887,-0.081615733872153,-0.11670146616346022,-0.49887748758732553,-0.2231367843804056
2.3251666460841887,1.8971086378687734,-0.13622068986449318,-0.8495466125101107,-3.071346875133511,-1.9783635823835766,-1.0230794756740673,-0.14860199410856906
-1.2517093745050267,-0.445736097850722,-0.8805659465185524,-0.33589867762794334,2.0968599622538653,2.1825810835645623,-0.47156276299563665,-0.006997556878507055
-0.15332211533975454,-0.6434172546656385,2.0559424457876654,0.8480295319953504,-0.6240632987493077,-0.6820018215853595,1.029462033811373,-0.1000785625700964
0.35119111836007944,-0.30184977588446327,-0.29599602406112624,-0.48627644930227626,-0.2787978198821106,-0.32340540369909093,-0.07352109591084789,-0.050796952413835125
-0.907174239289869,0.8260987957823103,-0.601526878344086,-0.3561567842768148,1.3966303578059578,1.4414834823116653,-0.3815012777770143,0.061180197290332514
-1.0249993106334672,-1.7046832760910788,-0.8713599935680273,-0.8210777242346008,1.0298687660762327,1.0537864253172984,-0.9333527797951323,-0.09978695540940846
-0.8729957485254011,-1.1244590944801462,0.16369668096818582,2.0990505308530203,1.6861216099749423,1.7487332420470771,0.8949162056843051,0.1582853817994154
-1.132449023974797,-1.0733922274887002,0.08242075835362932,1.3092296759250992,1.554023701972602,1.608483355841144,0.4866704717704758,0.14370502376501856
-0.4826591784916821,-0.19874131867462377,-0.3135536906944092,-0.59344100667162,0.3109412784634212,0.2956515300616634,-0.34892527197546713,-0.13332177888852115
-0.6482028129880486,0.07777709979282402,2.3946846534683055,1.6536380384274905,0.674287919730505,0.6784573479208017,2.150924872961402,-0.10153659837353608
-0.7136696354244335,-1.1543506882802579,-0.2078118396816154,-0.7674337993190022,-0.24651668257066822,-0.2905002772446995,-0.5091242724657541,-0.21176410511357607
0.03975445282783399,0.30605286404811044,-0.4943138407440076,-0.48818810643494326,0.07247011336580998,0.044925144129758586,-0.6224542218522094,-0.2088480335066967
0.9775200653808261,0.45634785208341616,1.4692947733278545,0.9353065300896336,-1.0451949562089533,-1.102210248499219,1.4378662292736242,0.06088859012964457
-0.7372634717915586,0.18585185821368583,-0.7170579338428005,-0.9032484639649535,0.18827959791390703,0.1668215953210237,-0.6610553632804993,-0.14381963667328687
1.2888346477298724,0.9648314278645969,-0.6259610891120563,-0.7230128167228125,-1.0982807201936606,-1.1512495897136692,-0.4339135046561162,-0.22197035573765386
-1.175302702471709,-0.9738936822434788,1.35688673234942,1.6442545814400646,1.4800326550449527,1.5297614811830031,1.4941711667799757,0.12125127239204746
-0.3641712096250262,-0.5408048273022612,0.1456924817848373,-0.1860056736353113,0.30067756873339363,0.285458574423199,0.6014361353594767,-0.21468017672045545
-0.4039103089566459,0.9424175613975014,2.4202714611094267,1.5736756629938324,0.20074760261191318,0.1797355125167753,2.58725366172106,-0.09103874058877036
-0.12989881367981557,-0.4218718887439186,1.6785209977753415,1.160153438677796,-0.2315707466500248,-0.27439850575661784,1.6629201678914924,0.08946609187706238
1.5920134961737444,-0.0002400360644942906,-0.45898772902193263,0.045103742701352464,-0.7119534164640093,-0.7713781013852522,-1.0477582424250296,-0.1431781009197734
0.8820592833209394,1.234724564728266,-0.5357793053086971,-0.59344100667162,-0.6143497418473671,-0.6719350988872442,-0.22887330407854142,-0.16918945965313736
0.5396617057220348,-0.957078466520771,1.682065437010252,0.8010626498931949,-1.4742549438295323,-1.4764363335780533,1.3910136636663866,0.05243198246969441
-0.7934216001257985,-1.0867754256276139,-0.4599870623807421,-0.8027298249234409,0.15734307506109907,0.13387858325724344,-0.5631374807237611,-0.1966005327578034
-0.4213008813248339,1.6586986390543235,2.5927646054398106,2.5736514086448823,-0.009685886347436128,-0.04253258721615893,2.046492112932575,0.7671611333158268
-0.7617670529921962,-1.1375269421576526,-0.20535683553245004,-0.4618944713539839,0.6236632598922363,0.6266686470296745,-0.1569462146167937,-0.019886593380913854
-1.0337687096594657,-1.5066898072629757,-0.7951106525231824,-0.8087918253102078,0.8519915006357134,0.8679623354761398,-1.2474044786636684,0.03056144541809918
0.21147516436594505,0.5883540074436144,1.4097610195916508,1.181156862963261,-0.4981222283560628,-0.5519289643914937,0.7473472224677901,0.11716877214241635
0.2401596317300464,-0.46260820253560303,0.044164309282359725,-0.6161008600941525,-1.0814816568590047,-1.1336493013596938,-0.3609365114729149,-0.22401160586246943
-1.1356216084488673,-0.6471145661424998,-1.3240391625692844,-0.7560580097270124,1.7962091824894804,1.8657999973080097,-1.0669517857479418,-0.03505016573668653
-1.090387825737118,-0.8033715785845078,-0.8143679172706564,-1.0126910444121557,0.30838215521450274,0.2922839335955155,-0.9709811083683508,-0.13390499320989702
2.313759208114991,1.9579893663890948,-0.9091437285258056,-0.7967205382507511,-1.7803411938064249,-1.6877445996426381,-0.8552383657357993,-0.2048821761213408
2.1683711667189836,2.7599824590399415,-0.19298222473129895,-0.48057300334307634,-1.8187109215394195,-1.7092239707208103,-0.6952195846043339,0.018897158990581708
-0.372399663177959,0.12261211828801992,1.9778737840787115,1.034897485244102,0.024983531864158286,-0.005973361566356433,2.013569300173346,-0.17356356706345638
0.43512647302594615,0.45486148878946886,-0.2244598848531713,-0.2617071120944733,-0.25593674783918574,-0.299484278125365,0.19823742961458238,0.013648230098198846
-0.2339710009646111,-0.5043943828186652,-0.06231266587623093,-0.4655900075017759,-0.038681711781932644,-0.07319864395621815,0.30725529207250396,-0.16948106681382527
-1.1667553904340275,-1.3094161559214066,0.7486377881984251,1.5451945511041323,1.3113450780588811,1.3535289293361403,0.37555244649692887,0.1431218094436427
-0.5170068674047976,1.2674573681991648,1.9090782364858843,2.1885718810502226,1.4845915988775087,1.535721730899507,1.3527027856650509,0.05243198246969441
-1.2586866800788086,-0.2920545485427393,2.2546048578962465,1.5036901859398275,1.2464350499320502,1.2848394785303678,2.002562646730995,-0.03942427314700559
0.8798430593613649,-0.4189673284292039,0.039423560238746436,-0.49395501288695914,-1.2290403997622914,-1.2728794438587605,0.012989923052759868,-0.029509629683615736
-0.9207658296224357,-0.7331328514251677,0.8311916135122878,1.0709146078185448,0.6122845554676554,0.6122757754843055,1.3498455333923265,0.14778752401464967
0.3752738402601062,-1.2681778243097832,-0.1591801016130722,1.1366706104575128,-0.5527500893171341,-0.6093799496194614,-0.5519418675336507,0.16470073933455
-0.525707426437615,-0.4168118992723399,-0.15408565299490512,-0.45821859240630375,0.34505445105407917,0.33122954755662704,-0.16713134323111328,-0.00209855657894971
0.4977994399198892,0.04810270902322324,-0.14767870361805838,-0.5255519956990554,-0.6095172608926432,-0.66705981480694,-0.5117133378134948,-0.17531321002758402
0.8786474779964704,0.24399437403457286,0.16655052716571792,-0.4455048427871847,-1.1568990023932482,-1.207007653341851,-0.20030676936505354,-0.21642981968458305
-1.2832866804859022,-0.5062556235855331,-0.7353137608567359,-0.9317499718913053,0.936615904786567,0.9576997070861545,-0.43849341924749036,-0.1464441011194783
1.081971157714245,1.4679261188938841,2.007879813784501,1.4566699735500845,-0.9025839666010528,-0.9635151405489847,1.8441864991925203,0.03376912418566649
-0.9293038013567938,-0.35955926878023103,-0.9382643501473618,-1.0724498014589254,0.031198945217412972,0.0018761395172315959,-0.9333527797951323,-0.11115963467623798
1.1796627640489463,1.199699581072573,-0.2813312524808456,-0.48818810643494326,-0.9752376459581731,-1.0342816084608855,-0.3670328236511626,0.02385448072227663
0.04309253561864974,-0.5765686228909122,1.3419981396210567,1.4419400244657374,0.44165923700972964,0.43443715936218497,2.23367321677445,0.05768091136207727
0.21147603245104904,0.4938527737347743,-0.4690953000274511,-0.013981718832439531,0.6369966812720596,0.6398184338931102,-0.0760400405330341,0.06292984025446013
-1.1108735956546685,0.9911755078065317,0.11460963530648725,0.9252285965077539,0.8546297960755053,0.8713304284823816,0.7424783706364607,0.13933091635469955
0.1739873694417303,0.36078849514800976,-0.21189249117714923,-0.5671949302929337,-0.39884509447486427,-0.448523190769193,-0.33909504181254096,-0.06071159587722494
1.2173602195448938,1.6892989608008415,-0.11198701970765612,-0.1810782829719652,-0.8110510588362735,-0.8717069728451138,0.010807444744916735,0.04135091036355284
1.634167385905997,1.1793402908890733,-0.6568689730273438,-0.7311271598052996,-1.285604516196614,-1.321164122300135,-1.2133365455991265,-0.0200615576773266
-1.1389094595420797,-0.6516349223924774,-1.5697863453882677,-1.1043858158066313,1.2028714208575484,1.2376280567401792,-1.0604859932616053,-0.13973713642365576
-0.5920970712136092,-0.4523678074498804,-0.6324547467739686,-0.7504395754235496,0.3400510191884382,0.3266278921291549,-0.06976224959612969,-0.19047678238335672
-1.2620258323682463,-1.7425603481712557,-0.7380627960669526,-0.9032484639649535,1.0197115387160192,1.0412783992481562,-0.6577427750761677,-0.19922499720399484
0.5939496604251382,-0.0663930264634592,-0.36601501368379896,-0.5076012822214526,-0.3577148764937122,-0.40618897008733157,-0.6101161235168381,-0.16219088779662688
0.9216975811198149,1.00684566040623,1.849199640364728,1.379792483420864,-0.8082817304983643,-0.869645889332165,1.9797609209321823,0.05943055432620489
0.45775157987845283,0.32809512050204925,-0.3411943680477588,-0.41729424777305657,-0.3256307356465249,-0.3740547162862883,-0.1301358217107653,-0.016970521774034488
-0.24301040939160762,-1.095382344847521,-0.27122088516866855,-0.5377835293940784,-0.12240837896191135,-0.16168760850995212,0.03228557698054125,0.0378516244352976
-0.9658283511440496,1.8862249214631222,-0.2548686642296871,-0.3177117434634456,1.1145493563696796,1.1449572669221366,0.8206322865227315,0.051848768148318534
1.7633380432234669,2.484241884167155,0.19686097563200172,0.3214609218968149,-0.9721365903499731,-1.0305086873777132,0.3909030678077595,0.03551876714979411
2.173058349628019,-0.40052360753451777,-0.2957471500454109,-0.6161008600941525,-1.8927806968031313,-1.7479385661430156,-1.2928804846439905,-0.19622144344890907
0.39166325671961444,-0.159573774122881,-0.6946198113892418,-0.4383434977399111,0.03274864386210003,0.002234893169174447,-0.8416524943368463,-0.11932463517550021
-0.10025622179757936,0.26853387344208784,-0.8276370049782457,-0.793735377614228,-0.0666096349751376,-0.10155248788989069,-0.06478653562572857,-0.0023901637396376465
-1.2689851252204234,-1.6771006345179242,-1.161237824553585,-0.6443114551082808,1.8687114368470843,1.941530347202348,-0.49887748758732553,0.006649658241688394
0.21049762795685784,-0.18828881919719317,1.5812331431660276,0.49612311822062677,-1.207018564518292,-1.2522365093540084,1.265048655074903,-0.0029733780610135202
-1.138909319906698,-0.3542752067682012,-1.130634610727656,-0.896303042560362,1.1861915481471839,1.2195369777512999,-0.9821767215584614,-0.21234731943495194
-0.947788981114498,-1.079215374985236,0.8100005317430203,1.0567322124132545,0.809112428435355,0.8227871184296175,0.14285889706506613,0.12387573683823885
-0.7567408140016283,1.1430845772934322,0.20362326912328146,1.054887461943621,0.5669269479184768,0.5656955394903623,0.37793959998240617,0.14253859512226683
-0.01040346200504545,-0.4094658114586859,-0.49390518526251737,-0.6737228560071363,-0.07994069851069842,-0.1165000884969485,-0.43849341924749036,-0.1344882075312729
-0.38676645176364866,-0.5601125969340912,-0.31268752971557384,1.0363747938810515,1.6311221552525477,1.689755219793858,-0.4813531929126752,-0.2205123199342142
-0.05019224721953635,-0.35834996411469777,0.40042563138375425,0.9794948477995603,-0.3781341287561874,-0.42865128484250326,0.3932304848679168,0.14807913117533758
-0.7877011806863605,-1.0010504158579348,-0.37775353488569813,-0.6491272489021422,0.4567669154292125,0.44966681949184983,-0.14977476830637765,-0.08462338305363576
-1.056359203460106,-1.2109365553854334,-0.8856122388694166,0.428412423237384,1.1255239957888763,1.154870306928776,-0.6610553632804993,0.09413180644806937
-0.9221147456002494,-1.0269172001031321,0.9884484351830103,1.4192997088957322,0.7564894289621662,0.7658459529008278,-0.22887330407854142,0.18511324058270553
0.020743413096944153,2.467070983746164,-0.13850855240209367,-0.5845810954074825,-0.8820614790881923,-0.9415680549291413,0.02271473062675579,0.05418162543382203
-0.01930139060518453,1.72595839804621,-0.6798254578196529,-0.06290049977337728,0.5945217170041992,0.5948692238714915,-0.09657860463963376,-0.2143885695597675
-0.10173554490067281,-0.9007831424189169,0.2967819018416805,-0.003460131865057803,-0.0866524833879542,-0.12244188568648323,-0.03223083874615169,0.06088859012964457
1.0925251004917063,1.244172536788301,-0.6180824710086466,-0.14171458162419176,-0.2730486665021472,-0.3179643814099087,-0.5382327577620989,-0.15023499420842149
-0.2215398133714734,-0.5856396329449004,-0.44973851639919155,-0.7645722481794339,-0.07159442937869925,-0.10611575748807901,-1.640714481875469,-0.061294810198600815
0.697076281470709,-0.044767094440557986,-0.2814912737541311,-0.8495466125101107,-1.6510449581679616,-1.6079032012568233,-0.8881789711891058,-0.2143885695597675
1.3792593725304874,1.0750844521436673,0.12120963946836548,-0.23333101268180964,-1.1710429481813094,-1.217568948091771,-0.1370767226922579,-0.1161169564079329
-1.2830554302629666,-1.0523917085309153,-0.9534459140539203,1.044964750810858,1.8130907230219424,1.8812874597877207,-0.1540674194878849,0.09821430669770048
-0.9642090997996395,-1.0705763933743213,-0.3085558842990353,-0.7176557076262194,0.5245242441678736,0.5220397250377083,0.2570219109912169,-0.21963749845215036
-0.5170660679001694,2.169062826371465,-0.9184855317212015,-0.6637793231201189,0.5594069602470938,0.5576196708663185,0.17619212741999615,0.06389214388473032
-0.7625371416365538,-0.5964539959323379,-0.7259599725227783,-0.9652852440895815,0.1344217605326571,0.10881549866730136,-1.10036060795476,-0.1284811000211014
0.4340322339747226,0.5749618172691371,1.6671479413986425,1.0180023143770631,-0.41985622954997437,-0.47165802270683077,1.7059315801330948,-0.04788088080695575
2.0174941968897033,1.3127238260128244,0.1778171576175183,4.652707879389385,-1.7429608518911024,-1.6641191465776841,-0.9028650172951289,18.421554373536676
-1.0211608315883598,-0.4373852601472775,-0.6986895277846059,0.5838372612137694,2.318792828084497,2.416008049812038,-0.8691365832200729,-0.18435303200891004
0.8092155360530053,-0.6648156737030333,-0.6657683956442108,-0.7420966538201932,-0.7067849869469229,-0.7652255540917094,-1.2387058273705522,-0.015629128834869964
1.4059997490946994,1.9235772101814173,2.063560999875695,1.1543126818649578,-1.3404662007105388,-1.3687833900946522,2.205245407960789,-0.1519846371725491
-1.1389064330333203,-0.23586324050451196,-1.1943796927964734,-1.0376719671740693,1.0314251193594248,1.0571470090434203,-0.883361847417592,-0.17560481718827195
-0.055945970502984846,0.3739480275862598,1.2318107826108926,1.5032612203066984,0.31221914804290624,0.29620992819491526,0.8921238412062231,0.14020573783676332
0.6843648158288453,0.1368033835181347,-0.14642096102187244,-0.5215224588432357,-0.9414854921068506,-1.0015931915393004,-0.1972144565629369,-0.026885165237424305
0.22461979532103038,-0.011821984851696749,-0.262197877042067,-0.5565465899885946,-0.34359061639764643,-0.3914028734388107,0.16950275532701917,-0.07091784650130273
-0.744877056057398,-0.9713390299197844,0.6036446534631282,1.0949574549146206,0.49667584765304507,0.49051575889180177,-0.46192836252399894,0.14866234549671345
-0.5567489412952079,-1.0758601000774912,-0.30387361961621323,-0.9067475277076501,-0.6812156655240461,-0.7381897838304107,-0.144098239889061,-0.18960196090129292
-0.1034448683127637,-0.06502425308791354,1.935412374031618,0.7452292584210751,-0.7433570185803083,-0.8033711893366108,2.209463321078895,-0.16219088779662688
-1.1295305526689554,0.18054998928121174,1.0601974260344953,2.860281854786348,2.970472113495424,3.10711259418572,0.8180493666134765,0.01948037331195758
-0.23513741472953115,0.06451319833696828,0.3732619106895177,1.3271767471362044,1.1693175309499864,1.2021980611183207,0.5067341336445077,0.03318590986429061
0.5383472622279096,0.8909909493446531,1.7800046190726828,2.074944163980949,0.24422956314481367,0.2256709701367929,1.986708837933064,0.07896823409229665
-1.1981083591658424,0.2697909015500423,-0.2961620261961239,0.9755924685816473,1.224136070501909,1.2603849011486374,0.18690692166849943,0.13670645190850808
1.014287898251979,2.527059428336609,-0.6826535135664292,-0.8792388764946373,-1.0681811695866597,-1.1239436483709755,-0.8644682524187145,-0.1583999947076837
-0.5810596748332767,-0.678564631746675,-0.44912944552814815,-0.7096971135687657,0.25090734070037957,0.23225196369800694,-0.5861705840658135,-0.17239713842070464
2.1598710379565196,0.4531447594213774,-0.02116899479737505,-0.4401268886981226,-1.7803411938064249,-1.6860078692632858,-0.8552383657357993,-0.05056366668528477
2.169656024242796,0.5742393497896172,2.4295375114520614,2.042387002162071,-1.6362766510619156,-1.5967620986373854,0.5335654056414187,0.08165101997062564
-0.601675150171271,-0.7199584813426995,1.5650291832355558,0.8532701113472972,0.3224017566753887,0.30832153908038207,0.4221453606078619,0.014231444419574718
0.8051087988531017,0.07651798519194909,-0.3481301228237938,-0.5296051663372268,-0.6486358013196393,-0.7057692566660151,0.43474622839226296,-0.21001446214944847
0.8401875753749488,0.17093001099345068,-0.580186521310252,-0.8495466125101107,-1.1639537265044952,-1.213511178816734,-0.6162536973976368,-0.12282392110375545
0.9058442451054961,1.3535044660762068,0.1954801198172269,0.1582989398414339,-0.45195517056401635,-0.5040348616426137,1.137754746336716,-0.21409696239907958
0.5830975556575307,0.6909629139429053,1.702347912462663,3.5151411339876626,-0.6289445927347369,-0.6857984329101895,1.9053584383384088,3.340011112065491
-1.2832433005855484,-0.5228945662783029,-1.4507929239241963,-0.7230128167228125,1.8946699270412004,1.9689516123681419,-1.1579799801590291,0.0007591935957920774
0.5097296217351248,1.3044810902369808,2.451124897145433,1.5417533953653417,-0.6610800231698567,-0.7198252383573672,2.1827406637989926,-0.09891213392734464
0.14468991561508632,-0.6327782767092207,-0.8116455471432135,-0.6992262524510623,-0.10186858399939104,-0.13906782639356535,-0.3609365114729149,0.04047608888148903
-0.7663189527769536,2.7505698792444964,-1.1943796927964734,-0.6992262524510623,1.1174840596877318,1.1475097764250082,-0.6479125449132416,0.06488360823106931
2.1895466158229686,-0.35352174451640206,-0.3890085497945462,-0.6419160849013971,-1.8242761604045594,-1.7129239839708668,-1.2562301220452026,-0.1570294410524504
-0.6370176325136254,0.032444959756828685,-0.9252372702785173,-0.7617224972842638,0.7583685516414063,0.7685359317447347,-0.5950393861719555,-0.22197035573765386
-1.1388989252762816,0.655888542061544,-0.8295240256438668,0.5947076965621956,1.0878662176572147,1.1179846229289556,-0.36907866599171824,0.10871216448246615
2.1357736542667918,1.5140038629209664,-1.003764419419156,-1.1090710107882773,-2.774447620416979,-1.9602109712081588,-1.0111078798262416,-0.09337159787427385
-0.28048219939381686,0.11801729663562009,-0.5432568753786229,-0.7848564938559499,-0.06993092610488935,-0.10552839176375545,-0.713054088385948,-0.07179266798336655
1.9601127496839577,1.372269712011487,-0.41385139462066695,-0.6889116786892082,-1.7116702211589974,-1.6465276098295432,-0.9438668854095947,-0.22197035573765386
0.3917496171300179,1.6333157141474905,-1.042106870478914,-0.9173522925272165,-0.47375622716690313,-0.5281173345455872,-1.1969964742898067,-0.20298672957686917
-0.7747885214172514,-1.128633246122143,0.21374244698323744,-0.5586631723867641,-0.3118141564499104,-0.3607642537300378,0.649287219232245,-0.07966606132194083
-0.5947115513454378,-0.7380955970831891,-1.1920306176600686,-1.095109654881458,0.03738782524186451,0.006972545923290687,-0.5301540740502383,-0.21701303400595895
1.8682468632069658,0.11491673800224343,0.15511821649776003,-0.5195164672669675,-2.183052240680213,-1.8608315761170382,-1.0111078798262416,-0.031900808401256815
-0.8308309685227042,0.8713695498565637,1.8079803565872834,1.8209740734047064,1.0047371647932017,1.0289118847506995,0.8400763594554111,0.06613751902202744
-0.13852129495044727,-0.8415452406740898,-0.20901163988800758,-0.5845810954074825,-0.12413323692154932,-0.16240025163815558,0.3879811392840273,-0.22284517721971767
1.178360543643982,0.23327650564496194,0.9027071618687825,0.817750868552909,-1.6560013491291197,-1.6093189085707789,0.6252418164309804,0.1431218094436427
0.7013236699504193,1.4226683097216626,-0.30881286478704334,-0.5693444300439015,-0.6047008347215046,-0.6608133411814067,-0.7503835888595926,-0.14519019032852018
1.7689443371704112,2.1132706852015577,-0.5963918084247798,1.697844421315644,-0.16615771396923487,-0.20581874378769052,-0.7351740864247526,0.14807913117533758
0.09989029977236123,-0.3629652816163263,-0.35711756544284873,-0.7448664515672833,-0.7486577299483067,-0.807543160428958,-0.5409498222669016,-0.06304445316272844
-0.8659438154039826,0.11815809034357926,1.653125710547266,2.0170998394553203,1.8306745102869553,1.9023344367913164,0.7695640051368525,0.09792269953701252
-0.938034771226923,-1.0337210196621753,-0.9805643939175669,-0.580193375189494,1.3411723146075742,1.3841311588411556,-0.47399554629750257,-0.05604588130621799
-1.1548957148197305,-0.41063583008073073,-0.6932723950505316,-0.8273035646567765,0.9653897458474159,0.9867284812803245,-0.5409498222669016,-0.034466951415310663
-1.2808579366921018,-0.02958282941884991,-1.156924115763003,-0.5607862573524375,2.507008558839356,2.6159984774497063,-0.580329516068976,-0.12451524263574547
-0.18287464212757784,-0.3079502513560411,1.1548467744229691,0.8122327855914947,0.2103713464473712,0.18924975929401364,1.5659609564392147,0.029103409614659497
-0.25650630111585315,0.30786488687270874,2.3637435497860255,1.471092496657237,0.010900651024679546,-0.021027352605589963,2.39266516520879,-0.10795195590867067
0.22892863346009137,-0.8319551831697508,-0.28998364763071155,-0.5845810954074825,-0.33757923413952273,-0.38671484681522716,-0.5950393861719555,-0.19280963966886022
-0.18287481272898473,-0.3070020570036487,-0.3072734541476439,0.13071402491783415,0.3881131978261383,0.37708705073502324,0.19743511252974827,0.06584591186133949
-1.2693456404222845,-1.4969779738773605,-0.5693529819467009,-0.701829131659185,1.0576306495106802,1.0852489079597964,-0.1972144565629369,0.031144659739475052
-1.2798556689654623,-1.5290869584952531,-0.5599279429488642,-0.8860140642211216,0.9148651698811832,0.9352013686210376,-0.6255784966852986,-0.09045552626739448
-0.4005915841136013,-0.9587078510750813,-0.9292628142223236,-0.8725294683282323,0.33879745841508124,0.3248152439986815,-0.7022903767255408,-0.10678552726591892
0.17865601581552848,0.5524250385462542,1.7442649616523598,1.3904831834501654,-0.2692285247816863,-0.3143312975008103,2.1095801482158314,0.08071787705642428
-0.20359181284237624,-0.7568242456215276,-0.35126232298032667,-0.5195164672669675,0.23482869592074077,0.21543741338945682,-0.8283652378289683,-0.10386945565903957
-1.0688586269469629,0.03448014335885902,1.9413805251442087,1.5576014122101876,1.255126179615012,1.294377488766134,2.299318066000893,0.013356622937510908
-0.6252714605987003,0.7735805763020835,-0.33073963644887666,1.9229972837169558,2.7353777559260584,2.8575537148683803,-0.68132136712006,-0.19864178288261894
0.9530387206585836,-0.7910908033284105,1.193118088076119,0.8496887491496318,-0.9814597282303384,-1.0403324781760785,1.823775011581673,0.06380466173652394
-1.1036287460454333,-0.5000597783060337,-1.4097222796602917,-0.9576910620322521,1.3310871056296454,1.3738274969005069,-0.5274849931818358,-0.0178453432560983
1.4097644475960618,1.5389306665645797,0.09597018521250578,-0.5912153570416305,-1.9403175110777504,-1.7710273787869084,-0.13987555100006596,-0.011721592881651624
-1.2178973754803593,-1.5082552550001966,2.3654142422297837,2.707098461828366,-0.2845698631169069,-0.3300785354366623,0.8559503626226106,3.726536403557351
-0.8414901824357245,0.247312979896053,1.8149524124315553,1.618409087317085,1.109399287209278,1.1380184006974912,1.803496004752375,0.01773073034782996
-1.271040409425725,-0.31849823918344145,-0.7825823778294001,-1.0334452652348058,0.5647823573734583,0.5639528651156989,-0.48382577646042874,-0.18843553225854115
-1.1301682193899454,-0.3858567310493152,-0.7823021583049001,0.7000933681109149,1.0629676003753383,1.0915240013099268,-0.4339135046561162,0.10900377164315411
-0.14904903164481487,-0.8086491273247829,0.012658459499943497,-0.5056352393227614,-0.2112684767519404,-0.25434338340910884,-0.12191058143220145,-0.21759624832733482
1.9396401996504204,1.8772481005798176,-0.42286746638417855,-0.026626444535455995,-1.0289965425049563,-1.083795720623703,-0.8153637510426445,-0.09395481219564972
-0.23872318450143368,1.26346077403438,-0.7423488436261118,-0.8691990348327748,-0.0967787849361579,-0.13424775133031652,-0.8196665865358523,-0.030967665487055422
0.09329249431666646,-0.2499707020097488,-0.05371100292084187,-0.49395501288695914,-0.5320226727080334,-0.5872193102195739,0.1652839954663357,-0.03271730845118304
1.0574909282629215,0.6166134364013052,-0.09723276854617027,-0.5095729343799501,-1.2551626009773098,-1.2953230637865865,-0.5039791704766798,-0.04000748746838146
-0.31354135676161904,0.7568363458084046,1.5375879294660044,0.7223659005505338,0.1081945397265843,0.08137942416284583,2.3297301642164663,-0.12428195690719511
1.3080378286962093,2.5188805926512057,0.00659329339586492,-0.5823837529750057,-1.6861008997361207,-1.6282158317245083,-0.20653925585059854,-0.17385517422414434
-0.8269205858607818,-1.143340244732847,-1.111035924053483,-0.9768353226334553,0.6390371361395913,0.6416538409636885,-0.9438668854095947,-0.06887659637648717
0.7453542894340087,0.12476164217915983,-0.374104829818193,-0.6138011454501293,-0.753977893511695,-0.8128228634371982,-0.4248564688206088,-0.17181392409932877
0.7445237453049821,1.030628020214695,-0.3570208831022327,-0.4104179361852916,-0.548118318782862,-0.6043090820601303,0.048935051552632246,0.02210483775814901
-1.1755338786876068,-0.5392836079026319,-0.6295768859970525,0.6521698905059663,1.0690430118608738,1.0957941832921951,-0.1745129469619319,0.11716877214241635
-1.271043051396193,-0.07588632487380412,-1.0647341092627398,-1.0334452652348058,1.0522739790678208,1.0756832715567934,-0.6101161235168381,-0.18960196090129292
0.2548768991459785,-0.16694249496582747,0.005775006241471592,-0.4618944713539839,-0.8646990806214977,-0.9234039613531794,-0.5409498222669016,0.0378516244352976
2.024710857671017,0.052213596830755445,-0.5180367567932844,-0.09573881847195129,-0.8475421591509754,-0.9071945359237595,-0.9599890631016017,-0.2149134624490058
2.143105925155357,2.34299658509026,-0.08884225975249949,-0.4711706322791571,-1.8021422504093116,-1.7001273816737927,-0.8068488802144457,-0.18027053175927893
1.544498658034975,1.0405900719256593,1.7637769807584915,1.33529486003503,-1.2106657185023497,-1.2550378999907323,1.6883975478335573,0.0019839436706814055
1.7058485609726421,-0.501379573453791,1.4448689576109894,1.0664885666391108,-1.34446549412692,-1.3733514171297732,1.3840622069279729,0.04864108938075126
0.47615822442336486,-0.06784506257365733,-0.17973646276383298,-0.452741177104,-0.4219741889391759,-0.4726772775845847,-0.13429079225650975,-0.03388373709393479
0.3744777684709501,0.3564186597047283,-0.5049482393514112,-0.7731926960859541,-0.6888392217981969,-0.7491361378367791,-0.9765529988218078,-0.06479409612685606
0.8309658145123298,-0.21920566633128064,0.6736295806988291,0.639931792725696,-0.4114151987513186,-0.4618244902289365,-0.013734686038757824,0.0626382330937722
-0.30365419593227927,-0.5792633889350993,0.09684079288313388,-0.6161008600941525,-0.6711128863535497,-0.7283995924900224,0.44549399297252606,-0.21584660536320718
2.4303048139180765,1.5411565665562978,-0.5418729162281599,-0.3705378177228054,-1.4963214724976286,-1.4949200044333153,-1.1889891276285558,-0.1004576518789907
2.071837346291637,0.6831438247722611,-0.5366874461051997,-0.7203290711643316,-1.7429608518911024,-1.6657591850256335,-1.035292938232337,-0.06450248896616811
-0.1334187526170782,1.0913404846208181,2.233144565433626,2.044939047379327,0.629832388112224,0.6324038281760156,2.772075230985073,-0.024260700791232874
0.6172863391558102,0.3548134313704356,1.1923150991988751,0.708275765974921,-0.4671814179656584,-0.5211043491618568,0.7499279983601701,0.02239644491883695
-1.228219289751749,-1.0302297811330012,-1.0252956409794924,-0.9317499718913053,1.2042527863208592,1.2378240372356109,-0.18955217611179412,-0.18581106781234974
-0.4899493062646873,-0.8770981383916936,-0.6830903804244802,-0.8463248648903724,0.16725830727032215,0.14318753329708592,-0.987853249975778,-0.12136588530031577
1.308081675783906,2.3692009891164023,-0.256744820566607,-0.6324167791400264,-1.3974859129564936,-1.4154048435162887,-0.43619912490109913,-0.16219088779662688
-1.2796190043147648,-0.964187581659518,-0.9508752740992344,-0.9209236886556585,1.2984641142088023,1.3363013781844373,-0.45009734238537275,-0.048172487967643694
0.34079538334594783,0.2581195816736154,2.4507473047430803,1.4421744422470837,-0.6167720363859363,-0.6740260379727031,2.0051919024397002,-0.10066177689147227
-1.1438792626069219,-0.7366638524102985,-1.130634610727656,-0.9209236886556585,1.275643313314933,1.313833399512256,-0.8196665865358523,-0.14381963667328687
-0.6536871051270916,1.7584319326480582,-0.3202867496765101,0.7173666242550197,0.3211328349803221,0.3059812017712001,0.2649718213468155,0.11921002226723187
-0.4491427242820749,-0.2562901540343432,2.2440915921555997,1.3235687763037831,0.04201220856976395,0.011178649271981863,1.6936235168650335,-0.029218022522927798
1.4869206657519132,0.672376650457624,-0.034447285867550796,-0.436564697239692,-1.348475850609721,-1.3772001770868016,-0.48630851438388584,-0.20534874757844146
-0.1388552310173448,-0.4979997466012963,-0.4899762395755016,-0.6395289888740595,-0.022501377040194705,-0.05481920944628062,-0.5547213935090258,0.013648230098198846
0.2570288095721863,-0.9002553779587371,-0.11340349138524385,-0.5076012822214526,-0.6685981538165747,-0.7268391412420735,-0.5248276445748946,-0.0018069494182617728
-0.8071993076592336,-1.158614982881936,-0.826383922023148,-0.9427485639340681,0.2981002472651515,0.2808194200699431,-0.6778961690924191,-0.21468017672045545
-1.0409337870795938,-1.0169631626003623,0.04543790916247307,-0.3252315522955293,0.7825780522697123,0.7944235814692774,0.5238181983090326,0.006358051081000457
0.5798782751450625,0.2902531289252668,-0.3230298101795701,-0.5036747738582249,-0.5550715356803587,-0.6114691440662371,0.11221961552001034,0.0025671579920572792
-0.5034388938212602,0.6920621731313333,-1.0857161745359987,-0.28129322180610894,1.2125134522269119,1.2477886978659913,-0.4813531929126752,0.00029262213869136555
2.1773106489178833,0.695221357251417,0.03723028095572631,-0.4637397691467628,-2.0533417057315297,-1.8169443949466484,-1.0111078798262416,-0.08345695441088401
0.5268560541463533,-0.11790658238373897,0.24070247358300303,-0.27564031819730955,-0.7042076654786809,-0.7641316383321416,0.29848871809691757,-0.21555499820251925
1.6598478433962867,2.5585746821310282,0.793025690698111,1.4371168525978695,-0.403023030922725,-0.45438563994465747,1.3757736282370743,-0.14761052976223005
-0.3821749673508738,-0.8688998036550667,-0.9801046662816959,-0.9245136375744899,-0.01607947088451293,-0.04826545464390072,-0.5464208626350984,0.032019481221538866
-0.9002916926563415,-0.11540060140007664,1.5322643932476192,1.225521961822519,0.8677497312654131,0.8834193101919395,1.6913893452708175,0.07488573384266554
0.6227384459053111,0.8974203806959604,2.167464066406681,1.3647518561315253,-0.8082817304983643,-0.8675958395097084,2.472931027970125,-0.0018069494182617728
0.8590836249011824,-0.3962642718067659,-1.0263258815892886,-0.5255519956990554,0.06642950902624802,0.03797558292809062,-0.987853249975778,-0.15052660136910942
1.686861313436956,1.5399854211556574,-0.2233512465683848,1.0042265038097347,-0.8221815775721013,-0.881121638568324,-0.5774300101046254,0.1041047713435968
1.4241364447460139,-0.7443144746215953,-0.5132925207530876,0.040665297047394175,-0.4914362382855542,-0.5450864511729091,-1.114258825439034,-0.17099742404940257
-0.9605165319012797,-0.5642678036639018,-0.7671849752916099,-0.6940497217837477,1.0204953954229012,1.0450202828466721,-0.05373869007698858,-0.19601731843642753
0.1143016363543845,0.5151529255120176,-0.5901076646488682,-0.6300622160009718,-0.07659642264693022,-0.11309277163843579,-0.6882305375761715,0.0098573370092557
0.15083194504693584,-1.31792772789017,-0.7111533488574078,-0.5979139259296549,0.026539885147350426,-0.00358872108505121,-0.41815164037580255,-0.06566891760891987
2.146231421668479,2.307628574304085,-0.385879099035199,1.4689538503306385,-2.086366891071079,-1.8293386286125668,-0.9654601034697985,0.28528030027901174
-0.12832003173790854,0.20227992948881016,1.5040065928429445,1.1477047096476112,0.42402939335459916,0.4144006782275005,2.688644883433099,0.015397873062326466
-0.6982905215882551,-0.19891250404801264,2.038149657576019,1.167516438756552,0.49780011521156875,0.4917808298281992,1.4706934991142528,-0.12690642135338653
-0.6548463809283565,-0.25322471064447316,-0.8472498821578325,-0.7338532525427129,0.6762765934909837,0.680773807161712,-0.03340585531565023,-0.16714820952832177
0.810879274977416,0.20704759450121077,-0.047691082434198964,-0.6515477894250961,-1.39333786164575,-1.4145510005933601,-0.5301540740502383,-0.2111808907922002
0.034173662706205254,-0.15167294278683288,-0.2745102437934492,-0.39519192855807994,0.020304422011883892,-0.010068178446204555,0.5851693467746161,-0.22430321302315737
-1.175935116616415,-0.26641352355274067,-0.06827685640275728,0.7966032004791855,0.6999303001612865,0.7050511965886652,0.5344855669068715,0.13933091635469955
-0.5748577586799396,-0.052569297622591944,-0.7508023425617103,-0.9173522925272165,0.09934562348011712,0.07224794643835929,-0.7942973047644263,-0.19805856856124307
2.181818466668349,1.8849374396395566,-0.40809814749722045,0.1657699705818947,-1.016166875199502,-1.0738576698740168,-0.7022903767255408,-0.21730464116664688
-0.30849514272929296,-0.759628102577575,0.4720562233723403,1.014529625598123,0.006175792054685998,-0.025377932977124575,0.48617269830909676,0.14574627388983408
-1.2540941899141862,-0.034732635417510586,1.973933325544658,1.8801441806369785,2.077334509615297,2.162935404366707,2.4737125277729217,0.008690908366503951
-0.9560304585274277,0.7963314079183925,2.1975695093469882,1.2161591254158848,0.6782625430399802,0.6822055789388758,1.7596255123175364,-0.14877695840498179
-0.8651477813677604,-0.4393696573313155,-0.8050678901430095,-0.8399260820186822,0.7546078674468378,0.7644016120656947,-0.43849341924749036,-0.2047655332570656
-0.6022075456575308,-0.06513144247708004,-0.8508913686152558,-0.7096971135687657,0.6663058324274594,0.6708232333767701,-0.6318759060731197,-0.18260338904478243
-0.8394160836739333,0.9318589541294525,1.295357892150125,1.1230440812114404,-0.027336544203873277,-0.06243491141604151,0.6311475537385706,0.14837073833602554
-0.6020692708394291,-0.7971205292357691,-0.3288432371296945,-0.5758333379331445,0.40857483267371403,0.3987194270746357,-0.4137227133533671,-0.039715880307693525
-1.242967756717583,-2.2915791304125976,-0.5018808615594025,-0.5135331951480189,0.9064118343032326,0.9258917747934572,-0.42710803877778564,0.03930966023873728
-0.8553550250295643,-0.13075752921699418,-1.321872582006069,-0.9317499718913053,0.991206663038412,1.0142878167999418,-0.8930347871322027,0.006358051081000457
2.42293970031447,1.769045696415781,-0.5913218690744486,-0.6324167791400264,-1.8467532454384699,-1.7242434797671533,-0.9765529988218078,-0.09897045535948222
-0.6348981897482782,-1.0505959856159197,0.13025317298497177,-0.2714307806362443,0.33879745841508124,0.32526921103971257,0.5014162231587249,0.008690908366503951
-0.7564639713010591,1.0264523325707309,-0.8692653173232932,0.8309307565086704,0.5234205189953692,0.5205059496540796,-0.46192836252399894,0.1337903803016287
-1.282134560989443,0.29800844079199645,-0.7731634205007293,0.2289279652388099,2.4668263787599414,2.5729129488694924,0.04584800228456266,0.06380466173652394
2.1247869963648895,-0.2577274138246895,-0.15234389365818526,-0.5296051663372268,-1.8581238366216046,-1.7300312230680974,-1.2562301220452026,-0.14206999370915926
0.7806004027245218,0.2404470252773213,-0.1281783850046813,-0.3985466128777738,-0.7197407741895399,-0.7782782590988917,-0.1656657768535032,-0.21963749845215036
0.07057995591244479,-0.47185992427345896,-0.4899762395755016,-0.6966331401672462,-0.1732817722560641,-0.2138927032644424,-0.6131771216244469,-0.216721426845271
0.7916059645988759,0.17283679914379058,-0.5336682993105987,-0.7420966538201932,-0.8849755362382968,-0.9450562231530429,-0.6131771216244469,-0.11844981369343639
-1.1137860157671877,-0.4520475841375538,0.06839589506944686,-0.04150994040412413,1.3598950407407715,1.402305002222263,0.8941559299588385,0.0547648397551979
0.753177339245357,-0.5137220254356358,0.4470792650143422,-0.07437502715082653,-0.7171403377182124,-0.7769850594156206,-1.0477582424250296,-0.21934589129146242
2.3363400521541493,1.4815376912244855,-0.15118692284954102,-0.6092245485063877,-2.2866493695031864,-1.88921110490885,-1.0734874800479295,-0.09832891960596878
0.8973286251634843,1.0104534363442625,-0.49897470514026226,-0.6024159849322824,-0.8418680112263953,-0.9029106999931719,-0.8930347871322027,0.050973946666254724
-0.3869337948188104,-0.6746572427236052,-0.06356335287530276,-0.4437075371894862,0.23213149896775415,0.21195234221370732,-0.16274525989493605,-0.1575251732256199
0.19926140841426612,0.18576003461930976,2.4900182909335116,1.4010110155419893,-0.8475421591509754,-0.9083298714493502,2.1026120304891425,-0.11582534924724497
-0.47086686762778723,-0.6057560606332404,-0.4806487098756459,-0.793735377614228,-0.1086828994551117,-0.14680255293882993,-0.5143135389604322,-0.20330749745362595
-0.07950026426116681,0.32646159141313097,1.0172075471779871,1.4722154472013458,0.3350302593856527,0.3204203689999448,0.8787461109126798,0.13816448771194778
-0.47305404851243354,-0.5966727709089494,0.5310023747323426,-0.09357247308416713,0.18409965380519294,0.16261264645799178,0.371953948760837,-0.2111808907922002
-0.08682911925720517,-0.11377541259338159,-1.2331070883006134,-1.05484213272045,-0.2149387140136436,-0.25798817174072525,-0.7901706960133761,-0.21147249795288814
-0.9728292720285101,0.30347545334966824,2.480159340393574,1.9840377846887773,1.4674211303699298,1.5162078157197494,1.6974631991221285,-0.12632320703201066
-0.40089890008975687,-0.8628039228035543,0.008457397667490539,-0.2956311554669354,0.27207184715294735,0.2540404108530447,0.46899981567768206,0.024437695043652508
-0.42003919376450366,-1.1099696410709383,-0.7264468582532891,-0.6787487953439829,0.33754281277722337,0.323632404933464,-0.7022903767255408,0.043683767649056335
-0.3514332015290914,0.6078937059192969,0.49942837663085365,1.0569368810398896,0.061882480905445944,0.033102859025670395,0.5826274544466561,0.14662109537189794
0.8506883339110741,0.17962851024112286,-0.0869685842925536,-0.6161008600941525,-1.2741137589937608,-1.3106175447638753,0.29848871809691757,-0.19222642534748435
-0.021619230456671575,-0.41141631179818083,-0.47502501992877183,-0.8149074724152487,-0.5879682489613316,-0.6455143896721508,-0.6162536973976368,-0.22167874857696593
-1.2079480426549067,-0.007221862249084279,-0.44718663181143664,-0.3132388242054107,1.8112751398866396,1.8808143080319224,-0.7277104628026135,0.027003838057706356
-0.9758486769040086,0.13986241061549615,0.09559648639875458,0.9165076491704865,0.6663058324274594,0.670082730802525,0.5881214425206269,0.14457984524708234
-1.0929113667041725,-0.33182226451672797,-0.771524047859823,-0.8826181673984916,0.7788797264271884,0.7900543943887195,-0.6479125449132416,-0.023677486469857033
-0.8275590355868594,0.07261313828927228,-1.035191820110364,-0.8691990348327748,0.713552146161269,0.721685488389141,-0.35290256154933536,-0.002681770900325583
2.1626639435929604,1.529406872121905,-0.12806933217756128,-0.4491135382605439,-1.7749417725034082,-1.6860078692632858,-0.8196665865358523,-0.10357784849835164
-0.14061862789668828,0.38556966240196466,-0.7083498320331412,-0.9137992584137022,-0.2692285247816863,-0.31423488551835616,-0.7503835888595926,-0.2231367843804056
-1.1877023546307974,-1.089678862830098,-1.042643785449266,-1.0126910444121557,0.7432669260871865,0.7538602916013433,-1.0230794756740673,-0.10270302701628782
-0.8862937834680576,1.0952462227486732,-0.23679069400859876,0.893822720415932,0.5934700354607559,0.5936645585926368,-0.8461472796124858,0.1320407373375011
-0.6395937200992439,-0.3731502116827755,-0.7800674459279474,-0.6662518252666756,0.6851920206291152,0.6901715462906901,-0.4595435632393891,-0.17793767447377543
-0.2424480883233967,-0.34220552011281474,1.945546952916943,1.2508661622270716,-0.1189648074044629,-0.1567358978379968,1.4840296097847248,0.04164251752424078
-0.7675562679231944,-0.6238097320405469,-0.5421800488866265,0.24832047600584495,1.2991108877836874,1.340278000633219,-0.5547213935090258,0.06001376864758076
0.12298651715820892,1.4109126613848935,-0.7806249538779136,-0.6992262524510623,0.11113221640363077,0.08516899520902516,-0.8416524943368463,-0.05018457737639046
0.09342303696381125,-0.9023674672722202,-0.1732746209941858,-0.386875779913536,-0.34359061639764643,-0.3919338858543123,-0.6544482392132294,0.05418162543382203
-0.1190905151370794,0.13594025065202223,1.2671712667871633,1.3133368393150409,-0.05340004067737117,-0.08761962999312302,-0.4226132535021461,0.1334987731409408
2.2051468444018076,-0.6056680554913322,-0.3564412796145135,-0.5316407012780883,-1.6461054544319058,-1.605087391568107,-1.2651865204471857,-0.2131054980527406
1.07422732497916,0.38676304637921444,0.36026671252793935,-0.09249184172591987,-1.2589330658960098,-1.2978300998586807,0.08865677978232579,0.03814323159598554
-0.9630937692780058,-0.32822139026281294,2.162022395409091,1.1034274213779958,0.3722688549369587,0.35916659649533117,1.240244013986094,-0.07645838255437352
1.2950071781610444,0.9477032678531913,-0.4880932401666536,-0.5671949302929337,-0.9659543082986475,-1.0249181006100831,-0.8552383657357993,-0.14469445815535067
0.35082620941053444,0.21077506910068458,-0.45898772902193263,1.331454083741739,-0.30007528304859793,-0.34623909334263314,-0.664386202751597,0.18890413367164874
0.46405275001070706,0.6634858550563261,2.2469616308810356,1.5071123587656203,-0.5550715356803587,-0.6112597109780061,2.287744340971261,-0.030676058326367484
0.3781642319400323,0.9799611984488079,-0.9276477286500822,-0.8087918253102078,-0.32960263660785966,-0.3779626758189064,-0.7739403028311149,-0.16948106681382527
-0.6078677152172359,0.8927976032403807,1.788555927753158,2.2904338704463285,1.5632147191631491,1.618434296665322,1.7476321044405791,0.08159269853848805
-0.9606329187746233,1.3866275124812877,-0.5105863178029442,0.8326314881614475,0.8927831281152765,0.9086709757389285,-0.12327370677790733,0.12504216548099062
-0.606092620992933,-1.1938346991785147,-0.2549435416552747,-0.7645722481794339,-0.3781341287561874,-0.4276777692119935,-0.008068797943085477,-0.007930699792708445
0.25645107871404704,-0.6347929742238543,-0.08183652392239593,-0.40360937261118623,-0.3884526274336754,-0.4385250285777205,-0.4788906810162427,-0.023677486469857033
-1.0853193115248534,-0.6538998350902555,-1.1714879537401188,-0.9807286490595878,1.0622063806445061,1.0882056789516656,-0.7203378612508377,-0.06916820353717511
-1.0938884353447456,-0.8794407114984538,-1.0304736037350608,1.0210266676188868,1.3611346671045084,1.4043740012221444,-0.06976224959612969,0.1200848437492957
0.22481862986877935,0.06817624706422157,-0.2947532005851043,-0.36251143698738925,-0.06826932942550747,-0.1044120860839493,0.5943992334575313,-0.027759986719488115
-0.3365595295811621,-0.7919790261590004,-0.3455855439956929,-0.3058476990686445,0.5722745856457747,0.5715734528910131,-0.7058570291633617,-0.19310124682954816
1.1106703066537775,-0.23656395388477552,0.029696506811705926,0.8964090393507901,0.17429932618123478,0.15161923530992535,-0.8979299218509426,-0.22371999870178147
2.1854805612747437,1.5056489271315712,-0.9200639469421934,-0.7070644870981482,-1.4742549438295323,-1.4784465659751869,-1.0414934626869097,-0.21963749845215036
-1.1266268573214742,-0.9793530336839418,0.6219262348437721,1.3519184883013264,0.9440696124348941,0.9647222723828834,0.8567602031116857,0.18977895515371251
-0.5485037862285019,-1.5500637328811897,-0.3636491386521359,0.8354567726068096,0.2455675816468622,0.22614145166570038,-0.47156276299563665,0.13058270153406143
0.07785799949085954,2.273410770819365,-0.9861227657762136,-0.535729847012589,0.5089950970499235,0.5048489345697107,-0.22240751159220534,-0.17443838854552018
0.4592249072329823,0.18962832146028297,0.035242363983483065,-0.43479046362639706,-0.6216288012098619,-0.6789914027364968,0.35795779853060233,-0.21788785548802275
-1.056989232093524,-0.9831250120568624,0.40871025440345915,1.3315916225247149,1.2214097077913815,1.2571393615352355,0.9272156316277278,0.1472043096932738
2.166351463863482,2.3515417997914003,0.03661688883278191,1.6096358794557488,-2.0210521094115768,-1.8049387599302404,-0.8691365832200729,0.2955157116191583
2.1707635712112636,2.255725856904504,0.07905783234879554,-0.31472658282692273,-1.7966611741487102,-1.6965483986862062,-0.7901706960133761,-0.10620231294454305
1.7731515855392292,0.953264555257967,0.2917592293330992,-0.3267453833779593,-1.8298628453298635,-1.71478748347434,0.09057597452014776,-0.216721426845271
-1.288585698953238,-0.9445466192556836,-1.8825556656591478,-0.8691990348327748,2.5502050124398106,2.6622576793980506,-0.7820010333799621,-0.009097128435460193
1.1720714103926317,1.3903577962545288,-0.891090622498387,-0.7044418516438574,-0.7093668984825366,-0.7686840606162455,-1.0170640446029964,-0.04368173769304948
-1.3576883976654355,-1.2519717461502562,-0.8734657041546778,-1.0167923241813837,1.1291638243241375,1.1570766956425367,-0.4813531929126752,-0.1464441011194783
0.04821148901493836,0.035410848157752375,-0.9705705449996798,-0.4401268886981226,0.6246932726844519,0.6268998761185596,-0.9599890631016017,0.03960126739942522
-0.17802913018412098,0.8743219340823148,-0.8317368679475815,-0.8826181673984916,-0.1732817722560641,-0.21463521128627064,-1.035292938232337,-0.05237163108154997
-1.0591835739886395,0.45431004458440816,2.3873575953473103,2.1228696202409623,1.536563282333326,1.590779355260102,2.687601460879514,-0.08578981169638751
-1.1224979853076582,-0.9541191457053407,-1.0018192421727856,-0.7448664515672833,1.3586543535071036,1.4033047564979086,-0.4963427004998581,-0.2111808907922002
-0.6055985240972646,-0.27009421419604795,0.6296831484513932,2.4599903130267715,1.4188283867399287,1.4664116669621636,1.1055580522967914,0.1448714524077703
0.277324016332347,0.02739046542381187,-0.07951220598703766,-0.37702672561204853,-0.430477104481361,-0.4816014667924756,-0.08750700710724375,0.02968662393603537
1.822043709546142,1.1046210173525228,-0.11361376657963998,-0.47491624368604,-1.6810407098027773,-1.6252472246702596,-0.6987446431906337,-0.21759624832733482
0.32810810005093766,0.052213596830755445,-0.33980302262868844,1.2424687962804832,-0.20760750777601583,-0.24971344755677607,-0.6711034478006265,0.15478609587116016
-0.9600638493842225,-0.3846276608849552,1.6653914459478467,1.4555214547336517,0.9791622048592957,1.00256413122633,1.0681363214163164,0.0915073420018779
0.1369007887407541,0.4569877120097999,-0.34427248230477747,-0.3162175512861359,0.09341619622040766,0.06670902929580651,0.6847286240873497,-0.0324257012904951
-1.0855841233872008,-0.47226513500571776,-1.0803665062621548,-0.9576910620322521,0.9448954415338766,0.9638944826227279,-0.5547213935090258,-0.024552307951920812
-1.2727420852130333,-1.1767861745592592,-1.3372911983431561,-1.0126910444121557,1.5288577208303544,1.5808847583092984,-0.6882305375761715,-0.11932463517550021
-0.7123891343939363,0.3879555526745601,-1.151243975635698,-0.7393379131793646,0.9182327508241203,0.9365516446751329,-0.26919129674147135,-0.05896195291309735
-0.5469326467324327,-0.43138337000353116,1.2829328240044515,0.9543201011512238,0.6060401397372103,0.6071641950776525,1.4376598644193623,0.052723589630382345
0.8045564634072646,0.9412756433298586,-0.44597715090283774,-0.5736635916835955,-0.5903468269256785,-0.6479261284090481,-0.46192836252399894,-0.028634808201551926
-1.0211642909466148,0.09875455260102031,-0.7383136483722227,-0.7819220367384917,0.9670168424761917,0.987394093257098,-0.2436792482118687,-0.008222306953396383
-0.46829153454599975,-1.9153895155196403,-0.4260717571722608,-0.701829131659185,0.14735956230867564,0.12220024648051298,-0.7503835888595926,-0.008805521274772255
0.7481083601539981,-0.0023101985230705698,1.7617255281275341,0.9396849836769887,-0.8733542880850439,-0.9324994132196498,1.9200330580488185,-0.07820802551850115
-0.9592897969654979,-1.183936048210162,-0.59868558243423,-0.9209236886556585,0.1271838875654647,0.10255269225196857,-0.644671004521272,-0.20359910461431388
-1.4170019744407347,-1.8357618109279634,-0.6388599304152929,-0.8431180674293769,1.5632147191631491,1.6185068099801263,-0.35290256154933536,-0.1349547789883736
-1.1024092496216136,0.14316523589742974,-1.5119151869038365,-0.9539250384733454,1.6259702559286797,1.6852107532604352,-0.49887748758732553,-0.01113837856027575
-1.1997746089882695,-0.5199703982419541,-1.245407539898758,-0.7448664515672833,1.6861216099749423,1.74737300781796,-0.39418452271783694,-0.03125927264774336
1.684011034167954,1.4681220764428202,-0.466036102937996,-0.7149926460926062,-1.6071838431245191,-1.5754075274274468,-0.9545670910208139,-0.04875570228901956
1.8954388845773795,-1.0849412386073236,-0.4094184893593502,-0.6443114551082808,-1.6119922818412478,-1.5793218551258024,-1.2742776065704995,-0.21252228373136473
-0.9958254392403695,-0.8651259205320332,-1.1935951329070698,-0.7096971135687657,1.5349155349188983,1.5884547702513157,-0.42037833105036587,-0.01968246836843229
0.23968930401797547,-0.3017512747591389,1.6702900705464094,1.5775401417504482,-0.12240837896191135,-0.15984736061839114,1.4919111797192781,0.086550020270183
-0.9192960052027285,1.2262167144958527,-0.32143477449284524,2.0469934565747345,1.1551042509863443,1.1871938062232645,-0.5519418675336507,0.3166280700529649
0.324077881106205,-0.29250064819765237,-0.2156078237864998,-0.4767966900511752,-0.3843164108075144,-0.43494108332296305,-0.36907866599171824,0.031727874060850925
-0.2129859614768657,-0.035168973047119044,2.005944321947706,1.0889270234044728,-0.06993092610488935,-0.10508147892845399,2.12922669341994,-0.12224070678237957
2.3078328377191175,2.8765919275520577,-0.012011566559453419,-0.43479046362639706,-1.9957284446772596,-1.7955980921708348,-0.7901706960133761,-0.13912476138621108
-1.2626019320853534,-1.4830096803875903,-0.4874228842568565,-0.8997670278221604,0.3796031519155232,0.3701047463355094,-0.027553478201405232,-0.10678552726591892
1.7246120977626669,1.7747321527233917,-0.26418546222687334,-0.5296051663372268,-1.4100017571145602,-1.425802271128058,-0.92301841131138,-0.10176988410208641
-0.7402829436491846,-0.6258133097829891,1.0109681693782289,1.9752617430278157,1.7419719055641423,1.8071605120005265,0.2400536779011041,0.030269838257411242
-1.0281557820985323,0.5693435972098625,1.004241785485362,0.9377424283212062,0.3574880001989186,0.3447203871975522,1.0581657866956329,0.13408198746231667
0.4120552645616637,0.508287584077895,1.8999705669937472,1.9075135962763559,0.01717660430656493,-0.01462583741539427,2.4154084676983483,0.05826412568345314
0.4518721909842458,0.0748472832915918,1.455531102651605,0.7778592937979113,-0.6071070476291732,-0.6629640710346519,1.8429736631454643,0.0212300162760852
-0.028841663384210615,-1.0002644756592647,-0.8260712640992459,-0.8149074724152487,-0.12586014950699706,-0.16418768320043514,-0.9821767215584614,-0.004431413864453204
0.9864349143407959,0.09732910131211983,0.19054779327552337,-0.6300622160009718,-1.9770218245620477,-1.788739131637837,-0.3920520837001655,-0.2190542841307745
0.07788380399010228,2.352322862542316,-0.815888395084604,-0.8087918253102078,-0.15377423341761515,-0.19278778128911578,-0.33909504181254096,-0.023385879309169095
-1.2136636504435718,-1.863050353808428,-1.0704528496516708,-0.7645722481794339,1.3948155322686564,1.438615533433036,-0.5409498222669016,0.06322144741514807
-0.6416655706441742,-0.29912314084857494,0.9200786881305474,0.6186549266848688,0.808205488809868,0.8209810823958753,1.977567937473818,-0.20534874757844146
-0.28256493143187805,-0.10619110483640873,-0.5397295698847963,-0.40530523508869326,0.498923511582435,0.4939890778599316,-0.1526331463722135,-0.03679980870081415
2.035725598938695,-0.4236013944329617,1.4835377908314022,1.2031987395259391,-1.9463707263189252,-1.7731970638673082,1.024576788361417,0.10637930719696265
-1.2710434814388576,0.23636842796209992,-0.8657983993608942,-0.7420966538201932,1.4050696337026432,1.451038431442367,-0.27794030377446016,0.06176341161170838
0.06810078706201733,-0.6004403280821401,0.24068080136985381,-0.12566926618368182,-0.13105326411324755,-0.17065927905698206,0.3125875942033077,0.0025671579920572792
1.8975568844415256,1.5362320612928717,-0.4337279363509403,-0.6812755389734592,-1.6810407098027773,-1.6252472246702596,-0.48880149043082954,-0.17385517422414434
-0.9626976799692334,-0.30901625903380403,2.187036942146625,1.2840604921104959,0.42166246557322523,0.4137962613313552,1.2926913845765369,-0.01667891461334655
1.1658694105914027,0.11294056379456074,0.5619653833175601,0.006903661199034415,-1.1639537265044952,-1.2120005323122662,0.6624504790553088,0.00781608688444014
-0.04973536266366207,-0.26948614557165096,-0.21642305140148124,-0.3498600335347626,0.04968688474633357,0.020622583121669338,-0.674490268057444,0.05243198246969441
0.07786504356488085,2.561116821894136,-0.39089804817509405,-0.57800991804043,-0.2768789010790376,-0.3217797118068642,-0.232132319166201,0.049224303702127103
0.4368809135729965,-0.3553306424719039,0.2580065193009721,-0.57800991804043,-1.4830412915969293,-1.4855666615099108,-0.082383706659299,-0.22197035573765386
-0.3524556635480794,-0.5037744437032201,-0.5597673753084931,0.10116665478828307,1.1079244722865043,1.137532377911305,-0.5143135389604322,-0.0178453432560983
0.2371316975832901,-0.11930771349948921,-0.5417194383474764,-0.7311271598052996,-0.7171403377182124,-0.7769850594156206,-0.5832429956100075,0.0323110883822268
0.6298345247839663,0.45108228205612344,-0.5335179389043386,-0.618408253265421,-0.45846113336330796,-0.5109810564905959,-0.6778961690924191,-0.01842855757747417
-1.2769444049372949,0.18071254888199925,-0.8988887293851978,0.2842947335674743,1.2763003461582945,1.3155958831836312,-0.1301358217107653,0.0938401992873814
-0.20779196174667877,-0.5367514094649892,-0.5020197783758584,-0.7645722481794339,-0.22230718194236218,-0.26474761831324845,-0.5920686389915416,-0.1863942821337256
-0.041312158012161336,-0.75103850982454,-0.8664893816164964,-0.7176557076262194,0.19521950079804096,0.1740945776282677,-0.46672637052391247,-0.05779552427034561
0.15286014861769023,-0.2163652084191033,-0.18889872223451426,-0.4655900075017759,-0.3078906278195071,-0.3546093042714459,-0.49381849710536796,0.012190194294759194
2.229751644929698,-0.015456464710325232,-0.08310119539814752,0.777246105103925,-0.7917759399366356,-0.8507954091288104,-1.0230794756740673,-0.16907281678886218
-1.1339884417902315,-0.1029284649124809,0.29897953333538063,1.1361233777937458,1.2070115748680466,1.2431745686770153,0.8971913129114422,0.13903930919401158
-1.1548983160548474,-0.33703354317927336,-0.7985967194024353,-0.8792388764946373,0.8633895988238305,0.88048004772305,-0.9709811083683508,-0.0009321279361979625
0.351694779873816,1.4777681463989274,-1.183533554749249,-0.8335860044043412,-0.022501377040194705,-0.05474577030667748,-0.7984522753101707,-0.08170731144675639
-0.16607859087422075,-0.40868626782025924,-0.05109423038755918,-0.5912153570416305,-0.4135208533612253,-0.4633866775668987,-0.18048381855718812,-0.21059767647082434
1.052309309574812,-0.010266841053249003,-0.9390928129005526,-0.6443114551082808,-0.390525169522264,-0.44079891673583094,-1.150469997437547,-0.1740009778044883
-0.6443357693395879,-0.8075025386943846,-0.610356141339625,-0.8335860044043412,0.07397633993668776,0.04517035182683092,-0.46913973035440587,-0.024843915112608746
1.5956098684443307,-0.4593483568212072,-0.11688725659341186,-0.691475925092492,-2.183052240680213,-1.8635767376379888,-1.114258825439034,-0.09704584809894184
-1.130800206922903,-0.5800817884398236,2.1738282736427217,1.2840604921104959,0.9349543081071852,0.9532823623235954,1.8672363414694806,-0.06887659637648717
0.29042361370114056,0.04698509587574158,-0.44973851639919155,-0.5235342902867693,-0.07826759625453446,-0.11423470894588535,0.6358309535438729,-0.2205123199342142
-1.062538023703812,-1.305685172557056,-0.9879928657266893,-0.9281223330478493,0.9613139969046935,0.9809736362910951,-0.8327619541880672,-0.17472999570620815
-0.060499851434619736,-0.711716871971921,0.252300278662409,-0.5650520956681703,-0.9939845831873949,-1.0514048866767398,0.04996057484298192,-0.19805856856124307
0.08632829164495917,2.8012290469912844,-1.0111443176827302,-0.7123398074691148,-0.17685697245037138,-0.21739507724695364,-0.14692984148120433,0.06613751902202744
-1.138905315631788,0.5693435972098625,-0.35432322818088013,0.444980669932862,0.007752456640822514,-0.02420088296671186,0.30389856032418167,0.13291555881956493
-0.3346431331866045,-0.5297242072419226,-0.07883681795590863,-0.4437075371894862,-0.038681711781932644,-0.07276223548473101,0.5139112559459845,0.008982515527191889
0.11691896379880902,-0.36201844904244546,0.011890922521942146,-0.45638795924896525,-0.35568868057470593,-0.4042939386584295,-0.1512022679889835,-0.21934589129146242
-1.1328862744036043,-0.4702400932329528,-0.6359357539856273,-0.8527834503376818,0.6532404696319822,0.6583514343136813,-0.2832511358908407,-0.2205123199342142
-0.29626187144127164,0.11404187225531362,1.763911323872946,1.365406954875039,0.18967023873426467,0.16866990455105974,0.6354420530256754,0.07867662693160869
1.9538456226668728,0.987753474866721,1.8374567432185533,1.0778981309256321,-1.7642028867772868,-1.6791386556240266,1.469323977220205,0.008399301205816015
0.8462312376954075,-0.45653246224881294,1.4375571884683715,1.3462869725161046,-0.7328133870591271,-0.7912887226216385,1.3290870764555482,0.11775198646379222
-1.271040722036942,-0.3460063162914659,-1.5444906529925608,-1.07692272071696,1.537660741086763,1.5918465288055452,-0.7203378612508377,-0.10066177689147227
0.3198029215889077,-0.4583033745290309,-0.22997931496985552,-0.59344100667162,-0.6888392217981969,-0.7470410652051854,0.25483548605939255,0.0046084081168728365
2.155792806631665,1.4888087829457783,-0.4387961230177658,-0.4401268886981226,-1.3768633327244513,-1.4011422472779238,-0.8196665865358523,-0.09850388390238153
-0.4036330907127762,-0.41376001358425807,0.27713285939228033,1.625006619115705,0.5945217170041992,0.5954701383875146,-0.37525806392972644,0.17782306156550715
-1.250480551474193,-0.5454618602181749,0.8431270145958228,-0.14171458162419176,-0.8820614790881923,-0.9453065980506743,0.947286366166168,0.1495371669787773
0.49692156637521634,-0.8802223218952205,0.11624029378463988,-0.4674452129455794,-0.9234011460409232,-0.9834620707756443,-1.1430521640699038,-0.0347585585759986
-1.1373754172514632,-1.3689002259638807,-0.6121822438088421,-0.7203290711643316,1.0415008927544267,1.0660142175542715,0.011899668772255782,-0.20855642634600877
0.7551468900983458,0.2135491332642404,2.056314261589571,1.077699577954066,-0.9845808122001906,-1.042909096086843,2.5163719641971096,-0.09074713342808241
-0.5013837512072365,-0.6904363381090171,-0.4129608720906658,-0.7070644870981482,0.12427859011206308,0.09755316699774604,-0.06354897974895254,-0.2088480335066967
1.2058579998293446,0.03837132138604449,0.10931626764344814,-0.6613156356166757,-2.0797013945290383,-1.8268274826158424,-0.5221819255395427,-0.04263195191457289
0.5001795105000225,0.0408244157566953,0.293832805035915,-0.27003328043747943,-0.7754559595943503,-0.8350766018431877,0.4725755091122254,-0.21263892659563988
-0.5875594714969009,-1.2262194405099556,-0.8502268079712006,-0.9353967540362704,0.1516466318025443,0.12678338879444576,-1.2387058273705522,-0.19922499720399484
0.8899665090464428,-0.6036013085065737,0.3011092564378142,1.550925379891403,-0.01447842936998449,-0.04756815728134871,0.8513406613512561,0.14662109537189794
-0.8132522366575118,0.2194481477740785,-0.1869988463418522,1.0062113695479566,0.7798051927491118,0.7905554912343944,0.29780907121848793,0.13291555881956493
-0.17618748752959065,0.007013436922776925,-1.1935951329070698,-0.8758760298938162,0.23348072469944262,0.21343767833726948,-0.7503835888595926,-0.01842855757747417
0.6206172245598037,0.9908467798304039,-0.5463496036521962,-0.4155687447223375,-0.30007528304859793,-0.3463963293917671,0.09913774234507096,0.040184481720801093
-0.7370791552196436,-0.6996889101816864,0.8058792648058583,1.2023702253243358,0.6871658030225772,0.6939564056174848,0.9240863808220746,0.14778752401464967
-0.6540863424188387,0.1303270438048503,2.4135792748532157,1.760708187482796,0.7779536689418128,0.7886121072412333,2.1522238478196933,-0.08870588330326686
0.152996126603733,-0.1064498125731674,0.009347542984993228,-0.4138475393175386,-0.43903018500716784,-0.49020401902074834,-0.16860047113440593,0.02297965924021282
0.30163798189894375,1.2966455195301974,1.693745756150178,0.8598334874366899,-0.4936614773165459,-0.5476491706425919,2.123479137548276,-0.027759986719488115
-1.1887247494297901,0.06011242524177138,-0.0559806725168764,0.5711418096610745,0.3844721504269633,0.3733197795318029,0.9155800679355209,0.13320716598025284
-0.45101084978880274,-0.7674853468524452,-0.00015871819099450062,-0.5095729343799501,-0.04520475065661166,-0.07996199127783003,0.16697503386877385,-0.22342839154109354
-0.9727623548899164,-0.4930663227040419,-1.6908544146665294,-1.095109654881458,1.0606827410465012,1.0866469016635363,-0.987853249975778,-0.049630523771083374
-0.7728050802994155,-0.7233615156776539,-0.8592929627854667,1.137217410126907,0.9064118343032326,0.9248087152507363,-0.39418452271783694,0.11658555782104046
-1.3206171669573934,-1.7193957431154934,-0.5327669840801909,-0.7645722481794339,1.3132673894265772,1.355700285972177,-0.5659690823159045,-0.09978695540940846
0.872210649766686,0.8114762123007824,-0.09216739160429102,-0.10888147029271908,-0.3699318837138799,-0.4195964950440914,0.43906829030221023,0.02939501677534743
0.07779691947223437,1.874390917925629,-0.7281556437240702,-0.9427485639340681,-0.5951157224892453,-0.6515143064396944,-0.8283652378289683,-0.2222619628983418
-0.5046676060145513,-0.5146785476928528,-0.4699919938651935,-0.6419160849013971,0.31221914804290624,0.29676751328250994,-0.1370767226922579,-0.2143885695597675
-0.24773415090784315,2.3112366995734583,0.4250139230063946,1.8218541075116004,0.8154451689938019,0.8283962132809395,1.4952041773896285,0.15974341760285504
-0.7217490675413127,-1.6571169686581553,-0.23287415382460777,-0.8928563341048439,-0.5737781557955707,-0.6304728651385915,-0.5861705840658135,-0.19718374707917927
1.7966018234440164,-1.2360558576484342,-0.5155857253806437,-0.5377835293940784,-1.34446549412692,-1.3725862852223203,-1.0669517857479418,0.013414944369648522
0.006347225761195971,-0.1958544335815778,1.5603788564830456,0.7897089931841954,-0.15553683903784954,-0.19500553338202314,2.028393221302804,-0.010555164238899876
0.12810961962154518,0.36553340498682063,0.7508938777900869,1.0453810542046418,-0.47595447314389633,-0.5300601672167078,0.4555303710166314,0.14574627388983408
-0.36520245288848585,0.398885654715087,-0.39058251088572227,-0.7123398074691148,-0.024111308292881804,-0.05685663078117226,-0.6010250373935246,-0.20097464016812244
0.7757305403130887,0.033631966205664214,-0.20068769424853355,-0.6395289888740595,-1.0002878233084638,-1.0584071855921624,0.7259596972106415,-0.21876267697008656
-0.09111048683601757,-0.5329605110944208,-0.9705705449996798,-0.6812755389734592,0.428751687250038,0.4200247115663362,-0.8240002669911672,-0.17006428113520114
-0.21350881018955328,-0.5239820303775187,0.3174644227667374,1.2476126339961036,0.31477151304031287,0.2995239159763085,0.13043020427796773,0.15070359562152905
0.6389039676982212,-0.11767860582030205,-0.7823021583049001,-1.0376719671740693,-1.2779339007142216,-1.3138822567130928,-0.9179167284220257,-0.08549820453569958
-0.36293324113959147,-0.9673193343906078,-0.4038369093091556,-0.6588607001299094,0.15876369540413396,0.13553524042101128,-0.20341498101750932,-0.09628766948115322
-0.8260542937335728,0.6187447055822787,1.8924527178564605,1.983930775767414,1.5707402834169812,1.626776191365569,1.6716025680070996,0.05797251852276521
-0.6645330709361728,-1.0647841335140433,-0.42802982571815446,-0.7176557076262194,0.2981002472651515,0.28160330577175297,-0.6101161235168381,-0.16743981668900976
-0.626236939027827,-0.4385756070036466,-1.1648684865276788,-0.9885817291672555,0.49555070755461506,0.49122824313245417,-1.0669517857479418,-0.11086802751555004
-1.2390194224459534,-0.6372139202809638,-1.3786594237118774,-0.4901050663681122,2.048315773123954,2.1332358055836016,-0.738940739324329,-0.1169917778899967
0.2964773669839037,-0.10567381316295268,-0.2806918072169838,-0.5316407012780883,-0.2521613734554105,-0.29574591523173227,-0.6778961690924191,-0.21759624832733482
0.49653706059345376,0.7922991349111707,1.445641866306593,1.1760086125867282,-0.4156295707425527,-0.4676079169728578,2.0084524365349963,0.07459412668197757
-0.3975179307021894,-0.17738286187844568,0.07267505916220664,1.3099395512959757,1.6561051558597573,1.7164809087983124,-0.3049736824005037,-0.21788785548802275
0.4701175324120277,2.1858262428333615,0.10898497627103801,0.9464412459961844,0.4682820112667469,0.46157772734697144,0.21795691544963133,0.04222573184561665
-0.6646455178555296,0.15407490752290023,1.9976316811578656,1.4841181650381432,0.6216010362954855,0.6234458514707383,1.964283497582179,0.035227159989106166
1.1813265093740097,0.22809876182517888,2.168310946011224,1.294296492388343,-1.2741137589937608,-1.3112682643635856,2.2685491658598074,-0.01201320004233956
-0.4878584976382837,-0.22712977795625106,-1.2211738697419208,-0.9317499718913053,0.5442489422350791,0.5411036145588842,-0.6917149612550663,-0.05837873859172148
-1.1902001823914317,-1.41354159686588,-0.8627036757588312,0.7614230819896447,2.7667299064499433,2.891214318441447,-1.4301471206609415,-0.14294481519122307
-0.4431302900803536,-0.44135648607727046,-1.0252956409794924,-0.8792388764946373,0.47171878002927964,0.46534753252927313,-1.0734874800479295,-0.18522785349097387
1.9793171167481964,1.1522471107843997,-1.0023046498041757,-0.8273035646567765,-1.3809644470408549,-1.4027928894554642,-1.3736063318555138,-0.01842855757747417
0.16802983466038135,-0.19939191926404437,0.46983899744414187,-0.11890513114234948,-0.5927293138120202,-0.6481566119503334,0.5115283366814478,0.041059303202864904
2.2435801833745903,0.9476137943913336,1.8232230928704094,1.396017759621983,-1.4525192601639578,-1.4616868188769832,2.457104168753243,-0.12049106381825195
-1.2710472131634807,-0.4429477038072256,-1.9098207632975797,-1.2101359545926051,1.3716289135024278,1.4158617768269586,-0.9028650172951289,-0.22246608791082337
-0.7001974615691096,-0.4820206965676455,-1.2721586056950118,-0.9539250384733454,0.6410747231848617,0.6439861347710879,-0.6610553632804993,-0.15373428013667673
1.6427215146063006,2.582322284619821,0.3778398841212919,-0.13939945847811566,-1.6362766510619156,-1.5953919777043284,0.015164550702247339,0.04164251752424078
0.009042784620639299,0.11660868675057874,-0.6822171236373569,-0.7560580097270124,-0.12240837896191135,-0.16058885287535865,-0.7739403028311149,-0.10620231294454305
-0.9849408352065039,0.005142729302125087,1.9947205179757235,2.1580210852789965,2.023027786904758,2.1042764766860382,1.4147329576158179,0.03668519579254585
-1.1295308738680923,-0.8048634824499465,-0.9500220547030901,-0.9652852440895815,0.853750897628423,0.8668212567151116,-1.114258825439034,-0.13419660037058498
-0.3280776869704273,1.1747973828752891,-0.9643384990660124,-0.3609172872313769,0.809112428435355,0.8214383580010528,-0.42037833105036587,-0.12224070678237957
-0.979813987744073,0.1075644897661271,-1.4507929239241963,-0.8118428837442976,1.4430356120404155,1.4916883862864854,-0.9491933148849384,-0.08812266898189099
0.8763018560923915,1.1736229504207247,-0.2497357033416645,-0.48627644930227626,-0.9204088994800924,-0.9787868797327423,-0.2081074690119215,0.018897158990581708
0.4726281452590975,-0.4501275711995339,-0.25509333859737965,-0.5693444300439015,-0.6216288012098619,-0.678491959050071,-0.5328349912361456,-0.1511098156904853
-1.0192502820558873,-0.9969004687748226,-1.411070453401415,-0.8087918253102078,1.9235383831670407,1.999066219816532,-0.5274849931818358,-0.04875570228901956
-0.02068378038006115,-0.7834131857868876,0.02366254484864994,-0.5912153570416305,-0.7619949256142905,-0.8210624825370898,-0.1656657768535032,-0.030676058326367484
0.2290729766347066,-0.5262010453528568,0.44526464974031454,-0.20607426683606703,-0.5761335469620366,-0.6321275489413989,0.7785341513927044,-0.20943124782807257
-0.7934773776193756,0.26491126470070164,-0.5288845996133008,0.7667377797145924,0.6622982474454152,0.6657511423086739,-0.30681962531468954,0.11891841510654397
-0.8324126362353612,0.029771013822339765,-0.7120922409750863,0.856559591320079,2.2570088384823532,2.3519287606159387,-0.42710803877778564,-0.11920799231122503
-0.408197553109075,-0.04041420394258036,-0.497323481579213,-0.6347793920832451,0.37349381736223347,0.36150155392653555,-0.4407964537839204,-0.19018517522266878
-0.22600358012721192,0.7567091066961097,0.43540068973838103,-0.153407984352721,-0.13452570396273814,-0.17381962338600349,1.058938616247592,-0.06479409612685606
0.9587948989175004,0.6124670315418229,-0.2622741401607434,-0.5115502278970883,-0.7917759399366356,-0.8513829035814723,-0.4913047893893942,-0.0324257012904951
2.1454768349022317,1.7912715373785795,0.005072281533101933,-0.5419092945606825,-2.1974062484760393,-1.866341719991339,-0.8552383657357993,-0.11646688500075841
0.08559250649684563,0.32297866418854965,2.2794030193399646,1.3310413030747432,-0.5115874298988148,-0.5654343816509608,2.59774943318683,-0.04088230895044527
-0.37987576356735303,-0.6670076876503879,-0.17683109818199616,-0.6138011454501293,-0.3039776890228431,-0.35194066356047793,-0.29946943343911026,0.005483229598936647
-1.2800186755399774,-1.1678618229751716,-1.3306102661912562,1.2690189706360115,3.7073584046006847,3.885456904740672,-0.3180152385048,-0.16189928063593895
1.568675939638836,1.0016924254210435,0.9384363849766643,0.20897551434982595,-1.5739640570628626,-1.5515047965339386,0.5714873860748664,-0.11378409912242941
-0.5970883687388949,-1.219909032950231,-0.41074320684459487,-0.7044418516438574,0.21993162660244386,0.199315826935935,-0.883361847417592,-0.18260338904478243
0.7411958967740586,0.6229163594208437,1.3221046774472494,0.5744404489207011,-0.8503875829183065,-0.9092405696009908,1.7438503871489373,-0.028634808201551926
-0.27716199749158926,0.46973443609179044,2.1647648097526773,1.6786378542816318,0.39898179225108876,0.3882022736001174,2.650648331831428,-0.004723021025141141
1.8001108093245033,0.743609061239535,-0.5911481853283621,-0.7230128167228125,-1.536907906920108,-1.5244341959583105,-1.0867747365558071,-0.1341091182223786
0.6549954950037142,0.4237953878173623,-0.19420258874998483,-0.30145067291260297,-0.2540478316839353,-0.29791064219843605,-0.638239605198631,-0.2222619628983418
-0.4473720553447113,-0.1691159564534341,1.7487564374879259,0.9061497114787123,0.20074760261191318,0.17933723022160655,1.5951268666213347,-0.09862052676665671
-1.1729363568644156,-0.786066710632265,0.0794148673681569,1.217782484425902,1.2710357268674057,1.308610214141136,0.436911121787911,0.1542028815497843
-1.1339881605109123,0.008189067510556732,2.445499948644355,1.9115657184035675,1.0236265909037452,1.049563302650682,1.2620204136876827,0.055348054076573776
0.8215860507617502,1.129876751564908,-0.360516264342356,-0.3192091733294777,-0.36788855294001493,-0.4179499474107955,0.44389395895156336,-0.11028481319417416
0.554187480627824,0.5750892781208045,-0.30565492672142125,-0.5693444300439015,-0.5138438396057723,-0.5681374483384871,-0.2305006155179009,-0.2231367843804056
0.10523967420583238,-0.11950331645969964,-0.2029168170665881,-0.5502354629036887,-0.30007528304859793,-0.34744622283152515,-0.03223083874615169,-0.21497178388114338
-0.8620083909030533,-0.9752029143548284,-1.1253136251999634,-1.0292442576909941,0.4133476532612921,0.40362398421751217,-0.7820010333799621,0.03056144541809918
0.3366005076942642,-0.06983583303395292,0.7540143614785372,0.12285201051049047,-0.46936970961745766,-0.5230949885619646,1.429660773704943,-0.17502160286689608
-0.7320640595897782,-0.14626129592181047,-0.8863383664720483,-0.8179857118602876,0.6236632598922363,0.6262471206717504,-0.5143135389604322,-0.04117391611113321
0.17964250760180822,0.4620747456955735,-0.10190331297465095,-0.3420689294472954,-0.14499320751666706,-0.18472979969450676,-0.17898556293359605,-0.2181794626487107
-0.5748615280671814,-0.20670341762061217,-0.9276477286500822,-0.9353967540362704,0.25888028257771195,0.2404015705370029,-0.6101161235168381,-0.08783106182120305
-0.24791262848768034,-0.8565254057424917,-0.2383681182936956,-0.627715647998323,-0.3536653125643918,-0.4027724889325227,-0.22725036126575054,-0.00851391411408432
-0.1956882058574769,-1.2777400154301752,0.06078683110820393,-0.49395501288695914,-0.6511161149170452,-0.708863534179946,-0.36907866599171824,0.05301519679107028
-0.02064124038682734,0.8006124794513159,1.9103905854299967,1.3956418069717922,0.23752088414855585,0.21861542658523914,3.036860746837811,-0.13157213592439354
-1.2710426666425205,-0.4044054641568455,-1.2947262228611078,-1.0250686340334925,1.319019077154549,1.3593302834688359,-0.7739403028311149,-0.08229052576813227
-0.3395621459370354,-0.7319004801928568,-0.4332597276469515,-0.6712235273776747,0.14735956230867564,0.12295509803220395,-1.0052098249005135,-0.21701303400595895
0.8462054794210095,0.40385109286031146,-0.5078983127805563,-0.8057541781652647,-1.084825932722773,-1.1390110788796977,-0.9993687569036761,-0.21584660536320718
-0.3731804240780936,-0.5916483994997879,0.3133295254912505,0.7995793618955759,1.3592748298461537,1.402347505423351,0.033339711222673436,0.03872644591736141
-0.6125214136545049,0.09561690396537878,-0.8394181253147635,-0.9501794270664627,0.08597014521351591,0.059312047233627055,-0.9935835851515914,-0.014637664488530992
0.339342732879173,1.5407350516529184,2.377741680702394,1.823813231436801,0.04355039751412787,0.013807219985558814,2.53386061126192,-0.12865606431751417
1.2418063717773848,1.1712421161292978,-0.42515362151664016,-0.3561567842768148,-0.5832227686388493,-0.6397197774033533,0.34488939204898544,-0.21934589129146242
0.5155001783738301,2.315490521985051,-0.297909223450028,1.6146758141065771,-0.07994069851069842,-0.11578174577592837,0.03962620635922928,0.1337903803016287
-0.4078710553480932,0.7026507541530309,1.4589138322218747,1.2202103951541337,0.7611826766480826,0.7708274934830415,2.288047777066651,-0.11407570628311735
0.08653024799093716,0.5186759051417182,-1.0263258815892886,-0.7907630564179646,0.06036363011795055,0.0313670131793229,-0.8552383657357993,-0.01755373609541036
0.8527857026038446,-0.1984674596634259,-0.38020463997193243,-0.45638795924896525,-0.824977611117789,-0.8855956345126669,-0.6577427750761677,0.05855573284414108
-1.021161144410478,-0.07779167260973181,-0.758117924380466,-0.580193375189494,1.3215680763941802,1.3623532099966102,0.2195070338237651,0.004025193795496963
0.3181802316523873,-0.17822776353723527,0.08597909437510037,-0.6324167791400264,-1.1889191665874814,-1.2358453457683167,-0.1526331463722135,-0.10620231294454305
-1.2710437231125442,-0.5601125969340912,-1.5697863453882677,-1.0334452652348058,1.5983552696728305,1.6567709248303981,-0.8461472796124858,-0.03388373709393479
-1.1957196140858288,-0.7062066330062567,2.1136996507710295,1.2291999672866267,0.8360600991700733,0.8486437774653618,1.3951243467622239,-0.0009321279361979625
-1.2084738125688035,-0.8875355785950736,-1.4220227312584366,-1.0635898901947878,1.2670746781080098,1.3037534892871123,-0.9028650172951289,-0.18668588929441354
1.9906160804609512,0.794681113983116,-0.5135784529078613,-0.23333101268180964,-1.0386938558794763,-1.0951080249684106,-1.221675241040769,-0.2134845873616349
-1.2174350820662094,-1.369252523789644,-1.1873734799102063,-1.1378694949172148,0.6911053243164968,0.6983110358170593,-0.9128577379400681,-0.14032035074503163
0.7939112406621055,0.7179431938525836,-0.4875568655335687,-0.5275756094811561,-0.5458079709726962,-0.6017475448017654,-0.7240129232352036,-0.2103060693101364
0.748452678664429,0.9842631373852266,2.2876260084191435,1.7724338323151692,-0.3137799098955776,-0.3606010075212628,2.535843777492089,-0.040590701789757336
-0.5934574923173146,-1.0654266970855852,0.12359872217017732,-0.37377465555037637,0.25755450018622145,0.23929009508048432,-0.2486962548864071,-0.10532749146247926
0.7364768860599512,0.6434318568913775,0.5814490245640743,1.1377637774865954,-0.7673643500635173,-0.8280054393678505,0.6978521642918175,0.1495371669787773
0.4628080590696229,0.8311857042265673,-0.5463496036521962,-0.6138011454501293,-0.3355809664984644,-0.3837559095871721,-0.1956742115649595,-0.221387141416278
-1.285567934997895,-0.2274782147764797,-1.20472162437998,0.23768851841027896,1.3820477408641927,1.4270302789108469,-0.8598356946186205,0.09034091335912615
-1.208477739991899,-0.010266841053249003,-0.5562511075420097,0.6267107136431137,1.076601647044111,1.1068969244987295,-0.2081074690119215,0.11658555782104046
0.8532961528009423,0.3840169489705748,0.7259402644170955,0.11569890177489016,-0.8082817304983643,-0.8686194925979507,1.0044199303259211,-0.20593196189981733
2.090557991557348,-0.017904399859854963,-0.196589832711855,-0.4277387329203447,-1.6810407098027773,-1.6267286516329582,-0.9333527797951323,-0.025718736594672557
1.8759719679538658,1.5499132974885708,-0.31001429632578253,-0.3498600335347626,-1.4786414613789776,-1.4814818399284109,-0.3856995296120267,0.050973946666254724
-1.168959126436546,-1.269237509495247,-0.43022966604823065,-0.6889116786892082,0.7564894289621662,0.7651244634233217,0.0031061197731617625,-0.02134462918435354
-1.2607785034263836,-1.7575326280048895,-0.9560331925707155,-0.9464540077328848,1.2070115748680466,1.2423206778344742,-0.7427310077568168,-0.20009981868605864
-1.0445843653755351,-0.6087951667651031,1.956078085311302,5.651104296676543,2.1816093259317655,2.272745928997446,0.3276610625401218,7.1311958081693545
-0.9595509325913972,1.832287997351587,-0.494450152129925,1.0325696007153207,1.2138856652437564,1.2478245915025394,0.7773047745894024,0.1209596652313595
-0.539782714446557,0.016484642417012953,1.211109267185575,0.6198115187753989,0.43228334050461054,0.42313649528806957,0.9991140700897855,0.01685590886576615
0.02600073860621596,-0.05081833827053945,-0.22836451307021716,-0.4901050663681122,-0.07325984362739658,-0.10847427106177882,0.03962620635922928,-0.01026355707821194
0.20286829688712107,-0.1719858916810777,-0.24190400625215763,-0.5845810954074825,-0.3577148764937122,-0.40545429668735217,-0.6224542218522094,-0.2199291056128383
-1.1981090860425665,0.3697365305347508,2.384183683333442,2.03740305218732,1.5771598198578491,1.6329533828681946,2.092006907273953,-0.06537731044823193
0.1204267313994589,-0.19983721749499747,-1.7338779575217196,-1.2101359545926051,-0.4803609900442009,-0.5344036738070429,-1.128484089636553,-0.10579406291957995
2.1565335858351875,1.4931558384629042,-0.35069100349003224,-0.539843333043579,-1.7065201519985957,-1.641866922780512,-1.0170640446029964,-0.030967665487055422
-0.7146821372805122,-1.577473214988216,-0.142219181991189,-0.5867854469185966,0.06491541704104216,0.03701369054984724,-0.2744254925093066,0.01073215849131951
0.13223563758287385,0.2957387372360271,-0.7274224124539818,-0.8625859354412149,-0.35164476458009225,-0.39944642592741353,-0.8068488802144457,-0.19368446115092403
-0.7699497572715733,0.3689865125929286,2.0007154981548188,1.1129280331065063,0.35624943289243527,0.34370998008285775,1.330444082265932,-0.028926415362239864
-1.1385239377402843,-0.911268408581446,-1.0405004391059027,-0.5523327744157068,1.7952910425322177,1.865152588507826,-0.5659690823159045,-0.13419660037058498
0.22623057932889581,-0.11052991363812724,-0.1645194481656936,0.6598464232201066,-0.6436878683799692,-0.7024340292411929,-0.34104834184685257,0.12824984424855795
0.7135287196461053,0.8831294013469844,-1.0469652668393863,-0.7420966538201932,-0.21310243391499362,-0.25595440863166957,-1.4301471206609415,-0.18703581788723905
-0.7682197203875202,-0.7198168431225653,0.41191448836517597,1.4606748239747815,0.9055637834196992,0.9227058202153658,0.6590929187358042,0.16353431069179827
-0.8269182444871913,-0.9054348918710527,-1.411070453401415,-0.896303042560362,1.1861915481471839,1.2207172996735183,-0.9821767215584614,-0.20855642634600877
0.41234896220956035,0.3189658928682303,-0.830470887046712,-0.7393379131793646,-0.2112684767519404,-0.25393138940241444,-0.1205505227377823,-0.06187802451997669
0.7551500970628369,0.39366740617856044,-0.5418729162281599,-0.16171271140214394,-0.16793544925522025,-0.20847900405873965,-0.6224542218522094,0.06176341161170838
0.2821620337442912,0.007103900313445894,0.12438225682548483,-0.2589538669674819,-0.3740272054882285,-0.4243219478720907,0.4287524846751321,-0.1933928539902361
2.083498331056401,0.05133356927227657,-0.22885528432318386,0.8093107363635932,-0.5737781557955707,-0.6299228888954391,-0.7901706960133761,-0.0807158471004174
-0.34302898776235585,-0.07094287367668768,-0.33446826285757947,-0.3207098549458715,0.457922549562991,0.4505248537572295,0.3604153053077558,0.009274122687879825
-1.021158885202949,-0.35804777882067745,-0.9041732859490822,-0.9067475277076501,0.8919270649406772,0.9103444485887067,-0.6224542218522094,-0.16394053076075452
2.167843815551531,1.9204392668105952,-0.7177723811023909,-0.7476473954117887,-1.6609747431800408,-1.6150346623250718,-0.8240002669911672,-0.20091631873598487
2.011221796496144,1.4449955447681435,2.162339449248846,1.274567303287068,-2.0468259961387014,-1.814512968414851,2.128864955754098,-0.0023901637396376465
-0.013166180722645011,-0.2824118620553639,-0.23521947008509064,-0.6024159849322824,-0.22046155095590417,-0.2637324005072553,-0.607070546120001,-0.21730464116664688
-0.6225315606294355,0.10160170124599059,-1.5278711775337233,-1.0126910444121557,0.7555489534546068,0.7646955250216276,-1.128484089636553,-0.1496517798870456
0.008333014787085025,0.0830052384021574,-0.24539832653624263,-0.4824689266523631,-0.12240837896191135,-0.15962197374124176,-0.5195477347282678,0.03318590986429061
-1.1997750436969388,-0.45493187319343986,-0.8489009920449003,-0.9281223330478493,0.9514851935347033,0.9726656714261979,-0.6318759060731197,-0.08899749046395479
0.45148587449215627,-0.9102062069471966,-0.19762658644025843,-0.5693444300439015,-0.6071070476291732,-0.6632037883459448,-0.6287190015903296,-0.15140142285117322
-0.5126124044637523,-0.6516349223924774,-0.6708230442639216,-0.8625859354412149,0.018741356691670596,-0.011311766399078804,-0.7058570291633617,-0.16569017372488212
-0.9675645317045667,-1.0802174166596674,-0.2599167230370315,-0.57800991804043,0.7193511256694907,0.726040371416772,0.17950925966385461,-0.12428195690719511
-0.22368083955477464,-1.285617956851775,-0.5335179389043386,-0.5912153570416305,0.0889531564389283,0.06110690864864971,-0.11919351692739878,0.016564301705078215
1.7682110884114306,-0.8783991500451374,0.6892424876647241,1.59118156703964,-0.8791532675932655,-0.9393423234259558,0.03753796305768582,0.14049734499745123
-0.39300575896114565,-0.7111063064201631,-0.15101366569072233,-0.6838115550773954,-0.19486643316572747,-0.23595382152404606,-0.5774300101046254,-0.2181794626487107
0.9902799451943052,2.0903382195223434,1.8458918609268224,0.7894076791995736,-1.3565299987921668,-1.3834398001324846,2.0444530432247485,-0.04204873759319702
1.4724237042257975,-0.11117849394145295,-0.4965004206117017,-0.6662518252666756,-1.221662557152002,-1.2635671699892088,-1.1969964742898067,-0.05700818493648817
-0.16417897595327793,-0.03526801637720169,-0.8762906850666611,-0.7203290711643316,0.2903406768544257,0.274220419840573,0.02164188946731027,-0.04292355907526083
-1.1651792758418213,-0.20326668310657903,-1.6908544146665294,-1.1679204734765136,1.0811179838557199,1.1093546598445152,-1.0230794756740673,-0.10171156266994884
-1.1480874769897285,-0.8774102859981433,0.3289239302662427,1.1151888757318662,1.0461277358648673,1.0700905410902901,0.06313644566013636,0.14662109537189794
-1.0376007607680195,-0.8864888059720846,-0.994607985835468,-1.0376719671740693,0.48198047171065656,0.47571095900712923,-0.9935835851515914,-0.09949534824872051
-0.4263914297015757,0.06971458418042252,0.7464728603230767,0.32027352708101015,0.5189971961312055,0.5152656745252185,1.6224942928575976,-0.20505714041775355
1.6520890434318787,0.6211622682813189,0.04800809627747614,-0.4618944713539839,-1.7429608518911024,-1.6641191465776841,-0.5464208626350984,-0.21613821252389512
0.44134973553598356,0.038193845339746915,-0.8171089552247705,-0.57800991804043,-0.0666096349751376,-0.10216148502779931,-0.2850318318312774,-0.0061810568285808245
0.06469799782214469,0.4797209285335335,-1.0574199984382686,-0.6762312566297293,0.2641713210932533,0.24641308989880906,-0.39847209980101145,-0.023969093630544936
2.1971652527815007,1.483965013139912,-0.5154420140235936,-0.6940497217837477,-1.7429608518911024,-1.6657591850256335,-0.9491933148849384,-0.07616677539368559
0.7124584538002867,-0.12713719325519363,1.8417162951627795,1.105147198987538,-0.8390392436087902,-0.8980096065509742,2.444531742341471,0.02589573084709219
-0.6610742038288331,-1.130335110079688,-0.7005116762860505,-0.9067475277076501,0.16160076665017475,0.13728854772811347,-0.5688140091410778,-0.09716249096321702
-0.8892375385272805,-0.7409628847210759,-1.213686453711438,-0.9768353226334553,0.8996134961991173,0.9169022819618695,-0.5575137579871077,-0.1519846371725491
-1.0828492975001354,-0.8797012064362291,-0.7330785278078304,-0.8725294683282323,0.8422764643506468,0.8572515721869837,-0.7203378612508377,-0.1831866033661583
-1.0211596349509715,0.5110257185337391,-0.36799732935221985,0.9362819199661426,1.1393069947447316,1.1707604824952405,0.43528817897511934,0.12125127239204746
0.9838586992717716,0.3037944009993508,-0.05484422683377715,-0.5867854469185966,-1.2741137589937608,-1.3132270839403042,-0.4764381590535411,-0.21526339104183131
-0.24163277742533162,-0.6493731690104096,-0.8384498572547364,-0.7645722481794339,0.34754970630701787,0.3342550647086733,-0.6711034478006265,-0.12778124283545036
-0.33917288147526126,-0.14705033757942718,1.133656281411809,0.429427946730612,0.20487988933571818,0.18399764946847252,1.755674416934796,-0.20534874757844146
-1.0157957800857642,0.3133861971913775,2.2986175289519646,2.140626177683085,1.6555995785419706,1.7157886199077084,1.9495510756812544,-0.04467320203938845
-0.5694930126187302,-0.5524300047093466,-0.7775682379132888,-0.8210777242346008,0.34255489363478275,0.32810788775789,-0.6287190015903296,-0.170939102617265
0.3874169752642585,-0.1899325903063354,0.3441335597862762,0.8698314540689824,-0.8166056362981674,-0.8769087424789469,-0.29764576437989737,0.15012038130015318
-0.8503140716359082,-0.9530830226439615,-0.6184541429418198,-0.7070644870981482,0.6812363757628678,0.6862640731182873,-0.3815012777770143,-0.06771016773373542
0.9111871994682917,0.666570656892074,1.9431123700729385,1.4316651134359961,-0.7727537352443203,-0.833764170327989,2.201173005665299,0.0465998392559357
-1.0539839494283756,-2.0065256190721827,0.23579637324358713,-0.9768353226334553,-0.8027588935561024,-0.861510726426459,0.43960638186838913,0.01773073034782996
-1.1976256654958528,-1.2808065268029143,0.03877761374429928,0.9471612289883267,1.710669147752836,1.7763238685864182,-0.9821767215584614,0.104921271393523
0.8433548356099645,1.212080424618905,-0.575316786257171,-0.48818810643494326,-0.4283466956570434,-0.480855995674669,-0.03223083874615169,-0.21701303400595895
-0.7623018313120755,-1.2969004627687475,-0.6255823746021281,0.897698578095532,0.4001843994905699,0.39024471081820156,-0.6193460101997537,0.1434134166043306
-0.9354571447760204,-0.7779723175557582,-0.46274818135809226,0.8329145369521267,0.9232695003399215,0.9411505389213343,-0.27618034376963374,0.12154287955273536
-0.8482115494825531,0.057963075209795975,2.267514113904802,1.2934250375278642,0.39898179225108876,0.3872927302739172,1.4437182088354528,-0.03738302302219003
-0.899366587232895,0.7087752675184876,1.4756142853800223,1.333377140156413,1.1896823828318095,1.2240213801033404,0.578367071524281,0.005483229598936647
2.1482240393815495,0.9603150820457371,-0.5928884281088423,-0.6539768380165857,-1.6265140354219363,-1.589959994539001,-0.8196665865358523,-0.023065111432412338
-0.8590751051204676,0.25044315703471465,-0.5180367567932844,-0.5823837529750057,0.6481838096604093,0.651538168248004,-0.3815012777770143,0.06059698296895664
0.9133652455621611,0.7338287101900582,2.1505744510248666,1.0528319470052534,-1.758863127723768,-1.6740664173346484,2.0328051367392512,-0.004723021025141141
-0.7837410817453593,0.6153706279066116,-0.4229814641420677,0.8535448335185887,0.5744081297307135,0.5735998661048446,-0.48630851438388584,0.12620859412374236
-1.0188723616512554,-0.15526188190523768,1.882665030162117,1.2206949553792794,1.1108726033361411,1.1391370597156674,2.1263927766539505,-0.13419660037058498
-0.372931360286841,0.09161473156788834,-1.0675832527240903,-1.0167923241813837,-0.05175727229302639,-0.085810254012025,-0.7240129232352036,-0.1966005327578034
-1.0524925429569012,-0.8595072431258042,0.7695098111553614,0.27038447482602906,1.0173574224573754,1.0410629090884473,0.3701466355024129,-0.20243267597156214
-1.090866084263417,-1.1592339280880222,-0.8276370049782457,-0.1475365504541354,1.7604341876666827,1.8285669680883119,-0.2744254925093066,0.061180197290332514
-0.15793833215741956,-0.5947048579669274,0.14987591678092155,-0.5544364704475007,-0.7145445573576488,-0.7748928797633687,0.13578810494385946,-0.15256785149392496
-0.5198731762441776,0.5896282155055782,2.1016870444626456,1.564311778467924,0.5134489959265203,0.5088193956958963,2.353988781261211,0.01160697997338332
-1.2693794146603712,-1.598196715588126,-1.0283943629724825,-0.8928563341048439,1.4365805629689927,1.4835947732027341,-1.0291553643515383,-0.2070983905425691
0.28709200837294635,0.7062204832913752,2.086347523792092,1.7682062387551274,-0.035431165702533095,-0.06964486964399631,2.406060113167973,0.019771980472645518
1.5682950854229003,1.9489926064946617,2.2121284576479696,1.3851585062660179,-1.5142197608695338,-1.5099395134796583,2.059654792802431,-0.01930337905953798
-0.9084616060545158,-0.890312798691512,-0.7158700187476639,-0.8027298249234409,0.7639913496816857,0.7727502130981678,-0.46192836252399894,-0.21613821252389512
-0.8127182145084564,-1.21157580267804,-0.253747182706646,0.9984602142782768,0.7067572220325467,0.7133911469271424,0.40015945280686777,0.1317491301768132
-0.0928513623373714,-0.8168483900116157,-0.2866460743161984,-0.45456216264457205,0.16018292502708123,0.13697710506671681,-0.5950393861719555,-0.2047655332570656
-1.0633356795787323,-0.6024591323782261,1.580087481745853,1.152532965164653,0.6060401397372103,0.6063593111751832,1.082233318796417,0.11541912917828873
0.1615806570475969,0.36369518980756055,0.20973483010408078,-1.0167923241813837,-1.8869467133002669,-1.7459070049206638,-1.0867747365558071,-0.22255357005902973
-1.2710352770130469,-0.9494346003917199,-0.9449406328609363,-1.0167923241813837,0.7972777264360587,0.8069071330199575,-0.8240002669911672,-0.10357784849835164
1.9028981066973933,-0.24958207247485867,-0.21628706462169406,-0.6787487953439829,-2.008334984497086,-1.80023994769901,-1.2051113053205627,-0.22342839154109354
-0.6466865595541084,-0.24822260216513695,0.9381714906217614,0.45140002796451023,0.5712066349941217,0.5695170795957002,2.42608496169897,-0.20126624732881038
0.5169865912430626,-0.05451006786288858,1.481491379268616,1.4772462649499445,-0.2768789010790376,-0.32310930956659323,1.0050535155381741,0.11017020028590586
0.4122510693670487,-0.9229987840467312,-0.4818358409966254,-0.6443114551082808,-0.3256307356465249,-0.37298557747510663,-1.0111078798262416,-0.20768160486394496
0.4704940956788609,-0.1264952965378652,-0.38225877160075705,-0.8431180674293769,-1.2476509627004542,-1.2872867251291626,-0.5464208626350984,-0.11465892060449322
2.062909223083175,2.4765670620548024,-0.24840743990130862,-0.6588607001299094,-2.1133396308520376,-1.842147461189005,-0.883361847417592,-0.19689213991849133
-0.1643936141120299,-0.20189402631628747,-0.600103705909468,-0.7731926960859541,-0.0632959353745852,-0.09863172761071928,-0.9281635133004543,-0.12019945665756401
-0.7900552596977533,-1.1305175586371665,-0.5988625729774487,-0.8027298249234409,0.4602310579234868,0.4529899853480755,-1.1579799801590291,-0.22342839154109354
1.5225603839659132,0.7372786332859763,0.09353487466072516,-0.5076012822214526,-1.9282863802529977,-1.764591119848697,-0.35290256154933536,-0.01930337905953798
-0.3491096449346417,-0.04373066865559229,1.4110828596694327,1.4976603000179172,1.1349686086321549,1.1654405950203495,2.5425183783829763,0.011898587134071256
1.7659609822097042,0.9394102498172459,-0.18687250843456477,-0.5439814508742127,-1.6510449581679616,-1.6064927083462592,-0.7620472143315833,-0.21876267697008656
1.19417579394105,-0.19853592008002457,1.763800973912003,1.7090853925023417,-1.1084543966399634,-1.1594853564272007,0.4460263979692348,0.18044752601169853
-0.8036812733936647,-0.5388613001162373,-0.9931812152475638,-0.9032484639649535,0.7621195057236949,0.7714449467399793,-0.8552383657357993,-0.19280963966886022
0.06647964454135048,-0.6885365713577773,-0.2808515726608888,-0.49202735860281593,-0.1590684922924221,-0.1983742385875317,-0.48630851438388584,-0.006764271149956699
-0.3126134573688224,-0.7885275560533107,0.19977655017029652,0.2296058109162877,0.5945217170041992,0.5954163635710594,-1.0604859932616053,-0.020848897011184035
-0.8868176227699818,-0.28674343383002476,-1.1286309316685612,-0.9576910620322521,0.7871877316512447,0.7981632638797455,-0.6287190015903296,-0.22109553425559006
0.4674712561430373,-0.16794992012199753,0.06326049804342433,-0.6637793231201189,-1.4786414613789776,-1.4814818399284109,-0.389927140089933,-0.10299463417697576
-1.0289354984463246,-0.09340430881938326,-0.20874470623179128,0.948120040953141,0.8199516785102129,0.8347048510847637,0.579221553411681,0.14253859512226683
0.42584412069249883,0.24524452886650733,-0.008924181467164486,-0.5460598392461873,-0.7727537352443203,-0.8339513853853895,-0.29946943343911026,-0.10766034874798273
0.8786407498651958,0.1317572986287723,-0.11214415780913442,-0.4958880592180799,-0.8820614790881923,-0.9418161588524848,-0.8598356946186205,-0.11903302801481228
-1.227485193784704,-1.4282365266802626,-0.5716616780898693,-0.7703072488343214,1.0468974427818385,1.074266418152431,-0.22080181122011777,-0.16335731643937862
2.2883594659407143,2.2059959397782043,-0.6982352855364871,-0.5275756094811561,-1.4100017571145602,-1.428446344179528,-0.6677354957211072,-0.03592498721875034
-0.03245784364804689,-0.25737241639870784,-0.08583876945591706,-0.6207233764114971,-0.8475421591509754,-0.9071945359237595,-0.6577427750761677,0.05126555382694266
-0.027687002981773495,-0.8917294399352417,-0.5485288395382172,-0.8027298249234409,-0.33757923413952273,-0.3854356375130261,-1.0604859932616053,-0.19718374707917927
0.39656056829165154,-0.15147342054662688,-0.9741758288334117,-1.000531253630541,-0.699066727665733,-0.7587084468558795,-0.2940148475512481,-0.19922499720399484
2.0898811664435075,1.4521228122293275,-0.43761172767621676,-0.7731926960859541,-1.9832305832767985,-1.7910118290637902,-1.2387058273705522,-0.20531958686237267
1.9100378463173489,0.95981248843629,0.09863818499971534,-0.5523327744157068,-2.1133396308520376,-1.8395511909577547,-0.05010048951970575,-0.21147249795288814
-0.0225803618402677,-0.19641499010241242,-0.08212801625567925,-0.3498600335347626,-0.141495635388244,-0.18096766144776638,-0.5143135389604322,0.04222573184561665
-1.2205461295759228,-0.006522325235073241,0.8785096857945209,0.953132093960277,0.8145421836366361,0.8263370567370247,0.9109117371341626,0.1384560948726357
-0.7583915442221956,-0.3882676448424093,2.3361944597385396,1.8775276921839423,0.8181507553667464,0.831691703312445,1.4620330818494354,-0.06158641735928875
0.051299978107920294,0.088176418061731,-0.9130096497155252,-0.8658845747008412,-0.081615733872153,-0.11814296599204459,-0.7820010333799621,-0.011429985720963686
-1.0211764594243466,-0.06513144247708004,-1.4276134956144737,-1.041924679750473,1.1291638243241375,1.1594513213368796,-0.883361847417592,-0.1382791006202161
1.0617626411330003,3.558994573774269,0.9728253570417468,1.3961430317355832,-0.02895185684347612,-0.0620604873804585,1.4725471874638976,-0.22342839154109354
-0.5174330242733947,0.28662801769540414,-1.373709104899869,-1.004560790486361,0.31477151304031287,0.2999991644631532,-1.035292938232337,0.0489326965414392
-0.8564119823066609,-1.4720862131991925,-0.5009097932535225,-0.8560355203993538,0.14592771730926124,0.12199972974651027,-0.5631374807237611,-0.22167874857696593
-0.7582182826798733,0.3481322558219158,-0.25779932728227756,-0.6230462814987443,0.4346330054339647,0.42724659305363216,-0.232132319166201,-0.21322214091701575
-0.14061784563671081,0.41561271948416495,-1.3262175501693287,-0.7848564938559499,0.6070827452794931,0.6080107588480718,-0.9128577379400681,-0.062169631680664625
-0.2882244477355609,-0.7631155114091641,-0.41429740095461276,-0.6762312566297293,-0.32166968688712877,-0.36796140113797127,-0.644671004521272,0.04135091036355284
-1.0539909977516,0.3352533101402804,0.275686021464993,0.7821364474067866,0.44865157987705395,0.4427324434665729,0.8308550054692968,0.13903930919401158
0.6829339723682761,-0.4678982505562495,1.9044744109551455,1.6129388982318522,-0.47156130934557633,-0.5242609915271574,2.337653367667239,0.0547648397551979
-0.8059363854902557,1.4885669378059916,-0.4818358409966254,0.8101886491805169,0.6512199216476827,0.6536957601562486,-0.09657860463963376,0.12212609387411123
1.5177749049243585,0.6813164524688967,2.3329239112594853,2.0819444630291954,-1.0034497502850115,-1.0604315870939813,2.562801523783444,-0.05517105982415418
1.953845217788666,0.06215400391905565,0.635068429755501,0.0702992985643065,-1.7642028867772868,-1.6791386556240266,-0.260567101490655,0.0323110883822268
-1.1976892341771408,-1.0667125886567934,-0.672948158973192,-0.8367487724548038,0.9951993478646384,1.02042715380081,-0.731430756602847,-0.14848535124429385
0.3605944835698328,-0.3477693133449526,0.1569128467823872,-0.625377021019326,-1.34446549412692,-1.3733514171297732,-0.2453469619168968,-0.062169631680664625
1.4707608482576742,0.6759736587432859,-0.13974160567613855,-0.6838115550773954,-1.7695623862049046,-1.6808444419289985,-0.08366046708040334,-0.19485088979367576
1.6982082904269364,0.19616237222538963,0.637918675076337,1.3162958275993708,-1.3768633327244513,-1.3986795481649743,0.28890341912393486,0.14632948821120995
-0.7421317856381444,0.303869733804241,0.6719015984852493,0.22689042976931115,0.6018622032893495,0.6022388865788096,0.8559503626226106,0.04076769604217697
-0.35361862794103216,-1.0540153629340747,-0.12719797894897644,-0.39352067354092696,0.009327408391654657,-0.02194744353335122,-0.3049736824005037,0.04426698197043221
-0.7454481075257284,0.18456315168699694,2.1156206859370874,1.875089193304666,1.5043701177062907,1.5562246403738054,2.475550647081343,-0.12049106381825195
-0.24843013470577976,-0.5885976916634514,-0.9590730029258923,-0.8335860044043412,0.21310929427543884,0.1922024239388983,-0.878582804074089,-0.09278838355289798
0.2128822252075042,-0.12420488042563227,-0.22654690561559543,-0.5758333379331445,-0.3658480980724832,-0.41492864264797535,-0.4027903026942807,-0.21468017672045545
0.2364491101016612,-0.5043117105738765,-0.09642604146038855,-0.6443114551082808,-0.8589575169028132,-0.9191698450856469,0.070113968859233,-0.1129092776403656
2.3208304401910347,1.0652228205080616,0.010389973155509298,0.8329145369521267,-0.7890431531819911,-0.8494280836537429,-0.638239605198631,-0.22197035573765386
-0.3094222837180977,-0.7082912870730089,-0.6221899938286181,-0.8758760298938162,-0.32364885844920677,-0.37035361940148526,-0.8691365832200729,-0.05108855957452306
-1.2872455884714253,-1.6822207400408595,-0.8485702240199623,-1.0592021699767995,0.4393209414317498,0.4276426854950214,-0.5575137579871077,-0.1391539221022799
0.9297581943484092,0.4391141030483071,-0.3873364610387056,-0.5235342902867693,-0.7566453145844613,-0.817278910833225,-0.5861705840658135,0.017439123187142025
0.463231804746517,0.19102607863288448,1.6338742982223144,1.3650139701543083,-0.5229047625014179,-0.5777992855957297,2.199858171645593,0.10725412867902649
-1.240133119014883,-1.4360013383608476,-1.156924115763003,-1.0126910444121557,1.0908553794255904,1.1206306418964012,-0.674490268057444,-0.08549820453569958
0.38961420305057715,-1.414265943867739,0.09919435703316043,-0.13135706465196,-0.32166968688712877,-0.36968451895353827,-0.013734686038757824,0.049224303702127103
-0.8786336479365028,-1.4164409284147796,-0.8164982092918573,-0.7967205382507511,0.8280282617617031,0.8411259951401379,-0.878582804074089,-0.052546595377962746
0.48570650348965744,0.6455281878813413,2.1474974464596195,1.0006837155941037,-0.9814597282303384,-1.038411328366163,0.9687328824397168,-0.16423213792144245
2.178189958223756,2.140193504642883,-0.9974768962507125,-0.830437645369898,-1.4742549438295323,-1.4784465659751869,-1.0867747365558071,-0.16682744165156507
-0.8941269324438501,-0.7569594929081405,0.9386028001968717,0.28492041365800314,0.6542496885687081,0.6578796495658947,2.1344314139676137,-0.0627528460020405
1.0448401403550769,-0.17164917675167826,0.11644735576043236,-0.3577399776674986,-1.1118615496631004,-1.1625647971981066,-0.589112418750242,-0.19776696140055514
0.25610769850821113,0.805309929762786,1.5465456099893016,1.48069075668532,0.44515962408827414,0.43778633598420785,2.7526971029063563,-0.1607328519931872
0.35302071727797907,-0.2987152690221891,-0.19684876916484717,-0.5979139259296549,-0.5527500893171341,-0.6080280597973632,-0.5716723872069137,-0.20855642634600877
-0.8368605857277162,-0.41454200093324417,-1.4493041581983404,-1.0086139611245322,0.8712284202627949,0.8875857733226666,-0.5169249721126223,-0.1957257112757396
0.43496238359316025,-0.28061045009727664,-0.485551846439391,-0.6838115550773954,-0.43474733715360814,-0.48648272623313166,-0.5195477347282678,-0.21497178388114338
-0.8640471572464798,-0.2531184986023358,-1.588286295716078,-0.9885817291672555,1.2302517048329633,1.2673732929289863,-0.7699498867938558,-0.05983677439516116
0.7073508454028221,-0.11458780337980073,-0.029346885024188994,-0.6092245485063877,-1.167494004073501,-1.2160422415157008,0.3172150862810806,-0.22401160586246943
-0.8672658603264961,-0.7011350305887638,-0.5231308216312287,-0.59344100667162,0.8660072515555723,0.8827194128766565,0.17785296866977518,-0.016387307452658612
-0.10209118499138992,0.875693757986429,2.3074448278516684,1.6301146791912675,0.14878999453529226,0.1239694907384768,2.515331377845711,-0.04525641636076432
0.05147530766211521,-0.6734180400396057,-0.4427297147620865,-0.5607862573524375,-0.08329270681109091,-0.11822962877496287,0.2756468338742605,0.03930966023873728
-0.12352557432029433,-0.03638267091470194,-0.48970669598111505,-0.6300622160009718,0.015610161210826853,-0.015398111234785013,-0.6193460101997537,-0.21701303400595895
-0.9285236580626489,-0.353936105426639,2.4836751466752065,1.3088034004230775,0.3965735808267976,0.3873235976506422,1.9144310488387117,-0.1592748161897475
0.1935368498471391,0.0015763764518575954,-0.29924556614161757,-0.6324167791400264,-0.3577148764937122,-0.40661818136370975,-0.5716723872069137,-0.18464463916959797
-0.7118097295897224,-0.8573988246239801,0.5335000291464054,1.3801771556338478,0.7116139868564723,0.7195363295806775,-0.18048381855718812,0.1760734186013795
-0.7820577958459974,1.3473943238538368,-1.14218250521241,-0.5912153570416305,1.3666999059696485,1.4115034462598366,-0.19875863577974123,-0.01201320004233956
0.21512285452382196,0.14952984291637242,-0.5062098915360568,-0.367316070103067,0.3710428566025328,0.35860142025220376,-0.9333527797951323,-0.03624575509550707
0.09671205166265336,-0.16158010649274263,-0.5100189179414174,-0.49977044927641695,-0.03705552771455249,-0.06979759083935458,-0.2486962548864071,0.054473232594509965
-0.15408150903977916,-0.7577905452548319,-0.7220860898929731,-0.8691990348327748,-0.16615771396923487,-0.20567350878366075,-0.9179167284220257,-0.16977267397451323
0.18092940481710562,-0.14295018442466,-0.6765869864041318,-0.9102643984671812,-0.7301894172132756,-0.7902849254747154,-0.5221819255395427,-0.2070983905425691
2.242837556185693,2.0016224816403345,1.776598297958035,1.4961445716053348,-1.6461054544319058,-1.6036872130711803,2.096222700861542,0.07692698396748107
-0.9156801505302623,0.07532438935758867,2.351429993301457,1.5310168208451467,0.6930710777621641,0.6998221678400501,2.170306702940129,-0.06450248896616811
-1.0988834022284617,-0.5546030460040323,2.399636961590422,1.0530377738460248,0.13297707387193944,0.1084640232721535,1.7601705574345679,-0.08520659737501163
-1.2671895629536798,-0.9246049760915896,-1.1168152989719695,-0.9614777214396685,1.4406916455733596,1.4890410515418582,-0.5409498222669016,-0.20651517622119323
-0.07146218803213848,0.6158927235042244,1.9084705666788275,1.8116997432352868,0.40857483267371403,0.3991610991851498,2.337886207692722,0.008399301205816015
-0.3729725313808393,0.4503299708834331,1.498289568802097,0.7760180930299511,0.25223921304399566,0.2345242503992849,1.8566475030317884,-0.13798749345952815
0.36322607464441525,0.9342386850303831,2.5011523529728783,1.5559135898903598,-0.5366032229453276,-0.5911723609837908,2.5163199773969103,-0.161607673475251
2.118588281398914,0.5566739424924112,1.3554165830816427,1.2691695127589864,-1.8354711422429142,-1.7185419095493084,1.5353163146544035,0.11950162942791984
2.162867485407868,1.843596862665769,-0.1718121810629827,-0.535729847012589,-1.8638427511148878,-1.7319800740542133,-0.8738412438092906,-0.06724359627663475
-0.8247582002274484,0.24039480043677575,0.007060135066830393,0.8280868693150369,0.37594064147733763,0.36430614539041056,0.2287251921145861,0.13670645190850808
-0.15214852453937902,-0.41235338603156074,-0.10410514071801087,-0.5823837529750057,-0.2845698631169069,-0.33078248488541406,0.13043020427796773,-0.21876267697008656
-0.34377278615460144,-0.10486587516392767,-0.4547682155792427,-0.49782652784615006,0.44865157987705395,0.44070393662361285,0.7496060032342141,-0.21001446214944847
0.10686781588898572,-0.5342231593633104,-0.8944140580102208,-0.9691138611554174,-0.5388989367173078,-0.5936639012775906,-0.8416524943368463,-0.07995766848262877
-0.6799556944406915,-0.5410162206948262,-0.602955135818302,-0.5607862573524375,0.6673060000725518,0.6726664179445652,-0.3031333588037286,-0.010846771399587814
-1.1820810106755841,-1.6145912111555047,-0.4319749743164176,-0.6324167791400264,1.2152565806594458,1.2509741745724123,-0.03576276213989036,-0.12748963567476243
0.8737778953293136,0.5203026980506001,-0.21506526091347866,-0.5056352393227614,-0.8362159847923671,-0.89558238303184,0.06012124821429353,-0.16102445915387514
-0.21578190685507623,-0.37627932141596415,-0.8349194734168454,-0.9173522925272165,-0.10527173801295711,-0.1425306730460706,-0.4316364931706786,-0.20564035473912942
1.7376950377269889,0.40785962577135243,0.17984112718372772,-0.4259869864493252,-1.7803411938064249,-1.6877445996426381,-0.5688140091410778,-0.2199291056128383
-0.3366481974108614,-0.6832659618302211,-0.2627320246728135,1.483787222284856,0.12427859011206308,0.09766826774126464,-0.2726757204203661,0.25568217346918615
-0.4404755333464239,-0.6628089274856301,-0.4305781186072675,-0.7284117786583229,-0.05669117249728872,-0.09185707402611179,-0.29040560796715265,-0.15810838754699577
0.4434149595143434,0.8349904398089211,-0.24357455690061622,0.7548009296199448,-0.5048391960973199,-0.5595356616283591,-0.3856995296120267,0.11775198646379222
-0.6810600767212674,-0.8203607401880307,-0.6628491005123148,-0.824183633340422,0.3661284690353916,0.352616158058271,-0.6847660820508905,-0.22167874857696593
-0.13341540289384338,0.9249230232990534,-0.5644502246322154,0.7544840006472809,-0.05175727229302639,-0.08644788156428067,-0.08879464515460875,0.1247505583203027
-0.6405247457667558,-0.8248878275495853,-0.45452139054186713,-0.6863569119615435,0.3881131978261383,0.37738810457900024,-0.638239605198631,-0.22401160586246943
-0.5182500633358883,-0.8570905054109013,-0.05730300999430931,-0.4138475393175386,0.19660350371371024,0.17463284237678622,-0.48630851438388584,-0.07237588230474241
0.3732878670654196,0.004599216135514796,-0.16842048562714618,-0.5419092945606825,-0.5504323543005956,-0.6067843832760009,-0.48630851438388584,-0.22109553425559006
0.3787675770469918,0.08429958027143547,-0.453412560051861,-0.5255519956990554,-0.28843069880500793,-0.33447419160518144,-0.13290262669895053,-0.030384451165679546
2.4121407360014335,3.3368772732053533,0.24734353274441537,-0.14987914121525814,-2.0930631752352387,-1.8318663499503578,-0.216010141474194,0.052082053876868886
-0.337966729823889,-0.6299618991546158,-0.3628636151660799,-0.8997670278221604,-0.7863155080799682,-0.8449695098665214,-0.4137227133533671,-0.2111808907922002
-0.8311457536406249,0.215554979745414,-0.8955280386717177,-0.8758760298938162,0.6911053243164968,0.6976253012040903,-0.5039791704766798,-0.04496480920007639
0.8766292789361861,-0.1348993360147135,-0.08222522762175394,-0.4901050663681122,-1.0002878233084638,-1.0563934295462056,-0.16129027523427583,-0.036216594379438284
-1.10000342666682,-1.1839989061015344,1.5378785167016573,0.5227839944083221,0.4831161889203731,0.475343216728631,1.3134487022859063,-0.14790213692291798
0.13479365529858092,-0.003909335812338401,0.09897815985212798,-0.28413710899974237,-0.24651668257066822,-0.29018328571167007,0.4841774957235323,-0.21555499820251925
-0.8198801318553052,-0.2990794353879412,-0.8502268079712006,-0.9427485639340681,0.2981002472651515,0.2810842882191371,-0.987853249975778,-0.18260338904478243
0.5507482392550337,0.418212268419668,-0.18228829058904697,-0.4207582330348552,-0.46499642441857797,-0.5180555777032596,0.7610911244086673,-0.05604588130621799
-0.2320667011179123,-0.08033562408147668,-0.6173401622803227,-0.6966331401672462,0.18270365663997315,0.15992518057266503,-0.7166850052145975,-0.051380166735210994
-0.4103548631444123,-0.858478403791352,0.011044926152556119,-0.6992262524510623,-0.6862935794513008,-0.745700260283397,-0.14977476830637765,-0.12194909962169163
-0.8915541430519011,0.7485793220464388,-0.14539483432662503,1.023608477394418,0.7751719419404983,0.7863758425044179,0.05506225773233618,0.1407889521581392
2.2252031686531004,1.5655572172641639,-0.25614349193071073,-0.59344100667162,-1.9104248449440306,-1.7561743328565473,-0.8283652378289683,-0.2191709269950497
-1.109051305700132,-1.1475756430575408,0.3429606822430864,1.008410110228056,0.85814007126279,0.8743296681617624,0.473084600371523,0.1434134166043306
-1.0211549116879768,0.3805478361813783,-0.7526187247505539,0.5781326942815495,0.8816146827929591,0.8985263993055984,-1.0800946041151993,0.10842055732177824
2.3013348637299664,0.9230387107840301,-0.1465922385230272,-0.6395289888740595,-2.4402475729055086,-1.9230679388841838,-1.1655844305476601,-0.15443413732232775
-1.0479304582721796,-1.6644551981621696,-0.9643384990660124,-0.9209236886556585,0.9097990857134486,0.9274842820801208,-1.3318969787747683,-0.09074713342808241
-0.5820314167799694,-0.8076520477602829,1.3321080414257926,0.7570153720226818,0.3299920512079189,0.3161231918880156,0.7044821706319291,0.04310055332768046
-1.2514930567181446,-1.798698996947054,-0.7306095073866492,-0.6838115550773954,1.4651162921355614,1.5142068240643531,0.22490136004495337,-0.212055712274264
-0.33900008619789995,-0.7721595219325345,-0.019337262998646583,-0.6812755389734592,-0.6461597239558884,-0.7038979518980211,0.09724557856349811,-0.17472999570620815
0.056368258643893734,-0.01279852344621613,0.532132954996701,1.159977169422209,-0.1573015902527949,-0.19727171633437435,0.7034401494006229,0.15478609587116016
-0.4948366760430924,-0.7146319671628051,-0.3248095688424106,-0.7674337993190022,-0.18044101122028178,-0.2227094407007643,0.09913774234507096,-0.19455928263298783
-1.1997737356362066,0.19117413260278426,2.2031366082538706,1.6288635614851368,1.4056705634289925,1.4518106514874731,2.2263827386261847,-0.010846771399587814
2.057498843954245,1.707330791114834,2.4341351720991318,1.3073805800465068,-2.1477769494348933,-1.850043584073367,2.165712656639179,-0.10911838455142242
1.3489491903310713,-1.1051724460430201,-0.41608641937167884,-0.6762312566297293,-1.1533844723227835,-1.2011008772287939,-1.362906126244295,-0.20313253315721316
0.13971361591349732,-0.7726471909598488,0.009192877424801231,-0.6371501100610071,-1.2290403997622914,-1.2717029501767714,-0.0785695247031558,0.02881180245397156
0.9131361943784736,1.177143698902611,0.500187754776269,-0.12340719014497697,-1.0097943684816346,-1.065882901811966,0.4309389096069559,-0.03330052277255891
-0.03054156814695633,-0.586335161421708,0.0010666698831076858,-0.05569649516173407,0.30581850654634024,0.2909563487777857,-0.3142602833603674,-0.13740427913815226
0.1799987429046056,0.3425026378270753,-1.1484338892979253,-0.9032484639649535,-0.0649518384033415,-0.09934608125447256,-0.5091242724657541,-0.1712307097779529
1.2132041558535045,1.334812041399595,0.5086355812796011,0.11088869479391021,-1.0193636635820589,-1.0756135115208396,0.6602141787197141,-0.0706262393406148
-0.6837661335533163,0.7364903966766324,0.1182766661858304,-0.2714307806362443,0.40498487720148396,0.39534143343885525,0.6575946631122119,0.052723589630382345
-0.2894154500950612,-0.36675815056614197,-0.7814626764380902,-0.8118428837442976,0.031198945217412972,0.0011787744846608389,-0.7901706960133761,-0.012888021524403371
0.6497335717917531,0.03300889617044691,-0.12093684045249103,-0.5586631723867641,-1.2253467851679787,-1.2664530042359836,-0.2622821262853601,0.03697680295323379
-0.8351328555980831,-0.0015066737810788158,2.333210375519453,1.5364570823574393,0.6329071356996978,0.6356855685069516,1.4965163704142068,-0.061294810198600815
-0.06868168730024554,0.2522587463081319,-0.48769089173275526,-0.43479046362639706,0.26020485365574875,0.24174689669315533,-0.8327619541880672,0.05301519679107028
0.0932311551959967,-0.05263186686903276,-0.670187706696536,-0.7448664515672833,-0.15377423341761515,-0.19327950633989363,-0.14551238283725185,-0.22109553425559006
-0.20053353608765545,-0.2655570858005201,-0.9828709965978245,-0.896303042560362,0.15876369540413396,0.13431209568282224,-0.8026360002060688,-0.1560671374221802
-0.6063345071862848,-1.3138365968635093,-0.5771569504144637,-0.7848564938559499,0.17710618658186575,0.15503120479957735,-0.731430756602847,-0.20651517622119323
1.5846914731326462,2.484438197592747,-0.5455741754064514,-0.436564697239692,-1.2143220708668514,-1.2567286241158253,-0.5950393861719555,0.06438787605789982
0.19560865817045733,-0.43026147195892567,-0.40275156208975493,-0.3073196136033361,-0.033808621667403047,-0.0676903347805634,-0.6318759060731197,0.03989287456011316
-1.2389827696738824,-0.5455127380398173,1.4145432444051156,1.5926912642272366,1.6636677340108896,1.726132704352033,1.3147147673239041,0.11746037930310425
-1.0851556671262128,-0.6249180724289546,2.2089409276378342,1.3089455214750503,0.9670168424761917,0.9882803155693312,1.4954856014778934,-0.06945981069786304
0.05720966366312396,0.5389596038669787,2.3661730856087937,1.6510442772963407,-0.027336544203873277,-0.060069718625073334,1.628996474320417,-0.06858498921579924
-0.7091042150350729,0.42029358513881304,-0.9884617609538617,-0.9209236886556585,0.5976721918638707,0.5981270476210676,-0.8881789711891058,-0.1428281723269479
-1.2710423243722644,-0.03886242782959996,-1.5841005701891504,-0.9729638076742644,1.793912741419946,1.8623931681180137,-0.5980248037682963,-0.024319022223370488
-1.2166506852524812,0.5131678804936016,-0.3550921308182074,0.5569442330673607,0.7991047499217979,0.8115176881649352,0.3172150862810806,0.12445895115961474
-0.8010693802356329,0.9618219288298266,-1.2967501924273173,-0.6737228560071363,1.8053587423259285,1.8744858494340644,-0.7022903767255408,-0.04117391611113321
-0.051181707877549304,0.3583622628582699,-0.37068914514947676,-0.5275756094811561,0.026539885147350426,-0.0035458904852653755,-0.41815164037580255,-0.2135137480777037
-0.21081471007883174,-0.6573940000439153,-0.8827208473454572,-0.6046780609709871,0.5604836353385855,0.5592830033759744,-0.41815164037580255,-0.22080392709490212
1.8526582703432544,1.9296783273446299,-0.43069433699312154,-0.6300622160009718,-1.4698816586306525,-1.4764363335780533,-0.878582804074089,-0.13574211832223101
-0.1421354252653489,-0.35944585814614105,-1.0217105664075494,-0.8894267309725968,0.1037768330758709,0.07762127977065336,-0.3199014984896289,-0.0802492756433167
0.6076181223771603,-0.046636202124989874,-0.9508752740992344,-0.2048027602900901,0.17710618658186575,0.15463470456136777,-1.1969964742898067,-0.2048821761213408
2.143729189090136,1.1432342197407435,-0.5626675075121739,-0.3207098549458715,-1.160422073249924,-1.2084986937418871,-0.7984522753101707,-0.15784594110237662
-0.9369104669054228,-1.1754725244624984,-0.24554458820466155,0.5471718826466092,1.8409453333821477,1.911340111009744,-0.03576276213989036,-0.20913964066738464
-0.8890212990085716,-0.15157317859778685,-0.6830903804244802,-0.8826181673984916,0.43697886831484534,0.42987259852517623,-0.47156276299563665,-0.03271730845118304
-0.5714656861521918,-0.5867700182743412,-0.6961975591084071,-0.8027298249234409,0.47628850152465707,0.4697905020931631,-0.4316364931706786,-0.22430321302315737
0.7952122860379438,0.48170906722555423,1.9552555980222988,0.8266605249226509,-1.4058177918900137,-1.4249249548399103,2.7936620761306434,-0.07791641835781321
-0.4754744777097362,-0.5337600741580062,-1.000850191673156,-0.4491135382605439,0.7489484863728888,0.758443274167436,-0.49887748758732553,0.045433410613183955
-0.916446463204297,-0.9705122512479938,-0.38349633647573733,-0.6300622160009718,0.5572512082601913,0.5565447863980457,-0.44310829535721036,0.036101981471169976
-0.5071403843037491,-0.7866077762716395,0.4918929330914139,1.6310961137039863,0.9173915886629767,0.9365626777902416,1.019033282873511,0.1498287741394652
0.00018484896300864658,3.2064471769367806,-0.6695533773351825,0.7263394444896015,-0.18944006521827259,-0.22983462383763342,-0.43619912490109913,0.12183448671342333
0.3708601020391502,0.9867320470312021,-0.40754928961155457,-0.43479046362639706,-0.47156130934557633,-0.525179633842107,-0.45716813450658,0.06322144741514807
-0.2562461668770508,-0.06355584159836807,-0.34184532362893266,-0.47491624368604,0.04968688474633357,0.020361136844166034,-0.2571515792152039,0.053598411112446155
0.43712963544601324,0.19538397063840712,-0.19581402822703567,-0.4958880592180799,-0.5297378133791962,-0.584085989606241,-0.06602663008044064,-0.21380535523839164
-1.2071721053891835,-0.8309436730080044,-1.1313047418742597,-0.9539250384733454,1.19246901116515,1.2277848717848467,-0.44310829535721036,-0.0064726639892687616
0.3525395270130874,-0.18144241101344263,-0.385879099035199,-0.49395501288695914,-0.3137799098955776,-0.36011168601923915,-0.49887748758732553,0.05389001827313409
0.10737581856314009,-0.43476956900193076,-0.554821502116779,-0.5155218687873921,0.07698410645966572,0.04851211309701728,-0.30129862041613753,-0.005306235346517014
-1.1280631960842669,0.40863660551237047,0.8799661018931578,0.9753622291616325,0.6369966812720596,0.639043412366884,1.0803726037704287,0.13962252351538745
-0.9489362593907006,-1.1510212194785745,-0.33373798974224256,-0.20100221755192907,0.9604974703023935,0.9817653558376481,-0.11514068051051848,0.025312516525716318
1.6427182485633003,2.522662041772179,1.8121262936424882,1.45494647873511,-0.4892144095839165,-0.5421909632244983,1.4291376743950797,-0.15810838754699577
-0.7600243620369581,-0.512890725372979,-0.35164365678967,0.5923067782950449,0.28514446002253463,0.2683383539638967,-0.39418452271783694,0.12241770103479921
-0.5188967662219488,-0.53090029776903,0.41859425023750174,-0.010137126926098996,0.4346330054339647,0.4259233182162551,0.9022166605076855,-0.09074713342808241
-0.24785403560113434,0.19473949350626488,-1.350997677192307,-0.8758760298938162,0.38690053113555656,0.3752518503218062,-0.4595435632393891,0.050973946666254724
-1.1137790941345944,-0.24545422150818103,1.8694503167190741,1.2320648136350059,1.2919804587506052,1.3319419977221278,0.7444306193772146,-0.06858498921579924
0.6059866102975138,1.614615808487344,2.249466800025137,1.6928072553514706,-0.2807192819845396,-0.3258817987248539,2.335039414110766,-0.0402990946290694
-1.2601117949742262,-1.5970609617860614,-0.873817736881375,-0.9281223330478493,1.1826922875922457,1.2177296444402044,-0.713054088385948,-0.17735446015239956
0.26660328883472256,-0.4503274665011116,-0.06841771497072532,-0.548144497275837,-0.5832227686388493,-0.6402840155963176,-0.4137227133533671,-0.13740427913815226
-1.2839879857438312,-1.599820602290402,-0.14374715081617365,-1.07692272071696,-0.2807192819845396,-0.3271260274894532,-0.9765529988218078,-0.11941211732370657
-0.40773551328616964,-0.1947065812027202,-0.8616774027038887,-0.8367487724548038,0.2482399196276132,0.2296517585013644,-0.7022903767255408,-0.20855642634600877
-0.8023215432550433,-0.9731042346792178,0.7042004700089699,1.7360300955697534,1.597302824658144,1.6546571118178126,0.5476728737022474,0.15070359562152905
1.430559760033168,-0.20292340995261443,-0.5680396891503492,-0.8625859354412149,-1.631387125536466,-1.5926663548650977,-1.1810864551662834,-0.11658352786503359
-1.268756143801006,-0.7587574210954644,-1.1991196669364987,-1.085956360631474,0.9645755122151957,0.985498976535622,-0.9545670910208139,-0.21263892659563988
-0.27552315515638937,-0.9603498266449633,-0.49842353906144826,-0.6838115550773954,0.12863435586460648,0.10412398076814253,-0.8461472796124858,-0.15577553026149227
2.0066874214967116,1.0446818523930856,-0.568695796208325,-0.9102643984671812,-2.4148869913266346,-1.9166853179308325,-0.92301841131138,-0.015220878809906866
-0.4290959992621152,1.0359124922578695,-0.18291316665084412,-0.49202735860281593,0.1155276000961032,0.08992932480521393,-0.004694579873706494,0.04951591086281504
-0.33325374197810437,-0.44653366340379036,-0.01892212833122828,-0.2827137024969585,0.19660350371371024,0.17526433821090304,-0.03458316013697263,0.050099125184190914
0.7365188785837768,0.6941558206039483,-0.47411697736814745,1.107623790739776,0.8590163136249508,0.8744767447090052,-0.13290262669895053,-0.04700605932489194
2.4661671074470655,1.8012743497105574,-0.703490498187669,-0.6613156356166757,-1.85242739336305,-1.7261630245997437,-0.9709811083683508,-0.20768160486394496
1.3091075184704384,1.4221644406260303,-0.9568993535495509,-0.6069475658441686,-0.7700565382913337,-0.8289284294321305,-1.121329617560241,-0.051380166735210994
0.592234377982565,-0.29944368356125645,-0.25419539781845,-0.5736635916835955,-0.6143497418473671,-0.670955064079073,-0.4093259969942682,-0.2190542841307745
2.219681677656716,1.3113754261540806,-0.26387903589118583,-0.6092245485063877,-1.8986382520205183,-1.7499809624097835,-1.1072697784108716,-0.19455928263298783
-0.5073362426399701,0.03558862906212372,0.1078383979530246,-0.24400402193550721,0.41453840728639596,0.4042225086136,0.68365196158605,-0.003556592382389394
1.821560554684778,3.0510929711241093,0.6559427736022763,1.5876777083963276,-0.6047008347215046,-0.6624850861163142,0.6617059643864693,0.06176341161170838
0.15500457350633273,0.053796443816940126,2.0553181263827938,1.4923406418234437,-0.0666096349751376,-0.10249407393973951,1.3087410712401242,0.007524479723752205
2.320931957563646,1.260679554250093,-0.7770149739698385,-0.8560355203993538,-2.0146796026937093,-1.8025821470021908,-1.2651865204471857,-0.06044914943260583
0.38022226829239475,-0.5530262359117607,-0.2338674564114484,-0.6300622160009718,-0.7890431531819911,-0.8486489411829627,-0.3086712219679137,-0.061294810198600815
-0.26518465620551607,-0.6700265536137516,-0.29500145634424585,0.9845124934342065,0.4169169852507429,0.40670267195322884,-0.1426873971607847,0.11921002226723187
0.15584260688591486,0.24628558876531734,-1.0057191085725177,0.46212953035653076,-0.11724608409223819,-0.15501463531107657,-0.9333527797951323,0.09821430669770048
-0.9249792897828122,-0.13011747962613363,2.09458514766665,1.1753192722674428,0.7164545354070666,0.723902765485629,1.6515085644167156,-0.10153659837353608
0.41391544416160747,1.1749441271386316,-0.6481633745486193,-0.8118428837442976,-0.5667348563837336,-0.6225205860289975,-0.9385869755629679,-0.06625213193029574
-0.5216305572620563,-0.8276101594324782,-0.7144491648749194,-0.8725294683282323,0.07397633993668776,0.04590503426183332,-0.2850318318312774,-0.17531321002758402
-1.2855732285925814,-0.7280998321317211,-0.9875245198789361,-1.0126910444121557,1.0228444258218856,1.045193405053427,-0.5195477347282678,-0.12282392110375545
0.7030396619194942,0.4268241780617962,-0.921648619524324,-0.7284117786583229,-0.4497929882928929,-0.503086577891967,-0.36296179254526195,-0.03300891561187098
-0.5312922757151682,-0.2513493214091457,-0.7393186347855122,-0.5377835293940784,0.7527238607566626,0.7616474915505184,-0.6040402348393675,-0.11524213492586909
0.5383031649833611,1.2673049013078195,1.1927738614582237,0.09295915198683911,-1.2143220708668514,-1.2567286241158253,1.2317443614676882,-0.09657927664184116
-1.0447440105529235,0.07883042372841854,2.3976793147660604,1.672367195933091,1.1284365893231543,1.1577150860083414,2.2282833882456834,-0.09978695540940846
-1.2821021038781508,-0.7934110760568461,1.2874926817878605,1.557204648247641,1.7018798406046418,1.7657670762509552,1.356727581885809,0.1297078800519976
-0.5304526469166708,-1.1075692694457449,-0.3638457609558192,-0.7044418516438574,-0.10356916242789006,-0.13977012001802241,-0.8691365832200729,-0.005014628185829078
-0.922516530564527,-0.23516282980822323,-1.396484873532526,-1.0126910444121557,0.936615904786567,0.9571389906045015,-0.664386202751597,-0.053421416860026556
1.7806768153340484,1.2152324903113265,-0.21778546967786955,-0.5544364704475007,-1.6119922818412478,-1.5793218551258024,-0.2537552453683647,-0.22401160586246943
-0.8394136712579928,0.5917847150596734,-0.41218328897835416,0.7741719736432333,0.6153967060954825,0.6159802421798041,-0.3609365114729149,0.12183448671342333
2.375041470640589,1.771871108502222,1.733300100527593,1.205678338931037,-2.086366891071079,-1.8318663499503578,2.3158390802786046,0.03639358863185792
2.1664907074614734,2.097564437491184,-0.24811286867550275,-0.5336822496248506,-1.8298628453298635,-1.71478748347434,-0.8691365832200729,-0.06820589990690493
0.024010170593484377,0.40196128992296587,-1.6076841619211542,-0.9281223330478493,0.4121559204000543,0.402824493749729,-1.0800946041151993,-0.17330112061883726
0.5507128999339267,0.4130324718360661,-0.22059302872234463,-0.49395501288695914,-0.6862935794513008,-0.7462955940873788,-0.32559584986526563,0.0433921604883684
-1.0988849847412716,-1.1250530125062752,-0.9370248665640767,-0.9173522925272165,0.9759333773685984,0.9979552858019246,-0.9821767215584614,-0.19998317582178343
-0.33842381582147846,-0.1277924519553705,1.8126192300556228,0.997345775054687,0.14305977781005216,0.11922803933307903,1.8283888517944429,-0.14906856556566972
1.2647627422242356,1.5369130027529545,2.324895050579293,1.8845448876027464,-0.7890431531819911,-0.8492331493699278,2.172575400352213,-0.05371302402071449
0.17051518669633667,0.34519750255613674,-0.4966374798056827,-0.7044418516438574,-0.27113733736035317,-0.31515178085316314,-0.7166850052145975,-0.216721426845271
0.07863054304025378,-0.255953203409463,-1.0166441724093545,-1.0635898901947878,-0.6685981538165747,-0.7271223871072687,-0.8930347871322027,-0.21176410511357607
2.1109788434291104,0.21688023583610416,-0.38349633647573733,-0.6838115550773954,-1.970839542510722,-1.7842338044694401,-1.1655844305476601,-0.19893339004330687
-0.9970671468412137,-1.243472529247622,0.2749307953097237,-0.1737524516884379,0.8633895988238305,0.8791472063695723,0.5100940635657761,-0.07820802551850115
-1.0294381920262192,-1.3218923242217622,-0.4967745860101926,-0.7789999875105901,0.5583294849510747,0.5573920670293797,-0.5355278501861138,-0.1409035650664075
0.14622653843617572,-1.1792286376514545,0.038058669062492105,-0.6069475658441686,-1.2439096885104264,-1.2854558926748105,-0.216010141474194,0.03843483875667347
0.6552366424900739,-0.2527645087009855,-0.4053613633209649,-0.7789999875105901,-1.0982807201936606,-1.1499652451035791,-1.221675241040769,-0.17181392409932877
-0.1044818353197458,-0.5605404767984806,-0.10108711435451921,-0.37702672561204853,-0.32761532588671133,-0.3747879559387897,-0.2571515792152039,0.05768091136207727
-1.2198110334126475,-0.46203222232441704,2.3802685500804364,1.2893436544016232,0.85814007126279,0.8726537710092789,1.4796168468733233,-0.1426532080305351
-0.9313532306335742,1.0889145341271786,0.4078409746806549,0.004092551101265207,0.7442154004056489,0.7541831286469579,-0.4071395720624444,0.03901805307804935
0.07801159008999452,1.6683281565550434,-0.19439561883920684,-0.5671949302929337,-0.45195517056401635,-0.5051441687481282,-0.8110913245348657,0.03581037431048204
0.8835238163535485,0.046926252786817,-0.703490498187669,0.20407184928459135,0.17148702084916018,0.14865179510712156,-0.9491933148849384,-0.22022071277352623
-0.06745089117100904,-0.017598205781578176,-0.90799120547272,-0.8691990348327748,-0.038681711781932644,-0.07260832762856911,-0.580329516068976,-0.1887271394192291
0.8215136016802711,-0.9440044187033331,0.02295323533997806,-0.4767966900511752,-1.0225675166960668,-1.0784397117453592,-0.7465451897129602,-0.21847106980939862
-1.2220843346806354,-1.1589244259517688,-1.1991196669364987,-0.9576910620322521,1.2464350499320502,1.2857854990461686,-0.3609365114729149,-0.16743981668900976
0.6512224557206728,0.7252403943361034,1.960869355953903,0.8346103994296339,-1.2253467851679787,-1.2699449590605556,0.7306306043791275,-0.012596414363715435
1.6714835528114589,1.5544481764696314,-0.8512240637117222,-0.5275756094811561,-0.8000053448763563,-0.8589035788336138,-0.9821767215584614,-0.21158914081716332
2.1891495338286973,1.106611937043227,-0.8177206357348393,-0.7617224972842638,-1.6759981205656242,-1.6237715064961402,-0.9179167284220257,-0.01872016473816211
1.6120593176621472,-0.1459298803382971,-0.5483727852183243,-0.40191766157596404,-0.8937530178084437,-0.9528949915048195,-1.2651865204471857,-0.1809995496609988
-0.6498849458179673,1.822081519115469,0.28236102979992705,0.16129705132385963,0.907259389395517,0.9245678296204622,1.513320650527857,0.04514180345249602
-0.4471288850102998,0.49441102842670487,1.6703476665786121,1.3594885891606268,0.8063899056745664,0.818488798695045,2.194835558631677,-0.0825821329288202
-0.767361455879904,-0.7714282932909327,0.8293967506588299,0.2096732060928651,0.5561721289814473,0.5542911326721914,-0.12463991263548788,-0.20418231893568972
0.0481320425782076,-0.39549104778796595,-0.819868918792174,-0.9173522925272165,-0.47156130934557633,-0.525514232720786,-1.1579799801590291,-0.1795998352896967
-0.3667113221742402,0.20558888569034256,1.6148261343162493,1.086382387484108,-0.3577148764937122,-0.4065568360063841,1.8980781279750067,0.08771644891293476
-1.2673952875799719,-0.7042649296968245,1.9638419059699315,1.1606819768395307,1.0086928096594492,1.0313860495144254,1.1355474427046894,0.03960126739942522
-0.5534316286224572,-0.26163752382075833,2.2644991737295825,3.802739160358058,0.15592106126973632,0.13101105469932672,1.8865487209812413,6.519695592206751
-0.6732438819803436,-1.0901533874857223,0.0588104804920903,1.1200621408229274,0.6522305476517057,0.6556919670500843,-0.2049751001664119,0.1428302022829547
2.187914270543846,-0.5562667507167769,-0.5073347129193657,-0.535729847012589,-1.5599567698924333,-1.5442563455791136,-1.2742776065704995,-0.06251956027349018
-0.0005991069656671579,-0.4729542257382827,0.2025518212953333,-0.5419092945606825,-0.876250878347468,-0.9361500451776297,0.11314329153574162,-0.16306570927869068
-0.5791611144039644,-0.6625354726006422,-0.44392939494026645,-0.7532430827685969,0.13153094612703056,0.1065893741487912,-0.5861705840658135,-0.1289476714782021
-0.7777425854698949,-0.3933665810313441,-0.56624092788696,-0.6069475658441686,0.729922715360613,0.7375932021043979,-0.05010048951970575,-0.22022071277352623
1.9941795648342913,2.3225844414122365,2.4536103227187738,1.585966683446584,-1.7116702211589974,-1.6465276098295432,1.949904999341383,-0.1000785625700964
0.5570392742855801,1.825582511889043,2.410786461750043,1.6740449428430557,-0.48256928132275606,-0.5361205490983466,2.171012750914249,-0.08345695441088401
1.5247378569022245,1.374827195578958,0.6420292623950337,0.35390574216482124,-1.0814816568590047,-1.1361146428719084,0.6654194025652959,-0.15169303001186116
0.4992269071723006,0.4848944595847317,-0.830470887046712,-0.6863569119615435,-0.2749625188514614,-0.3201119436607239,-0.7659856376072806,-0.007639092632020509
-0.7951178921465422,-0.9163766850145355,-0.5621826886106205,-0.8367487724548038,0.20625470493809575,0.1859348434022074,-0.47156276299563665,-0.21059767647082434
0.2351983327211969,0.8834807068920039,-0.33246321328722733,-0.5336822496248506,-0.3781341287561874,-0.42754815391467027,-0.543679153470188,0.046308232095247766
-1.2710390363429147,0.22428171928261492,-1.446343158471573,-0.8527834503376818,1.55835614582166,1.6144551466060362,-0.36296179254526195,0.06292984025446013
0.13251481256369926,-0.3145222886042991,-0.18617836278872518,-0.6024159849322824,-0.4326106485662998,-0.48482363253323374,-0.12191058143220145,-0.19076838954404465
-1.170590425927606,-1.1179885944274492,0.35954295144785,1.2655474195779586,1.3228408973223496,1.3637497173321784,1.0424980271308866,0.1472043096932738
-0.26806344161134765,-0.5503023955119407,-0.20668199217562988,-0.7588844497111558,-0.6610800231698567,-0.7185762662299249,-0.46432260658289193,-0.21176410511357607
0.43569493143833093,3.394442872897599,0.33100407269844134,-0.1290763245857931,-0.5093345266574594,-0.5645993636264577,0.15675711454934033,-0.030384451165679546
-0.4930765563910791,-0.2373385945102658,1.4496779308541357,1.1140593789735622,0.04355039751412787,0.014032273140968447,1.187199320037494,0.1136694862141611
0.27636165825285786,-0.7148672840105724,-0.4655285052376234,-0.6539768380165857,-0.33958025991484686,-0.3868313507383302,-0.8153637510426445,-0.08170731144675639
0.24713275445061567,0.8063269938837666,1.4498442543013657,1.3282831129723236,0.21720654507815562,0.19630335999275747,1.6369899678926845,-0.007055878310644636
-0.886324803789662,0.29321311252492405,-1.0733431958333588,-0.9652852440895815,0.873831970098827,0.8892934264237964,-0.45009734238537275,-0.026885165237424305
-0.6419698164784424,-0.9091447006986819,-1.122679459915731,-1.0167923241813837,0.2307810163884382,0.2118547415524926,-0.6162536973976368,-0.04263195191457289
-1.0211591667958175,-0.1923178287646046,-1.4769890517554538,-1.0592021699767995,1.0908553794255904,1.118285631264015,-0.356906190981157,-0.005306235346517014
0.8277697204805561,0.18341947895426214,-0.008641012710971731,-0.5255519956990554,-0.997132777571252,-1.0553905086963538,-0.39847209980101145,-0.2143885695597675
1.2591775899674436,0.651233559529174,0.044872365680988076,-0.4259869864493252,-1.5142197608695338,-1.5077574654545984,-0.144098239889061,0.02210483775814901
-0.8615204485571316,-0.9009415052601895,-0.4202544509369218,-0.7044418516438574,0.5311290070451713,0.5286533494150606,-0.5248276445748946,-0.10182820553422402
0.311535141868128,-0.9718904500021929,0.37879217868851234,-0.7284117786583229,-1.7803411938064249,-1.6860078692632858,0.20857179809833448,-0.01667891461334655
0.4238976862728972,-0.3981989465819264,-0.9169133246390436,-0.7420966538201932,-0.267322222147962,-0.31192825000518704,-0.7942973047644263,-0.01755373609541036
-0.7454253188411791,0.1481483563058402,-1.5540312761676525,-0.8367487724548038,1.1400287985654982,1.1716273824155299,-1.0800946041151993,-0.21468017672045545
-1.193193004282551,-1.7846176242058147,-0.9491706526020294,-0.9102643984671812,1.1167509406106382,1.1477513822458056,-0.8110913245348657,-0.0458396306821402
-0.7637227841817116,-1.1563269377564491,-0.5925397729316324,-0.8087918253102078,0.41453840728639596,0.40439228960086493,-0.27794030377446016,-0.15227624433323703
0.5604834143677166,-0.12715029583446968,-0.0272654899989262,-0.6395289888740595,-1.1961318329277357,-1.2423178670418886,-0.43619912490109913,-0.20593196189981733
-1.20847727599892,0.012732845804212106,-0.5597673753084931,0.5156549706418231,0.9629456717466708,0.9829058877288759,-0.048892605332286974,0.10900377164315411
1.7192462040948482,0.9849182513365329,-0.2729405063144742,-0.6966331401672462,-1.7116702211589974,-1.644967736421092,-1.0414934626869097,-0.15358847655633273
-0.6449047916770388,-0.451127294233051,0.7737816336644165,0.41817425653103163,0.6772699083253632,0.6828624006679769,1.6076424868062529,-0.08578981169638751
0.882244667245733,-0.5955791910895936,-0.03195324573626673,-0.5758333379331445,-1.2476509627004542,-1.287898952905103,-0.7779572334551065,-0.09891213392734464
-0.25645133383089325,-0.7993006980159638,-0.3149434639685939,-0.691475925092492,-0.09339548598158608,-0.12960662170529177,-0.3773319796332483,-0.20243267597156214
-0.6312311888910697,-0.9882979952446445,0.19216604899309664,-0.6092245485063877,-0.4803609900442009,-0.5342324088702503,0.17535999262283117,-0.08841427614257892
-0.8943653156162905,-0.6144922989668568,-0.47502501992877183,-0.7907630564179646,0.4192916670987441,0.4116298085584918,-0.607070546120001,-0.07441713242955797
0.264819731923743,0.6924909984413868,1.9542407480071224,1.178072517394434,-0.6461597239558884,-0.705367492272858,2.0163889968116155,0.04251733900630459
-0.32174466597491375,0.09909647452335602,0.29090001899585066,-0.386875779913536,-0.22230718194236218,-0.26542592849575025,1.022324455804692,-0.21234731943495194
-0.4692452393559064,-0.8034709961471065,-0.22397447722178113,-0.7096971135687657,-0.32960263660785966,-0.3768258235893334,-0.3773319796332483,-0.03505016573668653
0.5672382495227642,0.06823432402746742,0.05572425239834768,-0.42949493110255643,-0.824977611117789,-0.8862390651747393,-0.13987555100006596,-0.221387141416278
0.16687591341029423,0.7409264430060536,0.08077516617594734,1.7096426697964628,0.9097990857134486,0.9276405341454371,-0.1426873971607847,0.07517734100335345
1.731698045000596,-0.2473228008572984,0.958402663387481,1.3549830769722775,-1.4184060875732998,-1.4328941106971813,0.6071703529343903,0.14428823808639443
-0.054211308939808495,-0.4926558807991303,-0.3181759427369515,-0.4824689266523631,0.1344217605326571,0.10908687251591391,-0.8026360002060688,-0.010846771399587814
-0.029759270129285535,0.34348310693431716,-0.6374926522939123,-0.8087918253102078,-0.218618266608333,-0.26183609097588184,-0.7779572334551065,-0.18668588929441354
-0.8152868194623238,-0.8917294399352417,-0.9161295339264953,-0.9209236886556585,0.6143600646898105,0.6147721215691606,-1.1357242460492978,-0.1712307097779529
-0.47517265814890036,1.6037375788600183,-0.9232395992776294,-0.8826181673984916,0.30838215521450274,0.29382370445178646,-0.6350493823088942,-0.03563338005806241
-1.0955702723386291,-0.15827098810050677,0.9090925225559072,1.1963754190423252,0.9888057633275615,1.0119767514274387,1.2048976110570306,0.14662109537189794
0.49975714162577345,0.11946125965469356,1.652274160000178,1.567349425612867,-0.30593283826598494,-0.35337941938793604,2.834345310823714,0.12795823708786996
0.3886463398249956,-0.07645769414148723,0.2250116517575011,-0.40530523508869326,-0.813825687327345,-0.8727416894764756,0.09344339096943423,-0.21380535523839164
-0.7625448384186101,-0.809846432704418,-0.8248230721862851,-0.9281223330478493,0.3661284690353916,0.35363707313203113,-1.0291553643515383,-0.13740427913815226
0.04101092676931807,0.4071529573196807,-0.6850622113442104,-0.5979139259296549,-0.13278844438509557,-0.17142202561982273,-0.5631374807237611,0.06234662593308426
0.013625042477304903,-0.32703522502750215,-0.18410312907623236,-0.5979139259296549,-0.49589013716215097,-0.5487146433232963,0.3767472014998038,-0.014346057327843055
1.5440735790844022,-0.20017983783154866,-0.2518850106287286,0.5582087597015855,-0.3455999624491218,-0.3947784552365977,-0.878582804074089,-0.21234731943495194
0.5824915845424872,-0.23786107247459798,-0.30361979393174243,-0.4711706322791571,-0.5229047625014179,-0.5787597786808585,-0.3105285070990528,0.0212300162760852
-0.06646772090323103,-0.7052004000606801,-0.357794997380145,-0.6395289888740595,-0.3256307356465249,-0.3734916395898026,-0.2176031485479598,0.008982515527191889
-1.0744019159482758,-0.3172675980036815,2.4033232095375374,1.2476126339961036,0.5022884870445454,0.49764528435932665,1.7935539941859147,-0.08462338305363576
-0.8394186912058715,0.5972420301341993,-0.3274941533809444,0.8982137205813928,0.6502085906376714,0.6541957882603278,-0.0952742981257323,0.12999948721268556
-0.675515277069026,0.42332891752165497,-1.053536370461358,-0.9464540077328848,0.4463245441542161,0.4383675849792527,-0.5143135389604322,-0.04263195191457289
-0.12760097298687106,-0.27030888110766316,-0.24914481907246094,-0.49782652784615006,-0.01447842936998449,-0.04752011457744853,-0.20967976075562964,-0.16510695940350625
-0.48762717629551783,0.21582011763116485,2.196128928526284,1.3643584985953674,0.2760060230925497,0.2593261344315829,1.3534149936814779,-0.08753945466051513
0.48247011223636205,2.84546907690812,-0.27521864177701133,-0.4104179361852916,-0.5229047625014179,-0.5770326218916441,-0.3180152385048,0.06088859012964457
0.7193961975606948,0.8774981363451446,-0.3953419244572942,-0.40023008170733204,-0.39884509447486427,-0.44879706769292527,-0.5355278501861138,-0.22371999870178147
0.6521443186673128,-0.7051536137222787,0.8062059001372515,0.3232381974913658,-0.631391416849841,-0.6897615462848005,0.6104227929766727,0.04601662493455983
-0.9515525350903402,0.1536727640502355,2.3935106671348616,2.694430567093757,1.8856372315025984,1.9586588274419274,2.693990174043163,-0.07966606132194083
2.343343990040635,-0.8148447434956779,0.14201998629516524,-0.1972224618424239,-1.7912007422920426,-1.6930025549057268,-1.128484089636553,-0.10474427714110338
-0.9661253257837247,0.8418525870367375,-1.1983257577672282,-0.9807286490595878,0.7908649509824329,0.8022299456346107,0.03544248146333148,-0.07762481119712528
0.14162739238991548,4.285727130786453,-0.29566422646139207,0.7190370713163374,-0.4072130423482038,-0.45815718478048767,0.18116102526706554,0.12679180844511823
2.160844168704279,2.6802089833862532,0.0033885326735170833,1.0865784617123442,-1.8753487078914919,-1.7378868501672706,-0.8196665865358523,0.15391127438909633
-1.2122931248855566,-1.0599438914279453,0.2949318065742706,1.1444670293292365,1.2984641142088023,1.3389518989276425,0.4700236022639145,0.14662109537189794
-0.34973933718022926,-0.3745232236319909,0.20665533351695906,-0.2189196852395763,0.055797506834426656,0.027121160593321907,0.481172290688243,0.05243198246969441
0.7466409498668574,-0.08097223607893403,0.009308882204912937,-0.45456216264457205,-0.8305859080308398,-0.8912082818810314,-0.46913973035440587,-0.14761052976223005
-0.4680966286359261,-0.31522105505074244,0.6900249583631489,1.0538604687203086,0.1854943080195896,0.16358273301373974,0.7834268100425678,0.13962252351538745
-0.4028331724406961,1.1212389175273565,-0.9616970810713505,-0.9281223330478493,0.20900043103168195,0.18771936438663214,-0.9385869755629679,-0.06187802451997669
0.7922426067488118,0.5599364199244513,-0.2809314793348838,-0.3593268064078502,-0.7808755656968273,-0.8401813955728998,-0.8552383657357993,0.06380466173652394
0.062451943955138485,-0.2609258930273756,-0.7206430084147432,-0.7731926960859541,-0.18044101122028178,-0.22092977917602913,-0.7351740864247526,-0.18347821052684624
0.5006277130571068,0.02997022622996758,1.908336888960539,1.4261700237756316,-0.48256928132275606,-0.5371543811564852,1.5227174570823527,0.05389001827313409
-0.9808819298657959,-1.3536139918083303,-0.48970669598111505,-0.7149926460926062,0.680245775830879,0.6841406827658214,-0.638239605198631,-0.026593558076736367
-1.2345204791167632,0.06127935637288329,-0.5589655031532735,0.9056404530822089,1.3536809594561814,1.3990202061679458,-1.10036060795476,0.12795823708786996
-0.5382669475902272,-0.06540890674619362,1.907533882500883,1.1053380214691542,0.3611973658321053,0.34896593072514087,2.014484163933022,-0.049630523771083374
0.42470825842454946,-0.22191219090547376,0.10095048061097477,-0.18972441057009218,-0.5832227686388493,-0.6407360054891971,-0.34104834184685257,0.057097697040701396
-0.4957447521174638,-0.6833582811707358,-0.6483636918343595,-0.8463248648903724,0.03274864386210003,0.001538181730456329,-0.4248564688206088,-0.1266148141926986
-0.515507900126721,-0.235726636670004,1.2565395651086082,0.6093318360382567,0.3808219354627655,0.3689568864879426,1.5461074005758437,-0.0006405207755100258
-0.20552868325248347,-0.752242170140148,0.9252534139795765,1.0904883087063113,-0.2039557603941756,-0.24594451925843347,0.7175279589316177,0.1410805593188271
-0.12927948699026104,0.039553998854010855,0.015142825081269348,0.7213689343577399,-0.5320226727080334,-0.5873176407868841,-0.1273816218003985,0.1320407373375011
0.39205738053884154,0.23229529170649915,1.716254127932257,1.2187546725526375,-0.4454782739649807,-0.4983800656518431,2.5730801325059804,0.05884734000482902
1.4882241867625141,1.0161438522569037,1.0020828953828391,0.41662536470717315,-1.217987668127068,-1.2607029203441913,1.3947920874327882,-0.19485088979367576
0.07786303699407479,2.1990664862139906,-0.8640761513915403,-0.8495466125101107,-0.15201376818117376,-0.19152623712824762,-0.4049610261564671,-0.178141799486257
-0.971151109056739,-0.9636387745002102,-1.0389004377622624,0.20617768213638096,2.0590745827539862,2.1435883809955434,-0.8691365832200729,-0.16364892360006655
-0.5395723346230492,-1.7203580024895113,-0.593586652103538,-0.7789999875105901,0.15449765129376797,0.13125209224766876,-0.9128577379400681,-0.008222306953396383
0.805158708165244,0.34171783544653256,0.01791467364975949,-0.4277387329203447,-0.9144428707145543,-0.9730893490335951,0.3442599845640321,-0.1583999947076837
-1.136360295921144,-1.4504575997118072,-0.3117369153904394,-0.5523327744157068,0.8181507553667464,0.8300195745052418,-0.08493992964197994,0.04689144641662364
0.9845473502468767,-0.7929665114128442,-0.2822121632828394,-0.5912153570416305,-1.0648750268902725,-1.1195761232536254,-1.1072697784108716,-0.005014628185829078
-0.769460301749125,-0.878138864189101,-1.31121239998618,-0.9691138611554174,0.8280282617617031,0.8423461396563912,-0.9654601034697985,-0.01113837856027575
-0.014682575359332881,0.16053956599496566,-0.6901459747027192,-0.7448664515672833,-0.003320374719805274,-0.03574125251563263,-1.0800946041151993,-0.08608141885707545
-1.2517584359737048,-0.6127236042327733,-1.6854525333340558,-0.9539250384733454,1.9281547345519974,2.003687602346034,-1.054088623143594,-0.17735446015239956
-0.28148214293027607,-0.013806195239006697,0.4067409810833319,-0.1022789014745394,0.1516466318025443,0.12837992805039553,0.8513406613512561,-0.1105764203548621
2.1598819082539062,1.9167288516063614,0.07251005064166745,1.7499822597025712,-1.9585535118270165,-1.7797808660137737,-0.9179167284220257,0.33747798204215246
-0.24354323397004332,-0.3475816693252668,1.7017089087568849,1.3665845699503172,0.0633997421052226,0.03471462158137443,0.982473151958444,0.08100948421711218
1.4568704434126891,2.812134113834343,-0.07195540814803807,0.8209255242677634,-1.4268594231512504,-1.4392090682747696,-0.39847209980101145,0.1317491301768132
0.5110610300267384,0.6324788284635757,-0.19478195888409622,-0.4786822672449465,-0.5320226727080334,-0.5868262402417375,-0.20030676936505354,-0.1289476714782021
-1.1262360323069271,-1.7107610101987036,-0.7919415804372635,-0.824183633340422,1.0841210775117756,1.1134026361857134,-0.9765529988218078,-0.2143885695597675
-1.2084744677422405,-0.8314493492125382,-1.3977890611015993,-0.9390628825961186,1.575023131270541,1.6310773233273845,-1.121329617560241,-0.1032862413376637
-0.33389260888363265,-0.22817531312629527,-0.27192347263945,-0.37377465555037637,0.4544528799114789,0.4476220738384387,0.41602473383855587,-0.17589642434895988
-1.320015566866495,0.11759484214453443,2.409937269852251,1.78489225392348,1.6930369216276675,1.7582749246258007,1.8691096477616547,-0.0802492756433167
0.05384621892350326,0.18720160501325828,-1.2507972818038253,-0.9427485639340681,-0.10356916242789006,-0.14102523797946964,-0.7351740864247526,0.0465998392559357
-0.4244799383204294,-0.04321114888723403,-0.3320997368945275,-0.5036747738582249,0.19660350371371024,0.17424267587101708,-0.4159331210615381,0.05855573284414108
0.4948912833078439,0.5298545891718435,-0.565263186342832,-0.5586631723867641,-0.23715743157532895,-0.28052861320569206,-0.3294221020979303,0.02793698097190775
-0.9171934023889063,0.3143819313677368,-0.2027196289665625,0.9165076491704865,0.7193511256694907,0.7265784819846653,0.32636514385590576,0.13087430869474934
-0.046989379878054474,-0.7414412593333956,-1.1889198382615929,-0.6395289888740595,0.6842041207993647,0.6895376676839452,-1.0669517857479418,-0.2195208555878752
-0.14061914255937227,0.4319369694855954,-0.8936731252024789,-0.4637397691467628,0.7270471912230527,0.7350807543646418,-0.5688140091410778,-0.0012237350968858994
-0.6149484032931453,-0.48692057660978666,-0.7602329194485535,-0.9137992584137022,-0.30007528304859793,-0.34802489349801263,-0.9545670910208139,0.036101981471169976
0.4736743249125543,0.0015763764518575954,-0.45550960646008065,-0.7203290711643316,-0.619198384975832,-0.6766248252084609,-0.7942973047644263,-0.16394053076075452
2.154604572804854,2.9618075501616064,1.3162261430425515,0.4359927216850502,-2.0930631752352387,-1.8344108669019448,1.5207418153414403,-0.10261554486808144
-0.6386389224953967,-0.9824032198084973,-0.719444407410755,1.3487061008188321,0.5797282932941017,0.5791716128241197,-0.9078407312655297,0.19036216947508838
2.1701349023938694,1.2663759296049868,-0.7748095441804754,-0.7338532525427129,-1.6810407098027773,-1.6252472246702596,-0.8930347871322027,-0.06712695341235955
-1.138918389776336,-0.33442581024341295,-1.1078609023148955,-1.1527316507944416,-0.07994069851069842,-0.11736388222924829,-1.0111078798262416,0.02297965924021282
0.22140608152633895,0.7432644017129538,0.5595227864759976,0.1545329162825276,-0.1397500085138077,-0.17937140403143176,0.5614586280042251,0.043683767649056335
-0.8902201130641202,1.0344409761096023,0.6734094027063001,1.3567092431048855,1.6851310100429535,1.7482550487280097,0.8567602031116857,0.03318590986429061
1.1951038790685788,0.9618219288298266,-0.17029447426849684,-0.3282625379121944,-0.8704634736794175,-0.9315317604185256,-0.23870353424146787,-0.21147249795288814
0.36356954240418765,-0.06923518448598562,-0.42988151697527555,-0.6762312566297293,-0.8447023091849932,-0.904033387376833,-0.2470192889437207,0.050099125184190914
0.05541952582090078,-0.6184789302963608,-0.06574985321903833,-0.59344100667162,-0.8027588935561024,-0.8637307233235617,-0.5950393861719555,-0.007347485471332572
0.6684438347060823,0.19449774852515356,-0.2399517920700363,-0.5135331951480189,-0.6585826186865259,-0.7173313543405097,-0.214421321020428,-0.060419988716537004
1.9263158491755592,1.3328164094717474,-0.5324669967225246,-0.6613156356166757,-1.4568404047760908,-1.463620905777471,-1.2651865204471857,-0.11080970608341245
1.952280087171882,3.406900614284042,-0.33878577176423047,1.2326998365262614,-1.285604516196614,-1.3198298059944973,-0.37525806392972644,0.13933091635469955
2.203127200532349,0.8138613736448284,-0.17862127350426718,2.3867315371898807,0.6236632598922363,0.6253612310364136,-0.6882305375761715,-0.2205123199342142
-1.2836813344537275,-1.0525655937554859,-0.658304282057167,1.0810672444773484,1.6576208307955766,1.7212533461589192,-0.1956742115649595,0.13291555881956493
2.1287106420077873,1.3473943238538368,-0.250845971073297,-0.4419148938683532,-1.7013883132096463,-1.6372622774153438,-0.7351740864247526,-0.11080970608341245
0.44800454011988994,-0.00895679933194014,-0.4311595487248031,-0.0445254954994639,0.13297707387193944,0.1078561685535987,-0.0760400405330341,-0.2070983905425691
-1.2764914598439412,-1.690446687542723,0.011314301079458043,1.7957263026272277,2.021457101004571,2.1022484050860717,0.7975741592647113,0.13903930919401158
-0.7558029280981023,-1.1277222675394438,0.9643357515262649,1.1503912373777285,0.5056456701983446,0.5005212074221078,-0.09137817829457837,0.14049734499745123
-0.45005957798080737,0.049572079977150116,-0.8596327274768357,-0.9652852440895815,-0.05011636329604393,-0.08453817513783232,-0.49381849710536796,-0.11582534924724497
-0.6030230588432242,-1.2108087361636815,0.07896040379032573,1.1797877419353833,1.2815459165815242,1.3214871844519276,0.6698456273506332,0.0938401992873814
2.076117088824809,1.3402542699300874,-0.9710194312179127,-1.0167923241813837,-2.0664616409214362,-1.8218540569685517,-0.8598356946186205,-0.21896680198256813
0.23445479527902074,-0.2115271165274501,-0.2602201258108608,-0.5912153570416305,-0.4981222283560628,-0.5531863007677256,-0.5603190801193723,-0.039715880307693525
-0.33673457949652175,-0.23236420864018945,-0.8630463531354363,-0.9464540077328848,-0.03705552771455249,-0.07094494531479219,-0.664386202751597,-0.12194909962169163
-1.117748096666042,-1.4266296110927634,-1.321872582006069,-0.5889968523665655,1.6515486001630524,1.7121401607188331,-0.8691365832200729,-0.19601731843642753
-1.1388996526675002,-0.09922155340837802,-1.1533645807965591,-1.0376719671740693,0.8798887981319119,0.8973752122453827,-0.6847660820508905,-0.016095700291970678
-1.1643719003014157,-1.3644678193067674,-0.9979570562307646,-0.9614777214396685,1.0453576200730201,1.07143757499598,-0.28147566960827214,-0.0627528460020405
-0.8394206551761654,-0.1082619234278377,-0.7111533488574078,-0.8027298249234409,0.6441257441862075,0.647651755778939,-0.6479125449132416,-0.07704159687574941
-0.9171944627481633,0.4633041869039264,2.3576445028907083,1.962630486244723,1.147227139789554,1.178403852926672,2.7910715064370306,-0.06537731044823193
-0.5942225026784629,-0.47510444909130756,1.1070913308638113,1.5400263703698855,0.68222629928652,0.6886323104349209,-0.27618034376963374,0.13291555881956493
-0.6798035162122019,1.6031517457868312,0.12554023311422124,1.1689100638576055,0.70383533402152,0.7111682970767134,0.8578383056438434,0.13466520178369254
0.07782975691850468,3.4543575352243505,-0.3460555418573983,2.1734856309941213,0.26680961653304525,0.24897982987154038,0.46848727148870173,0.34675108975202873
-1.2990575438905736,-1.633473787120104,-0.5741501679818243,-0.8691990348327748,0.8781608563968858,0.8962082952872368,-0.4049610261564671,-0.14032035074503163
0.16426932229563096,0.31083292765373194,1.3612637006410788,0.8329145369521267,-0.04193956246540366,-0.0761380683477258,2.263199399882359,-0.22401160586246943
0.755599751381304,0.4209945509556362,-0.14876812974906864,-0.5195164672669675,-0.7835929853191795,-0.8428553602985808,-0.24035755944476456,-0.03359212993324685
-0.4888889449437067,-0.21601915127624818,-0.7266905236892579,-0.6863569119615435,0.41453840728639596,0.40480535491756725,-0.6350493823088942,0.050099125184190914
0.23816452853561657,0.4963076579837081,0.06501327284245556,-0.2985347883638312,-0.33159267527869235,-0.3790458204864362,0.19983887647076934,0.006358051081000457
-1.2710751715442228,-0.639953047614772,-1.5779030330943988,-1.1281360436894476,1.2021802442322707,1.2385986017079245,-0.9078407312655297,-0.04758927364626782
0.3914203068608634,-0.9092879634734418,1.022974600587129,1.024037842809151,-0.05504467266777008,-0.08983978195671108,1.271331835988051,0.06322144741514807
-0.7166839022107464,1.997695968176299,-1.6827787231283569,-0.9281223330478493,1.3285548029001029,1.3696398337010267,-0.5248276445748946,0.00781608688444014
0.7274018719443164,0.019928644907172458,0.11523303566616923,-0.4473068349758397,-1.0681811695866597,-1.1235445358884857,-0.15839076926992518,-0.06537731044823193
1.0829251280697982,-0.8063567602869061,-0.39672748263943886,-0.6662518252666756,-1.0681811695866597,-1.1231458389318207,-1.2474044786636684,-0.13615036834719413
0.8312389740115358,-0.2155693873785344,1.5702105679054046,1.6617026835948667,-0.5527500893171341,-0.608651415972365,0.6702130207588958,0.15332806006772043
0.9468341313925337,0.5999010562591739,1.3119693772484338,1.6489622362152034,-0.3118141564499104,-0.35935175983194856,0.7418262175692375,0.1247505583203027
-0.7618035389907778,-0.20562693633500734,1.9256324146007175,1.5430711554956453,0.8996134961991173,0.9179075232770714,1.7633703381345494,0.048057875059375386
0.5089332991563111,0.42610244161932825,-0.38236175579180176,-0.47491624368604,-0.4219741889391759,-0.4731149329376899,0.22948706472290603,0.02852019529328362
0.5404788244054928,-0.6140499443776458,-0.04533486628406089,-0.3297830305229025,-0.5251788695466403,-0.5806880223937765,-0.05252352216093652,0.056222875558637586
0.2716618091873796,0.2051566212106557,2.0353205991525307,0.9435537893743255,-0.7197407741895399,-0.7786022425296253,2.392516306814425,-0.07966606132194083
-0.8745650016833305,-0.5257402452747383,0.91163698657037,1.1189405875130014,0.6349533504981946,0.6386232868271154,1.033503130641275,0.14691270253258584
-0.2364163695546971,0.06361070219032706,-0.549936076750631,1.3412875658899648,0.8307104881402441,0.844138669315539,-0.2850318318312774,0.12533377264167858
0.34411447471025514,-0.4342152674724994,-0.9099139274834095,-0.452741177104,0.3941613623932987,0.38304020488363394,-0.8153637510426445,-0.007930699792708445
-0.19878817154252157,-0.3143825714438688,0.3237989641562912,-0.1475365504541354,-0.024111308292881804,-0.05769437692261357,1.2625721324890964,-0.21642981968458305
-0.3172748620698573,0.18052289442986222,-0.5043887807081923,-0.5460598392461873,0.32746636599757206,0.3122657017759318,-0.2470192889437207,-0.15577553026149227
-1.0445943434772293,1.0708653807234723,-0.017141945717432047,0.6735241703773479,0.438150377828341,0.42934053853023935,0.32571614128719817,0.13233234449818906
0.7460699112694757,-0.42808309955148716,1.8504764968822085,0.9854208913471723,-1.3565299987921668,-1.381870337311563,1.8001057023740499,0.05651448271932552
-1.0881369033381245,-0.8761620559621377,-0.47282334149692895,-0.7848564938559499,0.6920885342179056,0.6993373408594779,-0.10977881977745386,-0.10153659837353608
0.11200609196888732,0.5824437700099157,-0.5114389305726804,-0.4491135382605439,0.14305977781005216,0.11792040940594259,-0.05252352216093652,-0.2205123199342142
0.24866068002643968,-0.13859974147362142,1.6000042254270122,0.8010626498931949,-0.34761209732321574,-0.3952546112100176,2.140528162180301,-0.05517105982415418
-0.6932177891248368,-0.5008845243750335,-0.6846231853414525,-0.7907630564179646,0.5234205189953692,0.520031521008947,-0.8153637510426445,-0.09103874058877036
-1.02093668803129,-1.4509021778994926,-0.8668353211753698,-0.9464540077328848,0.6070827452794931,0.6073423459796109,-0.8881789711891058,-0.18027053175927893
-1.2869226022219427,-1.32182388692148,-1.446343158471573,-1.132985632803891,1.1123444237103337,1.139330946396967,-1.6933168474051994,-0.18522785349097387
-0.9119713585470458,1.7142163007908975,-0.9917595191360128,-0.8118428837442976,0.9702655675198483,0.9914576649094502,-0.7739403028311149,0.04686228570055482
-0.8059464961989742,0.8094552548011921,-0.5382056140346468,-0.8928563341048439,0.04355039751412787,0.014359387264567458,-0.2337684387972816,-0.2070983905425691
0.9346541190964244,0.5246912863704485,0.5130128486674027,-0.08071510476516763,-1.0257784658360565,-1.0830772431291102,0.6397062606261705,-0.170939102617265
-0.08323914058524921,-1.1609062612534673,-0.38494502144075665,-0.691475925092492,-0.6711128863535497,-0.7299664283433357,-0.5117133378134948,0.0515571609876306
0.6826646792658172,0.12080273920252267,-0.1849193597469092,-0.535729847012589,-0.978345349064724,-1.0352306755942011,-0.18651425095171775,0.013356622937510908
-0.24761413672697394,-1.0769189106814316,-1.0513339784694542,2.3454631258798333,3.048372067610325,3.1880180972648335,-1.2133365455991265,0.00023430070655378467
-0.7773779224888419,-1.471936058016727,-0.996518303140653,-0.48818810643494326,1.3411723146075742,1.3840991575190573,-0.5603190801193723,-0.08345695441088401
-0.39336082661879834,-1.1454872525480804,-0.11556407387138169,-0.6395289888740595,-0.16260876986142764,-0.20292445779673934,-0.3609365114729149,-0.21847106980939862
0.07354778283960524,0.4851190216980603,-0.2522567516908865,-0.2466982304660887,0.0014354839270617331,-0.03136412245439803,-0.30681962531468954,0.061180197290332514
-1.1539252909797901,-0.8364640709720814,-0.9595091547807605,-0.6069475658441686,1.6576208307955766,1.7170327861457693,-0.4093259969942682,-0.08112409712538052
0.373740006354453,-0.091672811665015,0.29379485448662906,-0.3498600335347626,-0.8221815775721013,-0.8815454885200438,0.23024797839754482,-0.14848535124429385
0.05424410006157394,0.4695508090323432,-0.14075330425273344,-0.5235342902867693,-0.24839580524990834,-0.2927265955780287,-0.38359675937136867,-0.22342839154109354
-1.0211540583008463,0.23453494821631957,-1.0568628789957109,-0.8527834503376818,1.0015648594922693,1.025390648900703,-0.7022903767255408,-0.03942427314700559
0.0595676907204255,-0.5832510267484995,0.08569175773735646,-0.5758333379331445,-0.8675784121420801,-0.9264913139511973,0.04584800228456266,-0.1409035650664075
-0.6006988186628953,0.10728104413360814,-1.2253949558009893,-1.068005647153871,0.23617541496236782,0.21688523512267618,-1.10036060795476,-0.12399034974650719
-0.27659542197025316,2.4313627200188734,-0.03730438996636249,1.7049314893625913,0.9148651698811832,0.9338981647714006,0.6572195183066961,0.13903930919401158
0.4641646719523527,0.4413164306310948,1.3513438856438027,1.4577020109965253,0.007752456640822514,-0.024562667020342502,2.382198805901378,0.06963680495028268
-0.08389051591297761,-0.8842405305630059,-0.8535607149977579,-0.6419160849013971,0.30067756873339363,0.2853981613514327,-0.5464208626350984,0.017147516026454087
-0.9335277028837545,-0.47591659573322825,-0.9931812152475638,-0.8087918253102078,0.9735070287787012,0.9961417489639312,-0.6544482392132294,-0.1032862413376637
-0.7886293289755183,-0.7205723899745481,0.587510635824477,1.7615207256278818,1.704815534373361,1.7680397200061786,0.943091351251387,0.1542028815497843
-0.6556569420977922,1.3070529957724322,-0.36345261301625514,0.23768851841027896,0.5056456701983446,0.501496069084966,0.26425340672312614,0.08450877014536742
0.9683115285985198,-0.26234946707553114,-0.4739874252246285,-0.7674337993190022,-1.181742206662446,-1.2289547389616944,-1.1072697784108716,-0.19543410411505163
-1.1438737241557204,-0.6493731690104096,-1.1737190281942984,-0.6712235273776747,1.619245298901885,1.6793275201746491,-0.5659690823159045,-0.04292355907526083
-0.8269171399941567,-0.7743063636163627,-0.7985967194024353,-0.824183633340422,0.646156196820719,0.6489204378073241,-0.7860720644858628,0.0031503723134331525
2.164625991772934,2.8959984987380696,-0.5363845032067823,-0.5544364704475007,-1.6911788136633752,-1.634222988507362,-0.6677354957211072,0.056222875558637586
-1.271041686323292,-0.24196961371913123,-0.8235787657019058,-0.8894267309725968,1.161517476729361,1.1928636217002413,0.17452671084419086,-0.2231367843804056
0.7231292834186339,0.5428105559226722,1.8807679407611693,1.0670937895177728,-0.7460049516343625,-0.8045833263405,2.0824924082916993,-0.1855194606516618
0.39870515701546877,2.165800749155284,-0.23786553503084684,-0.386875779913536,-0.33159267527869235,-0.37984589203428426,-0.2420161224457991,0.03989287456011316
-0.8754776669416102,-0.7046250218954297,1.693189615163924,1.4622702881694247,0.9224312563477572,0.9415790939632357,1.8932887588988134,0.08800805607362266
0.23084655033680523,0.4963076579837081,-0.38040957877946113,-0.4277387329203447,-0.35568868057470593,-0.40386732307424295,-0.5382327577620989,0.05797251852276521
-1.2594122374649952,-1.8449960392912397,-0.9007680611747149,-0.6347793920832451,1.705792779401306,1.7680023933123148,-0.3332727255281911,-0.14177838654847133
-0.7220745928908525,-1.0189490874994445,-0.2520336655710628,-0.7789999875105901,-0.2730486665021472,-0.3185001439539133,0.37375587508650837,-0.015220878809906866
2.1557498950712835,1.2908770945312902,0.37313745108383245,1.554620115037731,-0.45846113336330796,-0.511464780839906,-0.8691365832200729,-0.03359212993324685
-1.1055108858178748,-1.5397762521189384,-0.12190199134872785,0.428412423237384,1.8687114368470843,1.9410369575778919,0.7372413409426832,0.0603053758082687
0.3130900775008998,0.41270378193855994,2.4430493986040682,1.5139062800314071,-0.5667348563837336,-0.6218742594750913,2.250636956485683,-0.1032862413376637
-1.2228331516835862,0.42659139495369475,-0.7196838402632741,-0.8210777242346008,1.0430448150984932,1.0685173322698407,-0.6350493823088942,-0.12221154606631077
-0.023656794220950017,2.766219960135718,-0.765032974749016,1.1366706104575128,0.435806411361285,0.42733001498888984,-0.3199014984896289,0.1113366289286576
0.6783745890349352,1.7300272853424992,0.8516588802821861,0.09047777189611725,-1.0915377176000287,-1.1436073504386812,0.8908503083259658,0.01248180145544713
-1.0879489235025464,-1.1257805554754194,1.459885941858682,0.5854585255650765,-0.30593283826598494,-0.35188747997699044,0.26712195699100016,0.10958698596452998
-0.015329213862312669,-1.0944898522630948,-0.4854185354041954,-0.6001612892526592,-0.11552939597683387,-0.15235239956615582,0.25629398093976435,0.0046084081168728365
-0.1327345439748462,-0.10835905797083627,0.40649771689351893,-0.23998230187818062,-0.267322222147962,-0.3129356938982143,0.8180493666134765,-0.2103060693101364
0.4270094498679203,-0.7989040855913863,-1.0624693262336509,-0.9965250765398892,-0.9055396107319573,-0.9643039119757073,-0.8691365832200729,0.029103409614659497
-0.22912541141529535,-0.8523190393602784,-0.31940589181603135,-0.6687332053573974,-0.13800648101074434,-0.17771427500744866,-0.260567101490655,-0.21497178388114338
-0.1333952623679532,0.5850427064409365,-0.4864862706242287,-0.6588607001299094,-0.11724608409223819,-0.1554919882531193,-0.607070546120001,0.04076769604217697
-1.187395281042704,0.18312193775942856,1.9970431103606872,1.4298780330173373,1.4811737357367316,1.5325791182665234,0.7089769559075689,-0.0347585585759986
-0.6612154052995893,-0.9885208597541967,-0.4764561246269742,-0.7420966538201932,0.18827959791390703,0.16628597426434472,-0.32369176692211693,-0.09191356207083416
1.1453901600896244,-0.24182897876204612,0.02096795682052429,0.5548315331253789,-0.3863830440071747,-0.43633085694509094,-0.1819857965588245,0.06409626889721187
-0.7611471786738437,-1.00380421046811,0.17728416310432057,0.8971830513183371,0.31604601241387753,0.3016916819901303,0.19016593675615873,0.14399663092570647
-0.42493681941812594,-0.27234963547559204,-0.6844038530257553,-0.6092245485063877,0.47856797203209933,0.47318481990280603,-0.42037833105036587,-0.1368210648167764
1.1460040762816168,-0.4373852601472775,-0.4432091548619355,-0.618408253265421,-1.0714948691872122,-1.1243431772463237,-1.2051113053205627,-0.08249465078061381
-0.9009609074521653,-0.03839718444157813,0.46336095717985004,-0.1022789014745394,0.7251270016124545,0.7328085015076772,0.7418262175692375,0.03843483875667347
-0.6397230297649537,-0.5066695229462221,-0.663681011604111,-0.7149926460926062,0.5387967246615825,0.535060264159913,-0.45716813450658,-0.1592748161897475
0.6420722381159234,0.9332902775150518,-1.2535196519312686,-0.9427485639340681,-0.44117636296249624,-0.4921933657920533,-1.0111078798262416,-0.12515677838925893
-0.45290440449375857,-0.834486722695224,-1.0756706151323332,-0.9245136375744899,0.35376911929502924,0.34160288499073604,-0.731430756602847,-0.18347821052684624
-1.2710407488894515,-1.1445667582078918,-0.5629910470970799,-0.6324167791400264,1.3863161774317734,1.4329668277015812,-0.008068797943085477,0.015397873062326466
2.345300487739584,0.04780867497822605,-0.32848303603721657,-0.20862431996127634,-1.4742549438295323,-1.4784465659751869,-1.054088623143594,-0.01492927164921893
-0.7633168342974188,-0.6794853874424539,-1.12465345471906,-0.9067475277076501,0.6481838096604093,0.6508524534061462,-0.9654601034697985,-0.19718374707917927
1.5338608815035735,0.7291858142350771,-0.38858987142652024,-0.6564144546984446,-1.4184060875732998,-1.432000415093707,-1.0935295088921442,-0.07908284700056496
0.14099355666694266,-0.6639032084360181,-0.9483210600710916,-0.5419092945606825,0.4831161889203731,0.4774346330948833,-0.9438668854095947,-0.05925356007378529
1.3255695187036376,0.44970583822414817,-0.06254397954238669,-0.535729847012589,-1.4963214724976286,-1.4949200044333153,0.0008876004588975975,-0.06654373909098368
1.7144601719143646,-0.993543426712928,-0.6349657628876474,-0.5155218687873921,-0.9324151208462645,-0.9907246211908006,-1.2562301220452026,-0.12466104621608944
-0.4009754045058729,-0.5323127333624882,1.2432420716732173,1.1198753416292557,0.7164545354070666,0.7231169405535118,2.250636956485683,0.05563966123726171
0.18016250893733715,0.378630660981144,-0.27917721181211175,0.6365561699948128,1.0690430118608738,1.0961301130622825,0.007518882684563346,-0.11728338505068465
-0.562728111706293,-0.5307742472588649,1.373199855351155,1.1804726415085722,0.23752088414855585,0.21887907437003226,0.9475185712140353,0.12241770103479921
-0.3497179907977915,-0.798408456445942,-0.44081768416130823,-0.8792388764946373,-0.7781632301178985,-0.83809344377582,-0.7465451897129602,-0.016095700291970678
-0.24298231487308122,-1.1003894020534366,-0.4120723290511102,-0.896303042560362,-0.8820614790881923,-0.9410723287857601,-0.9028650172951289,-0.08433177589294782
-1.2849444582695355,-0.8625976838390569,-1.550187658714095,-0.6467151570543942,2.430840597750499,2.5342338121326144,-1.0291553643515383,-0.06158641735928875
0.6333722953931061,0.7748956977642343,-0.4139628495594427,-0.4674452129455794,-0.46499642441857797,-0.5178914686832699,0.10102400232989985,-0.06071159587722494
-0.8260730595924538,-0.07779167260973181,-1.0630343201585657,-1.0086139611245322,0.4910413946063022,0.4841988553817188,-0.7860720644858628,-0.01405445016715512
-1.14808964388145,-1.5965744535851731,-0.8812829568190109,-0.9846440341100666,0.6861792477316573,0.6910977120675673,-0.8598356946186205,-0.21468017672045545
1.8976016524619859,0.5359592919090691,-0.4094184893593502,-0.7203290711643316,-1.6962745761824234,-1.6372622774153438,-1.114258825439034,-0.17225133484036068
0.8146316990934416,0.7013248157164323,-0.2932668951263983,-0.37865851766370007,-0.6585826186865259,-0.717055255992367,-0.2176031485479598,0.057097697040701396
-1.1591639868126404,-0.19569040491187983,2.229471815927367,1.5414489396972493,1.2131997210889858,1.2486402641657124,1.7985738412440972,-0.024260700791232874
-1.093921668322713,-0.22111364337064565,2.290434802858854,1.5766725162594795,1.0788615741487622,1.106231614388683,1.3866503084513273,-0.04379838055732464
2.128351787142848,-1.1581199967721025,-0.4009132081663662,-0.2798756549238505,-1.1781670064681387,-1.2247751788673564,-1.4925267208826296,-0.21237648015102073
-0.14549869141010577,-1.0132248806978024,-0.7168200682390369,-0.627715647998323,0.19798618664547382,0.17716596023657805,-1.1732857555194152,-0.2199291056128383
0.43664751500229937,1.1967343276667322,1.358831509903791,2.4484210638343917,0.457922549562991,0.45066876275966256,0.8163212687201798,0.14399663092570647
-1.2908624706678495,-2.178499640311848,-0.9244370034740312,-0.8658845747008412,1.3740871471462015,1.4209161656790417,-1.10036060795476,-0.2181794626487107
-0.07352904887909817,-1.18167478548522,0.2370886977196809,-0.7230128167228125,-1.2933159330170825,-1.3285871429355331,0.44389395895156336,-0.20447392609637768
0.21678204030743567,0.09224429893619207,-0.16981002259843922,-0.45821859240630375,-0.2352928101683678,-0.27867925552665446,-0.13290262669895053,-0.03854945166494178
0.16505982382499976,-0.1926588637299369,-0.6052869937926496,-0.6940497217837477,-0.24276572848837963,-0.28711751813977837,-0.731430756602847,-0.2205123199342142
0.07774191056331843,2.699234223634311,-0.6402319013366777,-0.7588844497111558,-0.5297378133791962,-0.5838910056955696,-0.7203378612508377,0.061180197290332514
-0.031364515470624764,-0.3046979504139454,0.03831044681385874,-0.5036747738582249,-0.4283466956570434,-0.4795177937574491,0.018411895133548226,-0.17531321002758402
1.703237982314683,1.0606631014921246,-0.04506899787696745,-0.5460598392461873,-1.9770218245620477,-1.7864798425342987,-0.8327619541880672,0.0008175150279296583
-0.45981411780085385,-0.7640370520629528,0.6220347751671291,1.1428424830632675,0.10230126761102175,0.07593714793102624,0.38150274881207547,0.15566091735322393
-1.1389064281623416,0.5791627440248366,0.4267321522085021,0.890445969864911,0.7251270016124545,0.7327991098780882,1.4000864471350403,0.14370502376501856
-0.16426255780242402,-0.860433757015987,-0.765032974749016,-0.6069475658441686,0.18827959791390703,0.1666294072795655,-0.42037833105036587,0.03697680295323379
-0.5114813726455569,-0.5754582813238928,0.8415104321839406,1.0644673203523818,0.21993162660244386,0.20024766722438023,0.9367437379922261,0.14545466672914617
1.1352279957494995,0.982441619211999,0.29991501968635365,-0.14403748671143887,-0.9475640877796416,-1.0071453829999497,-0.12191058143220145,-0.21409696239907958
-0.9509840668393703,-0.8350948807582498,1.8210654982688725,0.7072582488152196,0.3109412784634212,0.2961218141823171,1.0593246608550206,-0.04700605932489194
-0.959296259476901,0.34805895169040424,0.04096244255649348,0.9665557996990453,0.8280282617617031,0.841281673850087,0.5989618651879518,0.13641484474782017
-0.8208048898633349,-0.7400065586911744,-1.1233363756516277,-0.9539250384733454,0.7241659522275349,0.7314003189257965,-0.7659856376072806,-0.19222642534748435
-0.8308314514539521,0.8583469207566538,-0.42002803737361616,0.5089040513140668,0.27207184715294735,0.2552733886631022,-0.18651425095171775,0.11921002226723187
-1.2793332110652387,-0.9100469367013342,-0.18197621848690612,0.6925067652299088,1.0110610262667605,1.0329132434748736,-0.12875715330325146,0.12999948721268556
-0.8453771089375512,-0.7346615314084024,1.6249529442262203,3.698899371810155,0.8511110007944593,0.8653557854555161,0.6542099497530345,3.6762341683386817
1.5657896521618262,0.9719982567887628,-0.043301046585762934,-0.5056352393227614,-1.5277899967134925,-1.5187942060567303,-0.7901706960133761,-0.2199291056128383
1.0751420146555288,0.3633781288901365,2.2928933350116805,1.488186814498214,-0.9263995813270751,-0.9845704605285395,2.532562994716472,-0.05721230994896973
-1.199814747642074,-0.6961490301135047,-0.615121471281879,-0.7731926960859541,1.0968152765923835,1.1247620449079296,-0.9709811083683508,-0.13040570728164178
2.4477521235986632,1.8494154720319584,-0.43572396437868743,-0.48057300334307634,-1.7857607999089018,-1.689489242260594,-0.8930347871322027,-0.18756071077647735
0.7365511137805801,0.6446533501088983,0.6385439722087527,1.0048887593590103,-0.9908432104651851,-1.0487706655086895,0.6400924285311506,0.14399663092570647
1.043038013115126,-0.15656892272646972,-0.5518201327223671,0.5315930826214137,0.15876369540413396,0.13522236798397652,-1.0230794756740673,-0.004431413864453204
-0.5002002354628535,-0.8847108419455276,-0.3209045071561907,-0.5377835293940784,0.362431714943761,0.35051515946285466,-0.1745129469619319,-0.21701303400595895
0.302780412213605,-0.17822776353723527,0.183333585102488,-0.40360937261118623,-0.7328133870591271,-0.7912887226216385,0.646619820739847,-0.03767463018287796
-0.215467783238207,-0.9064939714232031,-0.02960249611805042,1.750207422977802,1.6295785068965263,1.688933962119645,-0.6255784966852986,0.061180197290332514
0.15600475097016694,-0.14427381775260978,-0.09241664841559105,-0.6395289888740595,-0.6047008347215046,-0.6612902383691734,-0.4071395720624444,-0.22109553425559006
-0.43307029622809795,-1.0985993918587322,-0.4715338786518988,-0.8057541781652647,-0.04684010666088418,-0.08061613443214918,-0.6544482392132294,-0.09074713342808241
-0.3874749110403829,-0.3070020570036487,-0.4265316170277861,-0.5693444300439015,0.3198628016585723,0.3040966612086521,1.0138546848661176,-0.2199291056128383
0.03043140198668499,0.17201987877885971,-1.0330879566467948,-0.793735377614228,0.09341619622040766,0.0659060712562262,-0.5221819255395427,0.01598108738370234
2.3681796482709747,-0.06198177028098603,0.15592277859828518,-0.4207582330348552,-2.2119037987303667,-1.871932306758969,-1.2562301220452026,-0.19444263976871265
1.8581619490304284,0.3163516330392274,1.0479149320916463,1.2590099744218217,-1.523252456408136,-1.514341267601064,0.8685148892628864,0.14020573783676332
-0.6557655146468582,-0.2436229888067898,-0.4799907127964861,-0.40530523508869326,0.8598920266954074,0.8744659321808108,0.21171638690331035,0.014523051580262656
-0.41812414834554046,-0.13324134350824246,1.2831165399473414,0.629375242027804,0.31604601241387753,0.3012571771426975,1.8362859061664918,-0.04408998771801258
0.2559729670509849,3.2648255441704683,-0.1723599692290998,-0.4786822672449465,-0.4541205823841669,-0.5076119873208857,0.2287251921145861,-0.01810778970071744
1.3771849336868476,0.4835464333992633,0.11983382196572989,-0.386875779913536,-1.3850771957396972,-1.4069508933049062,-0.16129027523427583,-0.21642981968458305
0.43142203080498576,3.167243307899157,0.11449078207277763,1.3348843678264755,-0.08833529604824396,-0.12493285397541624,1.0403116021990626,0.14632948821120995
1.065209442589898,1.5121813856203403,2.32802000461074,1.5844422077415696,-0.9144428707145543,-0.974979122869311,1.7391053990970358,-0.05429623834209037
-0.856089845324964,-0.43381945379136994,-1.041570675716652,-0.7149926460926062,0.9726973426677025,0.99468787010806,-0.713054088385948,-0.15490070877942846
-1.021153436432721,-0.12322426307690718,-1.743067629721389,-1.0126910444121557,1.6771817484865155,1.7397717140875284,-1.128484089636553,-0.09191356207083416
-0.34145768180685293,-0.9646816669718766,-0.8731139811796499,-0.7176557076262194,0.4567669154292125,0.4499683330300387,-0.3920520837001655,-0.04292355907526083
1.0577930207178143,1.3929254147430807,-0.35192989606815916,-0.4618944713539839,-0.9877086299055096,-1.046806823295685,-0.3649938812978773,0.046308232095247766
-0.29158374645664165,-0.6091038003714754,-0.21689936977383487,-0.5135331951480189,0.12863435586460648,0.10265007264468305,-0.09657860463963376,-0.005889449667892888
0.13998382519445027,-0.11572583472514611,-0.11047119429857949,-0.5715006365132252,-0.7093668984825366,-0.7702664942410444,0.20541076692422608,0.03930966023873728
0.37954777631894965,1.1194177446627145,-0.8620192010447902,-0.3802941719486614,0.08148408817115001,0.05382112881982907,-0.7984522753101707,0.044558589131120145
-1.1328850052387693,-0.14626129592181047,-1.245407539898758,-0.7532430827685969,1.4737406063500718,1.5238681008198156,-0.6544482392132294,0.06613751902202744
-0.9351475655133901,-0.5960165345141453,-0.9449406328609363,1.6573388674165168,3.311949596388145,3.466480520874847,-1.0291553643515383,-0.1129092776403656
-0.8152997835392521,-1.0441247343754558,-0.463504535671414,-0.7674337993190022,0.34505445105407917,0.33080048369834564,-0.32559584986526563,-0.18697749645510148
-1.15887306269839,-1.7721023094471777,-0.604209061089113,-0.6940497217837477,1.2403874460306705,1.2760775452792532,-0.5221819255395427,-0.18347821052684624
2.397104978711782,1.5295247915239194,-0.569517447341051,-0.3835771406539095,-1.5097244303093944,-1.5066710863081787,-0.6952195846043339,-0.11008068818169262
1.4615109359118357,0.8937054117688873,2.0994408185613085,1.2192402542187917,-1.6560013491291197,-1.6093189085707789,1.8639822601543243,0.02210483775814901
-0.6628846360301911,-1.4474968561945647,-0.09541991675270346,-0.12340719014497697,0.608124601554344,0.610021967537034,0.3417357811695422,-0.04846409512833163
-1.1649133569739822,-0.5174181535344572,0.760626097854984,1.32855942789515,1.2302517048329633,1.2655699766058304,1.6776693456770668,0.14574627388983408
-0.33917239786241404,-0.31040935251963,-0.5457291407642092,-0.776090241684289,0.035843080349776235,0.0062635364995805055,-0.2571515792152039,-0.18843553225854115
-0.915664777936582,-0.3951625392028035,1.3825021088242548,1.2041916471863765,1.0298687660762327,1.053978636552797,2.395951958565142,0.07488573384266554
1.2258220841128518,0.14527108834129837,0.2517947139213288,-0.5195164672669675,-1.8187109215394195,-1.7092239707208103,-0.16860047113440593,-0.21468017672045545
-1.2727681856736788,-1.8847905861421335,-0.34974061517897753,-0.4383434977399111,1.2248168608145185,1.2627772051549304,-0.11245380571127303,0.05884734000482902
-0.49983344842107663,-1.0688189770347563,-0.6605702322056354,-0.8118428837442976,0.25223921304399566,0.2345127499295245,-0.20341498101750932,-0.06421088180548018
-0.024649368519952922,2.4890121096150275,0.018217272555450623,1.3614670148256134,0.27338442573429,0.25533874565363845,0.9778540781763655,0.15361966722840842
-0.7031311653139417,-1.2083820834326018,-0.32161168670433204,-0.6838115550773954,0.3893248510049506,0.3786610030734093,-0.8110913245348657,-0.1409035650664075
-1.0566107225072594,-1.1587387530233415,-0.9759907383544817,-0.7703072488343214,1.1108726033361411,1.142115739701843,-0.9078407312655297,-0.11261767047967766
0.09978567602388946,-0.7143966844609926,-0.4175459156593441,-0.7448664515672833,-0.43903018500716784,-0.4916567550054202,-0.713054088385948,-0.1129092776403656
-0.79165380834335,-1.4297718876548913,-0.21628706462169406,-0.7338532525427129,0.012472188245300872,-0.019372275795632866,-0.2554510272227439,-0.22167874857696593
1.2602547906259973,-0.0722089891798172,1.1482723017131287,0.5769041364241442,-1.2327434488868856,-1.2734690488902218,1.101972360677684,0.033477517024978545
1.8043070001261885,0.06439677544390658,1.2187936016951646,0.9966762478463836,-1.536907906920108,-1.5278584965002384,1.2289815494771599,0.08363394866330365
-0.9498652659564445,0.012714816229510397,2.0045121492548166,2.1247052317260393,1.7902308525988755,1.8592526584333093,1.8169804432317058,0.032894302703602676
-1.2329720253884862,-1.195669742843095,-1.6280715729222048,-1.1137881868705504,1.3636107444682606,1.4089690976474705,-1.114258825439034,-0.1129092776403656
1.128866929759311,0.9822251469550379,2.001375502287963,1.353652316667382,-1.074816160316964,-1.129575343870574,2.296482736610876,0.032894302703602676
-0.4284327075552116,-0.3034558232989762,-1.170747020932377,-0.5715006365132252,1.0298687660762327,1.0549571460213774,-0.7739403028311149,-0.020761414862977664
-1.2412186655199215,-1.869657000335694,-1.0721845482530803,-1.1679204734765136,0.22807627130527722,0.2097502880800085,-0.9491933148849384,-0.22080392709490212
0.03117819292716592,-0.6439577983099473,0.01533329210508996,-0.41729424777305657,-0.2826432941369573,-0.328374312030063,0.034392010591394,-0.1942676754722999
-0.12596155982234583,-0.4977938873060671,0.025226040200450574,-0.4419148938683532,-0.29036497920410587,-0.33564474378544806,0.19502175269925512,-0.07849963267918908
-0.601826909923743,-0.3625864822367977,-1.0563065349458074,-0.691475925092492,0.9775486900082012,1.000204355988414,-0.9709811083683508,-0.21380535523839164
-0.08937771839450209,-0.28187483192368024,1.5157833182326386,0.6451502051055176,-0.20031318826667996,-0.2416536237478543,2.0717420953548578,-0.11436731344380528
-1.1667397097257226,-1.4861117778879653,-0.8342809219466641,-1.05484213272045,0.3185916547607738,0.30247255050682526,-0.8644682524187145,-0.03767463018287796
0.2251780971053917,-0.2641306940334105,-0.17961239909575794,1.744783152229308,0.3236695686880283,0.30873863227623993,-0.2081074690119215,0.12883305856993382
-0.740748473751639,-0.5097771404630396,0.09268841384061027,2.165878865116933,1.4295057561962947,1.4769917292317833,0.6818532520333395,0.13699805906919604
-1.0474050297756559,0.37406826419131256,-0.09082408401690684,1.125828012515446,1.255126179615012,1.2938476373931866,0.02164188946731027,0.1320407373375011
-0.5209310745329251,-0.5825134416101148,-1.1959534473305424,-0.5056352393227614,1.270376303183505,1.3093514312764492,-0.9385869755629679,-0.05021373809245925
0.34627699916346794,-1.0772720012508297,-0.2548686642296871,-0.40191766157596404,-0.45846113336330796,-0.5111422300587516,-0.39847209980101145,0.05680608988001346
0.5052762571621738,0.11152753474069449,-1.0797764941471713,-0.9576910620322521,-0.5737781557955707,-0.6291542467030485,-0.7984522753101707,-0.13040570728164178
0.22863126928148908,-0.2692358306383218,0.6324987281587628,-0.05467345483754519,-0.6095172608926432,-0.6654886183154245,0.663936763355725,-0.20913964066738464
-1.0461718293063216,-0.8370222208454922,-0.7842678327593321,0.9335962780979559,1.0189272579589639,1.044737579207369,-0.30129862041613753,0.1334987731409408
2.1973086338772045,-0.16358892451143675,-0.5783323900126861,-0.7123398074691148,-1.8411012190044416,-1.7223335087640435,-0.9491933148849384,0.008107694045128079
1.0140540082187877,0.9349262315216151,1.9796618006355995,1.1982126889439901,-1.2514019167827428,-1.2915930174884724,2.145380880527923,0.03697680295323379
-0.061040908290759595,1.3619338710736508,2.1254530372283624,1.783105727896758,0.5377038162464162,0.5353644453719315,2.454978888645523,-0.12428195690719511
-0.7741969950915797,-0.5371731680150835,-0.5004943421833912,0.5025431315991552,1.9201717797521054,1.995083734272062,-0.5464208626350984,-0.17560481718827195
-1.2710434497768062,-0.772842299646288,-1.437589528333961,-1.1137881868705504,1.0901086665870054,1.118643557442413,-0.7739403028311149,-0.13040570728164178
0.17477468343487404,-0.22568804566009032,2.322441201435871,1.5423619046028822,-0.3617757837541741,-0.4098836286764718,1.8426040556539018,-0.05633748846690592
0.39432638702154366,0.5485968802571533,-0.4047073138671716,-0.5135331951480189,-0.24651668257066822,-0.29036439159931415,0.4581440622244062,-0.21847106980939862
1.456823431251112,2.9623436716659164,0.4677567941514624,1.1348448138531197,-1.2741137589937608,-1.309967929014737,-0.014874263821416048,0.1498287741394652
-0.36232078123558364,-1.6731861404424395,-0.3554771374796388,0.3430675434229794,0.055797506834426656,0.02718045429821459,-0.4137227133533671,0.09413180644806937
-1.2710415921389824,-1.0802763795766974,-0.6693421577079011,-0.7645722481794339,1.3666999059696485,1.4121365459149533,-0.2503778855526047,-0.04117391611113321
-1.2710499786057645,-0.3717021815051203,-1.4248083392932318,-1.0997321711988024,1.1861915481471839,1.218904985021613,-0.7984522753101707,-0.08083248996469258
-0.7867764692377384,1.9930956028954547,-0.8675280997462259,0.8909665451157287,0.8764308526783922,0.893489414869467,-0.14551238283725185,0.12358412967755095
-0.2962672628934121,-0.41297840318749107,-0.672948158973192,0.020790202381001793,0.9653897458474159,0.9872668622583416,-0.46672637052391247,-0.15402588729736466
-0.3318114450258519,-1.0971092247317942,-0.6735879027245678,-0.4618944713539839,0.5701378970584664,0.569104476519709,-0.29946943343911026,0.03960126739942522
-1.2710389149057881,-0.8548825983712667,-1.373709104899869,-0.9173522925272165,1.4714458010524607,1.5236200678594547,-0.8506757340053788,-0.1791041031165272
-0.7458925917318906,0.5506900078005316,-0.7104506241490381,-0.8057541781652647,0.5733417501724744,0.5721024958395088,-0.4027903026942807,-0.05604588130621799
-0.6006929946282932,0.9375427077958455,-0.492546009742448,-0.4087094962229989,0.6226325147766085,0.6233875336107728,0.2195070338237651,-0.221387141416278
0.7799721298786257,0.4084482809735688,-0.015410782805035212,-0.40023008170733204,-0.7093668984825366,-0.768368357059795,0.0896171387367698,-0.21584660536320718
-0.10195790503496105,-0.9348146416372343,-0.4880932401666536,-0.7848564938559499,-0.3177194311894973,-0.36409877653720635,-0.7094448488018528,-0.14790213692291798
1.0908089921589232,0.9399192063696944,-0.3546113933756229,-0.618408253265421,-0.9597982780548368,-1.0197120047011674,-0.7901706960133761,-0.2181794626487107
-0.9675637735860244,-0.5539636138437225,1.5987466156840289,1.3255138701851936,0.7890275072078716,0.7995490509125764,1.111251286459253,0.09442341360875728
-1.1359093413414811,-1.4674378563061716,-0.2501794404477272,-0.7257070252533939,0.4910413946063022,0.4847437220443767,-0.354901061996415,-0.17968731743790306
0.2952041049947772,0.07434978687016942,-0.6186401085815215,-0.7203290711643316,-0.2826432941369573,-0.3281743128651641,-0.48630851438388584,-0.01405445016715512
1.0282108433184503,0.7662338801748391,-0.5080393369962825,-0.4509249773390904,-0.6888392217981969,-0.748236845699936,-0.4407964537839204,0.0433921604883684
-0.6537897287110201,-0.42513590913105037,0.011044926152556119,0.8458110273202856,0.24020808221924433,0.22019459745103964,-0.21283666523841988,0.13554002326575634
-0.8465267115070177,0.749476168552321,2.7125425352636894,2.666345957662534,1.579293363942788,1.6366341211003377,2.0398588904200947,0.0005259078672417215
0.7683189994997222,0.18846934335001825,-0.2802128936589034,-0.6001612892526592,-0.7619949256142905,-0.8230593736772773,-0.26919129674147135,-0.22255357005902973
-0.525941494622363,1.499041983921879,2.015217415071779,1.765128652103986,0.8360600991700733,0.8500131630719723,1.266009014029347,0.03143626690016299
-0.12138763712213622,-0.40285160612063536,-0.42036770582798366,-0.6371501100610071,-0.1275891216189733,-0.16654027457939924,-0.8327619541880672,-0.07733320403643734
-0.34321677541109474,-0.11572583472514611,-0.6806934997141427,-0.7560580097270124,0.21993162660244386,0.19935364837682643,-0.674490268057444,-0.06712695341235955
-0.5764321020590707,2.0094646387424144,2.564855173484377,3.0124316576368164,1.1791845603933093,1.2127934861786527,2.0408109612878977,0.06526269753996362
-0.14061919091251607,0.672376650457624,-0.42127490198549433,-0.49395501288695914,0.05884318640851793,0.029328589244677166,-0.21125615235207065,0.05301519679107028
0.6172854426615834,0.4227573084629379,1.7892147957418538,1.564606328566629,-0.3118141564499104,-0.3591891145153029,3.00642388254327,0.07925984125298456
1.366001059777132,0.19285830407558432,-0.024058493140835472,-0.3901902400454696,-1.1394109381748125,-1.1895538197388034,-0.6414467524269052,-0.2205123199342142
-1.04899628155799,-0.8415961328677727,-1.5559670336325815,-0.9807286490595878,1.3474401278468573,1.38899894416175,-0.92301841131138,-0.16977267397451323
1.1561194509635906,-0.6034694778843869,0.2392695811660025,-0.225433056856552,-1.2894550973289813,-1.3258711855066911,-0.5688140091410778,-0.016095700291970678
0.07128467722511454,-0.47429270903095244,0.18835517435812324,-0.5693444300439015,-1.078145077839471,-1.1320145138512445,-0.47399554629750257,-0.13944552926296783
-0.7787664506331424,-0.5933942416460523,-0.7688066129530738,-0.8399260820186822,0.5945217170041992,0.5947435404539957,-0.9281635133004543,-0.15915817332547236
0.7554430967179072,1.5436833574341946,1.8092200929001383,1.9632372388670585,-0.1502554381365692,-0.1891893709774334,0.796680961611922,0.07109484075372233
-0.25574382151054337,-0.6928490045428938,-0.6177111443350988,-0.5867854469185966,0.3400510191884382,0.326275098517584,-0.5091242724657541,-0.20651517622119323
0.9681470197093778,0.04574894234359238,-0.05702906380289323,-0.4473068349758397,-1.0484564715194555,-1.1037223862676828,-0.42710803877778564,-0.053421416860026556
-0.3107506553029,-1.1407063782345783,0.14456395230064034,-0.3058476990686445,-0.0632959353745852,-0.09912613817008015,-0.3086712219679137,0.011315372812695384
-0.5354829689542905,1.4384605650997253,-0.7631594313478032,-0.39519192855807994,1.1436324368715531,1.175664896143554,-1.0052098249005135,-0.22197035573765386
1.1182153093672906,-0.17468213131577592,-0.256744820566607,-0.6001612892526592,-1.1221313183043127,-1.1746801680137005,-0.674490268057444,-0.06712695341235955
0.26911239352122085,-0.22198164841096513,0.027338192388233484,-0.5671949302929337,-0.7275701880562677,-0.7881190162423177,0.20857179809833448,-0.22080392709490212
-0.07708812436815536,-0.250642190679798,-0.5375976547762686,-0.580193375189494,0.018741356691670596,-0.01229640698113116,-0.13429079225650975,0.007524479723752205
-1.2465947551952241,-1.3962536420327658,-1.6645466904616013,-0.9652852440895815,1.8925243843319095,1.965304868702865,-0.9993687569036761,-0.11786659937206052
0.41824816273622206,-0.8483790684510487,0.45570187134413903,-0.3609172872313769,-1.3809644470408549,-1.4027928894554642,-0.0561763781971764,-0.03300891561187098
-1.271039899629305,-0.20395344751188824,-1.3251268724522114,-1.0292442576909941,1.4529554052407256,1.4993036919536213,-0.8416524943368463,-0.20418231893568972
-0.17286403566299263,-0.45056737339689795,-0.18826442642492344,-0.5377835293940784,0.06491541704104216,0.035566306589757006,0.15503721058790715,-0.1974753542398672
-0.10877317583862244,-0.41657693478889113,-0.030413011263811945,1.1200621408229274,1.312626902142441,1.3530954074820978,-0.11245380571127303,-0.06100320303791288
0.9317935710930546,0.27899645009292157,-0.2811712952416845,-0.6001612892526592,-0.8966906944854902,-0.9562305764794811,-0.5861705840658135,-0.22342839154109354
-0.4909152596648208,-1.1639456487694675,0.4212517656345634,-0.08926004964992347,0.06794202136381818,0.04006417106589849,0.15244814524016617,0.05301519679107028
-1.222510356133502,-1.383834140887038,0.14026853601769718,1.05015060444838,1.1700245502003126,1.2016987496517404,0.6047194880856636,0.14457984524708234
1.346805345857601,1.290139220541145,-0.421161389806589,-0.5076012822214526,-0.9475640877796416,-1.0053833474113898,0.2555651733352944,-0.0682933820551113
-0.5544981405290257,-0.16660682562673515,1.1099686150385304,0.41195775032842336,0.27338442573429,0.2558394456864581,1.0803726037704287,-0.01755373609541036
-1.1965374211560345,-0.7621460341087155,-0.9196687584420576,-0.8367487724548038,1.2991108877836874,1.3400882889571775,-0.2571515792152039,-0.04175713043250908
1.3501728201518721,0.9109960504855978,0.22642910673815628,-0.21633142898263658,-1.3325005600987858,-1.3612890532202486,-0.22080181122011777,-0.027176772398112243
-0.357217352813694,-0.766999227605304,-0.48688740777312467,-0.6687332053573974,0.08746241806175475,0.060092667137880085,-0.6778961690924191,-0.07762481119712528
-0.3040169560735498,-0.6955303448680867,1.8875360182669858,0.9829199181484835,-0.1876357800518902,-0.22917786476933472,1.4106459928032433,-0.02309427214848116
-0.9003143394778439,0.10956986883224068,2.2950752488367736,1.928990631779257,1.2577899248642948,1.296632524459702,1.711730625411237,-0.19718374707917927
-0.6836372582321456,-1.399481124383415,-0.41008029933722867,0.13227575126109395,1.354303567558541,1.3971413406363553,-0.17154948105380388,-0.03563338005806241
-1.1511954139482619,-0.8328154632181392,1.676707687012025,1.2471465913037536,0.92661763795754,0.9452457221516996,0.6295783229166884,0.08538359162743127
-0.6919329579349126,-0.5892073742187437,-0.30294371235775647,-0.49202735860281593,0.4602310579234868,0.4533538441756799,-0.017159884066398966,0.016272694544390277
-0.17728446380893442,0.5898913568646162,0.18177956669236525,-0.1749680432292804,-0.058339544413428354,-0.09301846581576438,0.07406526289071737,0.05039073234487885
2.183851676084435,0.9802921405331683,-0.2214873636207092,-0.5758333379331445,-1.8869467133002669,-1.7438861643878962,-0.9654601034697985,-0.18449883558925403
1.963280658713866,0.1550440490017805,-0.2679583735323008,-0.5017198542722824,-1.592853483173406,-1.566426751537648,-1.0935295088921442,-0.026301950916048433
-1.1219148425652192,-1.4509762861166355,-0.32232011956203127,-0.8335860044043412,0.20625470493809575,0.18598706423101852,-0.020604598997229478,-0.216721426845271
-0.39447272191594684,0.1004634416438256,-0.9746287842760196,-0.9464540077328848,0.16301722298567914,0.14024204372166862,-0.7058570291633617,-0.19047678238335672
1.4059522188819753,0.022021418343607765,-0.7723428937630906,-0.7674337993190022,-1.1463808696003186,-1.1952838277743243,-0.6882305375761715,-0.027468379558800177
0.7110682653246866,0.881195859126028,-0.35231186755955507,0.14080272398809343,0.11698977162101648,0.09061652858230625,-0.4454290115840144,-0.21176410511357607
-0.9922171323129467,-0.48495884739531236,-0.719444407410755,-0.4767966900511752,1.569130947883658,1.624634208423578,-0.39847209980101145,-0.16394053076075452
0.2984738695020732,-0.44852929533163677,1.3396798458586017,0.7109818432958144,-0.39884509447486427,-0.45003194355000303,-0.4093259969942682,0.015397873062326466
-0.7650711303177339,-0.9355155530677387,0.11303195472605435,1.00356361300324,0.5387967246615825,0.5358830937064349,0.11682394725628882,0.14166377364020297
-1.205287923950957,0.7664226734144653,-0.4945865100146958,0.26073708297802706,-0.12413323692154932,-0.16259483924004844,-0.2537552453683647,0.13609407687106342
-0.34545012104900497,-1.009043697263864,0.11216605254435247,-0.776090241684289,-1.0386938558794763,-1.093629457910436,-0.1540674194878849,-0.216721426845271
-1.228074581678993,-0.2082523278514637,-0.05561665825351543,0.7960064270286435,1.064488841799348,1.093444153447452,0.4881613377164057,0.1270834156058062
-0.07718509303279737,-0.4899905378992836,-0.19717267578278866,-0.5586631723867641,-0.2057804842902753,-0.24743954521576758,-0.2354089983785292,-0.18172856756271863
-0.7794002951179265,0.12551862853976298,1.932289100044243,1.868797029169389,1.320931246625952,1.362238268067593,1.3093793838690482,0.05389001827313409
0.35815392577511,1.19216736828621,-0.02650360958658884,0.048634088119991495,0.5658550492049067,0.5648858667613723,0.28613661413574937,0.04485019629180808
-0.3661236166896541,-0.5768841504499533,-0.6655591660475316,-0.7560580097270124,-0.24463999241337603,-0.28833187191932996,-0.6544482392132294,0.05826412568345314
0.07806576178888304,1.7830229334236278,-0.6601572847150575,-0.8118428837442976,-0.3020251729781319,-0.3478143666140488,-0.8068488802144457,-0.13886231494159196
-0.7014012506242466,-0.24806377741105765,0.3677644656137758,1.032145505204753,0.40138600995642604,0.39239055617039353,0.43906829030221023,0.14632948821120995
2.169659383758025,0.45497587281383245,2.7184072083348907,1.60000417493205,-2.059886831720193,-1.8218540569685517,0.40871045583091714,-0.22024987348959504
0.6384558739322426,-0.15823759709078156,-0.2278743436215132,-0.5979139259296549,-0.7945138877647033,-0.8557189584657146,-0.5301540740502383,-0.17472999570620815
-0.3378455299910601,-0.5189690391014696,0.18612562084756568,-0.3918534505060185,-0.27113733736035317,-0.31684656691959934,0.14897871916319438,0.02297965924021282
1.4692047843522753,-0.09343639102547036,-0.09276586927365953,-0.4312556036798758,-1.6265140354219363,-1.591310783919401,-0.48630851438388584,0.0547648397551979
0.804399883000355,0.31779622143186187,-0.15478448732557093,-0.5586631723867641,-0.9085012929551686,-0.9669449458386449,-0.3856995296120267,-0.2190542841307745
-0.4397619575148098,-0.9208596666695985,-0.1578269673291897,-0.5195164672669675,0.1344217605326571,0.10929426401423253,-0.6544482392132294,-0.18143696040203067
-0.08934070150181575,-0.3311163085712226,-0.15078277289855288,-0.59344100667162,-0.2635171203728373,-0.3083517182588302,0.9298508663063109,-0.2231367843804056
-0.41294942000297846,-0.5977670887858755,-0.4699919938651935,-0.7284117786583229,0.01404202374688942,-0.01705824674544486,-0.5688140091410778,-0.21526339104183131
-0.5799928783280717,-0.6299618991546158,-0.813155685453581,-0.8431180674293769,0.40138600995642604,0.39130768168686964,-0.03105810155067262,-0.20943124782807257
0.3978417348055563,-0.05225648760200249,-0.1877577134617083,-0.3835771406539095,-0.4981222283560628,-0.5524673174215137,-0.0024555186671916325,0.03376912418566649
-0.152314650988682,-0.19368239921054956,-0.40514322790745894,-0.691475925092492,-0.17685697245037138,-0.21694617803491545,-0.36907866599171824,-0.08170731144675639
-0.8891769585947399,-0.908083888926009,-0.09900318077097012,-0.5076012822214526,0.3211328349803221,0.30604799481822553,-0.19413788078974678,0.055348054076573776
-1.0508443593056407,-1.1048132279187368,-0.6534045295721757,-0.7311271598052996,0.9332908048333752,0.9532506761615435,-0.543679153470188,-0.1409035650664075
-0.24458213561310232,0.5288713289166505,-0.7913680751232066,-0.48818810643494326,0.5322268813453185,0.5295379540932879,-0.0785695247031558,0.026770552329156
0.11577065641149656,-0.13964582066297168,-0.646564439875387,-0.7504395754235496,-0.267322222147962,-0.31259958469903154,-0.6479125449132416,-0.1601496376718113
-0.3577053417479505,-1.1575014765522447,-0.21649106214351316,-0.7393379131793646,-0.5070851190005058,-0.5614611813652498,-0.5688140091410778,-0.005306235346517014
2.168330379778,1.6930344092710758,-0.3042123047754952,1.5419562913188787,-1.807644127768177,-1.7037401291503276,-0.987853249975778,0.23999370822417523
-1.0332575841819325,-0.3111430406482994,-0.9508752740992344,-0.8691990348327748,0.9291236765142507,0.9475576350601959,-0.3773319796332483,-0.16189928063593895
-1.2487601283866387,-1.2983028219525,1.3581198759793283,0.9566900061239701,0.5955726361832813,0.5934303779470197,1.6759322436408643,0.10725412867902649
-0.698802072270872,-0.36171557935295284,2.262157094847197,1.5167525532251576,0.48425101711457,0.4777455346458485,0.9809373787344664,-0.037091415861502094
0.7176838407667665,-0.9835138025482816,-0.535930518904345,-0.691475925092492,-0.6289445927347369,-0.6861801724921767,-1.1732857555194152,-0.16169515562345738
0.7201616818190203,0.6633490634939835,0.4117308686110849,-0.1033749581877004,-0.8362159847923671,-0.8966837596675976,0.3554902610857476,0.016272694544390277
-0.09599161229389708,-0.8372759888617693,-0.09446643823004162,-0.5502354629036887,-0.2807192819845396,-0.32553413788183266,-0.03105810155067262,-0.0545878455027783
1.0428823046053526,-0.1886222032460777,2.3231096675065617,1.2078201518187373,-1.4918812149865783,-1.4928216518281683,1.6637017398616192,-0.0569207027882818
0.6420979800890779,0.15751933684239078,0.3178934361004635,-0.04251366405593045,-0.548118318782862,-0.6034875244539886,-0.10314268470484278,0.04834948222006332
-0.5201535254063974,-0.7135029214305673,0.22345341208827638,-0.3451748385531167,0.06642950902624802,0.03701369054984724,0.5052884274919507,-0.21059767647082434
1.988651061845231,2.960685995692458,-0.17486499210787698,-0.3901902400454696,-1.7749417725034082,-1.6842789796798365,-0.18955217611179412,0.05972216148689283
-1.2414705897553466,-1.3214133237685366,-0.9060776875279551,-0.45638795924896525,2.069374076011424,2.152563459186038,0.08286236640043272,-0.041465523271821146
-1.271047573471865,-0.3166563092606186,-0.9998834847078566,-0.9729638076742644,1.1226055389521319,1.154542620490347,-0.7779572334551065,-0.05196338105658687
2.385446156176573,0.5235075376220818,-0.8050678901430095,-0.5715006365132252,-1.3727737871520893,-1.3946099201489812,-0.878582804074089,-0.22156210571269078
0.3122911178141387,-0.4016871890244922,-0.348792481111764,-0.7096971135687657,-0.7223458835051982,-0.7823478871148845,-0.7503835888595926,-0.014637664488530992
-0.5700003941516821,-0.5037744437032201,-1.3498373479731225,-1.0086139611245322,0.5223159528893184,0.5191246554374993,-0.8552383657357993,-0.2181794626487107
-0.9759987076281356,-0.5721361214739155,-1.2313803766077558,-0.9652852440895815,0.9888057633275615,1.0098065944304255,-0.738940739324329,-0.024843915112608746
-1.0556647532467762,-0.25304769443924113,1.5575110192833106,1.1668185708731789,0.7546078674468378,0.7655040616054322,0.8084831096847067,0.10025555682251601
0.025401819330019764,-0.4286431984295679,0.0854361738825309,-0.5316407012780883,-0.5855935671133304,-0.6420951848833091,-0.14551238283725185,-0.1082435630693586
2.1255375314180247,0.11858039812997372,-0.10436195610450565,-0.5565465899885946,-1.989466046412265,-1.7932980949129482,-0.883361847417592,-0.18887294299957305
0.00024605688532292145,-1.0205964127427918,-0.11917342692948864,-0.8495466125101107,-1.3364779094907668,-1.3665196491640226,-0.674490268057444,-0.0018069494182617728
1.0138469856959513,0.3200352791916148,-0.3728959585279171,-0.6024159849322824,-0.8503875829183065,-0.9092405696009908,-0.6010250373935246,-0.10999320603348622
-0.17507025160370923,0.27677656015206425,-0.4932250198179473,-0.6515477894250961,0.09193004238030913,0.06476117868082917,0.019490478532389256,-0.18697749645510148
0.8491566958830462,-0.25563405160512664,-0.10241428471152901,-0.3593268064078502,-0.8362159847923671,-0.8969044156185515,-0.2832511358908407,0.011023765652007446
0.6740359501612534,0.7384679528172924,2.487120231796375,1.5592851223110455,-0.8221815775721013,-0.8813335049041764,2.0523817500362873,-0.11378409912242941
1.7750374502255257,0.5313829209562901,-0.38598302029805637,-0.7044418516438574,-1.7220255719302868,-1.651245719518123,-1.1969964742898067,-0.023385879309169095
0.0950686081859089,0.525041860839898,-0.43808506477750403,-0.4383434977399111,-0.009685886347436128,-0.042983324109045755,-0.1972144565629369,-0.009097128435460193
1.9150925329906137,0.9050969972411191,1.4265573348438918,1.3238469822708179,-1.5739640570628626,-1.5515047965339386,1.6606407417540106,0.11687716498172837
2.435432883315591,2.5257842015805942,0.2183983315588525,-0.05059637154992141,-1.7966611741487102,-1.6965483986862062,0.23100793554939908,-0.01667891461334655
1.0113147036340817,0.5108047160886396,0.6682892376477043,0.06344005006496777,-1.0386938558794763,-1.0954785604518773,1.0075812369964194,-0.10707713442660687
-1.308926740879517,-1.7184340544612187,-0.8823608895225475,-0.8860140642211216,1.381436937002593,1.4244359965507865,-0.5355278501861138,-0.1041610628197275
-1.25237168756059,-1.6114790206862406,-0.3798974286321054,-0.49977044927641695,1.516108991107603,1.567873391577126,-0.22563176368657187,-0.1933928539902361
1.0542356040144747,0.4130324718360661,0.12287185515655275,-0.3297830305229025,-1.135938498325322,-1.1871913915661951,-0.2486962548864071,0.0212300162760852
1.908813893087234,1.2662372314536943,-0.3371267432274022,-0.6115090583977062,-1.6023913001019707,-1.5728200284462637,-1.1655844305476601,-0.1289476714782021
-0.39091937237644075,-0.4971764661892474,-0.8675280997462259,-0.8463248648903724,0.21310929427543884,0.19166258923595572,-0.7620472143315833,-0.22197035573765386
0.19467872476277567,-0.006887263414687412,-0.5988625729774487,-0.5155218687873921,-0.01447842936998449,-0.04800081305553661,-0.0952742981257323,0.04310055332768046
1.084013080762793,0.3747894966459478,-0.21513304101289138,-0.2728311126509243,-0.9174228161503197,-0.9779677384743464,-0.5195477347282678,0.05243198246969441
-0.1665391918796081,-0.34825728944801937,-0.5064908002864292,1.0816598387221346,0.39053549236470736,0.3789844825483987,-0.2420161224457991,0.11541912917828873
-0.21464526824492422,-0.2327487327417151,-0.3283030571348831,-0.5155218687873921,0.18270365663997315,0.1609439021849212,-0.2081074690119215,-0.19601731843642753
2.1588637341313506,1.617756780291948,-0.299747848681418,-0.5912153570416305,-1.8021422504093116,-1.7019294950808408,-0.9028650172951289,-0.22065812351455816
0.4595178298375087,0.8810727374632867,0.4783840121416325,0.1346117431624175,-0.32364885844920677,-0.3701862346567999,0.9633290848094448,-0.22197035573765386
-0.8943613455102036,0.2242052339533858,2.374059850224999,1.4996042214481844,0.7280063331330356,0.7360380481414891,1.802763050980991,-0.14119517222709546
-1.3884079669273557,-1.7253534225956866,-0.4260717571722608,-0.6092245485063877,1.3023404345504286,1.3422152332121684,0.0031061197731617625,0.05680608988001346
-1.182081142856418,-1.2858455166736962,0.1262622685248155,1.504654386160586,1.5814237727671057,1.6376113760192696,1.0920006183562576,0.13874770203332368
-1.2428680654243858,0.2276803531428842,1.975453704280934,2.145429234705255,1.4365805629689927,1.4850200477439206,0.8096507504816652,0.2880505683055471
-0.8520734392171246,-0.6453099463271758,-1.0875154264949716,-0.7588844497111558,0.9299580609655196,0.9496798009157236,-0.48880149043082954,0.05738930420138933
-0.510088642125381,-0.7981606986737899,-0.6828718873141868,-0.8057541781652647,0.3685877451875717,0.3567170248661353,-0.47399554629750257,-0.1169917778899967
-1.1839591433917742,0.5708351743118096,0.6336761940358453,1.095344713884005,0.9944016901036296,1.0189723322150888,0.9286544561895481,0.1472043096932738
-0.5170138601895072,0.6143342259942437,-0.8947850400649967,-0.9614777214396685,0.13586500897844375,0.11042496310163322,-0.9281635133004543,-0.13565463617402465
-0.3151388050273322,-0.8810564551457919,-0.11821483381942925,-0.5889968523665655,-0.16793544925522025,-0.20723767917187494,-0.35891799262040636,-0.17327195990276847
-0.3682886963796379,-1.134780530165715,-0.6437816022339752,-0.8118428837442976,0.09341619622040766,0.06547713755688739,-0.7277104628026135,-0.10678552726591892
-0.30025798582792723,-0.37398913637888026,-0.6748704700344994,0.6631104400542358,1.568057064172288,1.6236027393371648,-0.9179167284220257,-0.16714820952832177
1.5215402324116318,0.34519750255613674,0.875926003004368,0.30525634309886734,-1.3605739147867804,-1.3865981552911342,-0.9333527797951323,-0.009971949917524004
-0.3785924248117512,-0.10438130553238031,-0.20827800082520914,0.8379896903334879,0.1854943080195896,0.16354120823908488,-0.22080181122011777,0.12533377264167858
1.091686031497756,2.189895997617278,1.010200717905531,0.3956347270927715,-0.9752376459581731,-1.0323905014459709,1.7906255715372317,-0.19047678238335672
-0.7454397884675904,-0.2798904453178194,-0.5181814042113019,-0.8860140642211216,-0.11724608409223819,-0.15415689663138163,-0.6131771216244469,-0.2205123199342142
-0.19215486862747072,-0.5528558617667374,-0.8260712640992459,-1.0635898901947878,-0.9354322768656759,-0.995548784779054,-1.0052098249005135,-0.1998082115253707
-1.1931937201809375,-1.0741556915125496,-1.0057191085725177,-0.9614777214396685,1.0522739790678208,1.0793711124301786,-0.5274849931818358,-0.11115963467623798
0.321713582926458,0.7540100461637195,0.35129671456856015,0.09460846926800498,-0.10186858399939104,-0.13873240157495972,0.9984742261408099,-0.021636236345041474
0.22923957179740642,-0.11605113329915198,0.14268519205455207,-0.3087946699003565,-0.5784927711508054,-0.6344561839545578,0.09534747391258322,0.02852019529328362
-0.2752133340138438,-0.8677615440529021,0.019048240347587453,-0.15932973106577555,0.26152821563176615,0.24369431551581405,-0.7277104628026135,-0.20564035473912942
0.8217859372022882,0.36120059382972947,-0.2384399675138637,-0.6161008600941525,-1.0322217784159478,-1.087771624497568,0.13400740900342248,-0.2222619628983418
0.37488788499574693,-0.6813284688988667,-0.6101739890761269,-0.5275756094811561,-0.3020251729781319,-0.34892092620587617,-0.6193460101997537,0.052723589630382345
-0.9417977694592194,-1.444541509096092,-0.5055084820995022,-0.9464540077328848,-0.18223635874887364,-0.2230891614976531,-0.4407964537839204,-0.18668588929441354
-0.08158828141635914,0.11181023908047352,-0.29376171648357624,0.7062392312610306,0.07397633993668776,0.046093187556182705,0.020567141033688972,0.11046180744659377
-0.852671458216732,0.844409427630633,0.8153530817429154,1.0980494672889338,0.48538495768396533,0.47929019843586107,1.2739081258259832,0.1474959168539617
-0.4717758152200387,-0.4176345432016733,-0.8838026697522577,-0.6515477894250961,0.5311290070451713,0.5285786506814458,-0.3856995296120267,0.053598411112446155
0.21308604198990944,0.6024930702617612,2.389610060852106,1.6468739033861588,-0.20760750777601583,-0.24942847026769846,1.144496336518798,-0.07645838255437352
-0.9653285604170602,0.588838535103911,-1.5154063281807097,-0.7878034646876617,1.7247185627611332,1.7893158319931879,-0.5491750625454654,-0.15781678038630784
-1.2739676674386016,-1.96244943158861,-1.1360273823715394,-0.8826181673984916,1.6020328221461893,1.6618699691671355,-0.8327619541880672,-0.12865606431751417
1.1298777880388269,0.5748768378012478,-0.41385139462066695,-0.7070644870981482,-1.135938498325322,-1.1881346146841423,-0.2049751001664119,-0.216721426845271
-0.5090730015828372,-0.879180258403894,-1.2023111660084151,-1.0334452652348058,0.10230126761102175,0.0751533275189785,-0.7901706960133761,-0.007347485471332572
0.5032503478802709,0.24777054460689507,1.5313032515903615,1.2463691543753412,-0.6071070476291732,-0.6634436558090241,1.6153832562588026,0.10404644991145916
0.4374679764450207,0.12083085058935415,-1.103457817753046,-0.8027298249234409,-0.11724608409223819,-0.1544108411979061,-0.5631374807237611,-0.13944552926296783
-0.3039366189879684,-1.3523582429605847,-0.15107140973348493,-0.7789999875105901,-0.5951157224892453,-0.6538472310612872,-0.5065462479419436,-0.18989356806198085
-1.145599468731329,-2.070512643024408,-1.2112214933701446,-0.9807286490595878,1.1101361324317784,1.1399920222721291,-0.9545670910208139,-0.1409035650664075
1.9036281160747934,0.00490420984515675,1.4726131899745003,1.1617378419995281,-1.5786633900076452,-1.5576517726929484,1.574415121513838,0.08100948421711218
-0.8796813079477194,-0.432237164583887,0.7471937718875766,1.3227334857756807,0.8072979814600088,0.8199003406197284,1.0029389774093518,0.1582853817994154
2.200378355509579,1.0892239712916096,0.21990788229898914,-0.5565465899885946,-2.71140538621067,-1.9566814679534774,-0.5409498222669016,-0.14828122623181228
-0.6768322015441699,-1.6523271078511332,0.23568666193911647,-0.7703072488343214,-0.8166056362981674,-0.8762807865159592,-0.4226132535021461,-0.1919348181867964
-0.49219503120134056,-1.4755436258051435,-0.6634728714612519,-0.7645722481794339,0.3173193923324246,0.30168203168099406,-1.2562301220452026,-0.17554649575613437
-0.8278252188876528,-1.1645045234712168,0.43871579528177856,0.8354567726068096,0.1658459906032842,0.14233991400917217,-0.2337684387972816,0.15391127438909633
-0.2926535886890627,-1.14948211092761,-0.891090622498387,-0.7674337993190022,0.36366501399224327,0.3516602775003747,-0.9385869755629679,-0.1294725643674404
-0.9862424506642418,-1.2263484803999363,-1.1759626251150956,-0.7149926460926062,1.4412779925759165,1.488691992496377,-0.7094448488018528,-0.16277410211800275
1.3240478419663138,0.3626542231679278,-0.023554468946291422,-0.36892506643593304,-1.2253467851679787,-1.2699449590605556,-0.10446409689147543,-0.12632320703201066
0.5154846079104501,2.3328980717449426,0.10492704444234867,1.1030446666671414,-0.5048391960973199,-0.5583485069636108,0.10571406336021753,0.1428302022829547
0.9074530391248424,-0.0924742008656781,0.21137068853872407,-0.4455048427871847,-1.4226265940302394,-1.4383005307376178,-1.1889891276285558,-0.04939723804253302
-0.9107438371443513,-0.848225756689897,-0.21364452727910832,-0.5439814508742127,0.6143600646898105,0.6152958248606567,-0.08750700710724375,0.003733586634809026
0.7198552464265572,-0.6430569923219479,-0.3690918078178335,0.8875757751630119,0.6277789275081982,0.6295900154162895,-1.0477582424250296,-0.05779552427034561
-1.0855930081847296,0.008493386781986882,2.631714067002192,2.4899355236166527,2.0533208659382756,2.1366034436892685,2.5574016703994267,-0.17735446015239956
2.1956872211950316,0.8270083435352764,-0.553555019836496,-1.0376719671740693,-2.9943512806243398,-1.9746635691335201,-1.054088623143594,-0.21243480158315836
2.0938567734646885,1.24810469016416,-0.4000510171924064,-0.6539768380165857,-1.7803411938064249,-1.6877445996426381,-1.10036060795476,-0.17767522802915628
0.9774890432900587,0.22519662605593307,2.1250742251730155,1.474455888822607,-0.8849755362382968,-0.9463097378313265,2.5102239579496466,0.0046084081168728365
-0.2943215676244527,-0.63488257446352,-0.7301175280810629,-0.8149074724152487,0.13008337442008036,0.1046409329054159,-0.43619912490109913,-0.14236160086984717
0.06369224214124318,-0.35955926878023103,-0.4490077426393011,-0.5095729343799501,-0.10356916242789006,-0.14136267800732263,-0.7779572334551065,0.010440551330631574
-0.8945269151987378,-1.0417622371041673,-0.42412323337114977,-1.2322518775559022,-1.4100017571145602,-1.425802271128058,-0.6350493823088942,-0.06362766748410431
0.09586845871637943,0.5216644312247793,-0.606548266845967,-0.5586631723867641,0.03893092591342702,0.008780821427863223,0.4137835975010563,-0.05517105982415418
-1.2561666289536764,-1.5626383925206706,1.4576731728076475,0.8289412649888174,0.12573196661880895,0.1037034427042792,0.8926325041177547,0.1247505583203027
-0.9672473438452939,-0.9875182106013398,-0.4886303354914335,-0.6443114551082808,0.8036622605725435,0.815682788113732,0.33856563318839533,-0.11874142085412433
-1.1389226406124557,0.02709265097964729,-1.0018192421727856,-0.9768353226334553,0.8816146827929591,0.8998988194388587,-0.92301841131138,-0.05808713143103354
-0.2990910905907104,-0.48401969258382943,-0.10246541782772667,-0.5215224588432357,-0.00014806941887281425,-0.03129504599226469,0.16866135528209517,-0.0715010608226786
-0.6535014582233979,-0.5894687369364514,-1.0833297009680443,-0.9032484639649535,0.5201042927440442,0.5161045420532625,-0.6224542218522094,-0.07091784650130273
2.259209878250748,0.1194246838750036,0.030063739851158417,-0.5316407012780883,-2.248794922722501,-1.8833644510020997,-1.114258825439034,-0.17884165667190804
-0.0021529456059550495,0.3152099962324381,2.426464097504317,1.5483172110337908,-0.10527173801295711,-0.14219220270824784,2.7644903224379695,-0.1441112438339748
0.45282710216821165,-0.312244195690074,-1.1072289130364839,-0.9539250384733454,-0.3843164108075144,-0.433227369929592,-1.0800946041151993,-0.13235947525825095
-1.3820415724868624,-0.9045881260124221,1.4201654627593063,1.442760139046938,1.7929931454842203,1.8613482045257577,1.2291272758451521,0.11947246871185105
-1.00887467962652,-1.425024286439457,1.239899911551888,0.018035127850410504,-0.3177194311894973,-0.3663564412952157,0.7010017589771421,-0.19543410411505163
-1.118313554242693,-0.694289034800057,-0.8522238136334332,-0.8625859354412149,1.0507398594071384,1.0763131493969214,-0.6101161235168381,-0.09716249096321702
-0.76253817595303,-0.6034694778843869,-1.3165069560031133,-0.8431180674293769,1.1693175309499864,1.2030599779660338,-1.2474044786636684,-0.08928909762464274
2.1636045798601717,2.024071575922286,-0.5254813356312066,-0.6787487953439829,-1.7857607999089018,-1.6912418695407676,-0.6511715600009012,-0.12390286759830081
-0.624354164533875,-0.6057120574652202,-0.5112967020939233,-0.5912153570416305,0.5267291768272195,0.5228151495020383,-0.3275059488782601,-0.09803731244528084
-0.2658284169183786,-0.5135557313237321,-0.32170017218013974,-0.6230462814987443,-0.11381473824406256,-0.15162667010060724,-0.354901061996415,-0.09920374108803258
-0.44931946884533575,-0.4571787616370939,-0.08412558986224378,-0.5076012822214526,0.09786553867155989,0.07149173940663998,0.299167601755784,-0.05108855957452306
-0.7654897282281903,-0.74767300671654,-0.6848426380701755,-0.7476473954117887,0.5850290046621001,0.5840868737893062,-0.607070546120001,-0.1863942821337256
-1.1446492595559337,-1.475167462774412,-0.9264406825331262,-1.0505094313005308,0.40857483267371403,0.3966239141829971,-0.49381849710536796,-0.15665035174355607
0.0027096969982387206,0.657908286638464,-0.36740160176754855,-0.5377835293940784,-0.218618266608333,-0.26196221988703516,-0.37319123855013747,0.06033453652433749
-0.23196835813605302,-1.120211050754536,-1.189695266507338,-0.830437645369898,0.48198047171065656,0.47657987810583385,-0.9654601034697985,-0.14556927963741448
-0.2564484120974799,-0.9031073489810177,-0.29047441888367825,-0.48437006571322483,0.24154981571997572,0.2224206672067718,-0.2420161224457991,-0.20009981868605864
-0.2237358984131155,0.05584598546053874,0.9519854365448956,0.3338069209212355,-0.267322222147962,-0.31221582077636184,0.1584721393440449,0.04747466073799951
-0.2619228275123535,-0.4508913040223123,1.264959471076808,0.5043665194981072,-0.1293201581757523,-0.16739338590809458,1.5815337647210126,0.006941265402376331
-1.2917908541053753,-1.4346801616429408,0.2251243319937169,0.08046218190953143,1.8103664949530651,1.8796513482965362,-1.0170640446029964,0.052723589630382345
-0.21533506536112493,0.7058383880039355,-1.0469652668393863,-0.3577399776674986,0.6431094504579004,0.6458763666750833,-0.5575137579871077,0.030269838257411242
0.6239321086102402,-0.2903619373105652,-0.125244351265578,-0.4824689266523631,-0.7067849869469229,-0.7661656897331688,-0.6479125449132416,-0.04613123784282813
-0.4162909910282902,-0.3625864822367977,-0.5291819095082483,-0.4509249773390904,0.5658550492049067,0.5648761597008201,-0.8598356946186205,0.056222875558637586
-1.2072163785716776,-0.5809959396400195,1.8330343031704972,1.3608081687343498,1.2090772265270278,1.2451059372326188,1.2517217319069847,0.05884734000482902
0.9783829857955006,0.6345279260908843,-0.4512040840732692,-0.6966331401672462,-1.0714948691872122,-1.125544270940673,-0.5248276445748946,-0.16335731643937862
1.1575131724714949,-1.1105702896189054,-0.18554836559712337,-0.7044418516438574,-1.4963214724976286,-1.4949200044333153,-1.2301305653695658,-0.1395330114111742
0.5723794609256371,-0.4195125180323228,1.2725256342600384,0.9466813236823861,-0.5784927711508054,-0.6356816198555777,1.2782224765876165,0.07459412668197757
0.8060697082583311,-0.8304381544577849,-0.4813077918639188,-0.7703072488343214,-0.9234011460409232,-0.9823568798432218,-1.2474044786636684,-0.22077476637883334
-0.11503098299660458,-0.5220585514432343,-0.9478969399938196,-0.8179857118602876,0.22807627130527722,0.20774522149009622,-1.2928804846439905,-0.1689853346406558
-0.8398816187553356,-0.27328135957473837,0.29366199918320546,2.3156214135329387,0.4887814675016509,0.4826077254739924,0.35795779853060233,0.7024243436431049
-0.9259580976082908,0.23061745745452783,1.875403331033264,1.9210660380834113,1.1643587180974913,1.1959836393044947,2.8913182463631735,0.1200848437492957
-1.24013264247813,-0.9519168131553563,2.287148176991445,1.3565766140645048,0.4346330054339647,0.42265831955523153,1.6330437836440865,0.1075457358397144
-0.3225245821298129,2.091997769156892,2.7158626347162995,2.778805358223808,1.0788615741487622,1.1066646691450692,2.7200298737678206,-0.037091415861502094
0.574655274179541,2.5460684471832042,-1.0585365721679882,-0.691475925092492,-0.22415516555021683,-0.2679376328080765,-0.7984522753101707,-0.07704159687574941
-0.23630687614230694,0.6654238362059762,2.124266838458721,1.4830144056391796,0.3096622815175989,0.29461093546657824,2.4736939323703675,-0.13419660037058498
2.1693287172842886,0.4254269778575519,2.9302024579755526,2.4241756085580453,-1.9282863802529977,-1.7667245425937361,-0.9491933148849384,0.02376699857407026
-1.2706187312025503,-1.575791502751003,-0.4402220453454949,-0.7284117786583229,1.0197115387160192,1.0445822805766847,0.005316527481333088,-0.1298224929602659
-0.03173313508102108,0.5048262352495705,-0.6265298344799922,-0.4104179361852916,0.4073791683221783,0.39718083160347567,0.371953948760837,-0.13244695740645734
-0.05065325163696959,-0.14057036393380484,-0.26449212364224306,-0.4401268886981226,0.12427859011206308,0.09948882801721105,0.6620783363321447,-0.21847106980939862
2.079283287176626,2.0665349530579435,-0.9714688220863003,-0.5715006365132252,-1.2627133625466156,-1.3028939540385844,-0.9179167284220257,-0.010555164238899876
-0.9060469674843181,0.7009710489332863,2.2227228565356865,2.070379254437875,1.5803589596865077,1.6358389088731322,1.2972648645566491,-0.025718736594672557
0.3587993275612602,0.18590586966375636,1.0255261428047235,0.7784719388848282,-0.2942412995457323,-0.34098280539592346,1.6241643100375218,0.06847037630753093
1.8177168331637907,0.5475168922485208,1.0489118843983414,1.1049563237998086,-0.9690421538622983,-1.0280139007543936,1.162982388742398,0.06176341161170838
0.6892486961786913,-0.28818986634048066,-0.3406372486052007,-0.4767966900511752,-0.5927293138120202,-0.6504691092690817,-0.48382577646042874,0.02939501677534743
-1.173870247983092,0.1409733547926262,2.245910046414891,1.7425862915389265,1.4529554052407256,1.5008930078716594,1.483647167365081,-0.014346057327843055
-0.9479938435645309,0.43397758048699886,1.9140878755947737,1.2545658201167675,0.92661763795754,0.9449472040190934,1.5290497056172352,-0.038841058825629715
1.0618369066717457,-0.22817531312629527,-0.010464893298748244,-0.8367487724548038,-2.183052240680213,-1.8635767376379888,-0.8196665865358523,-0.21584660536320718
0.26814927970550667,0.7816797851296711,1.273294076360749,0.5531367104174476,-0.3455999624491218,-0.39287972984804814,1.9461784262941517,-0.1464441011194783
0.13222772900942917,-0.4230823489987456,1.7531024021551984,1.2553340954741412,-0.4283466956570434,-0.4801863101779412,1.5144123814515296,0.07692698396748107
-0.5937353215661599,1.6795570771801291,2.688448592430346,2.359991890058482,1.0079025436578368,1.0320930979965557,1.5555215265149607,-0.08928909762464274
-0.5369220633383115,-0.9581608951796284,-0.35345997692325526,-0.6762312566297293,-0.5784927711508054,-0.6354585214558592,-0.5409498222669016,0.0626382330937722
0.9115948332688013,2.470506541966842,-0.06500416917799952,1.2462135619818475,-0.4981222283560628,-0.5531863007677256,0.715827406939158,0.1361232375871322
-1.353641463679906,-1.6275958096173393,-0.31633808600366403,-0.5607862573524375,1.4517918875666678,1.497479581590502,0.005316527481333088,0.026478945168468063
-0.21158913932086673,-0.23446272153452466,-1.0304736037350608,-0.8826181673984916,0.17990762309428546,0.15740162355060255,-0.6101161235168381,-0.0825821329288202
0.7804747446544861,0.2499240436201015,-0.242266576014275,-0.4312556036798758,-0.6511161149170452,-0.7094042309055437,-0.6040402348393675,0.02881180245397156
-1.0533295254815072,0.09761429183905264,-1.4004102713815259,-0.6347793920832451,1.6233874244169744,1.6809108923897242,-0.9028650172951289,0.06467948321858775
-1.0332608533950924,-0.23306341121104757,-1.3639886712698848,-0.5758333379331445,1.6950066813655562,1.7587308927845748,-0.5659690823159045,-0.16044124483249927
0.22593827765917165,-0.29217422176959434,-0.6043885148004677,-0.8826181673984916,-0.7354421147858154,-0.7966872034561377,-0.5745443443168912,-0.19864178288261894
-0.9759969313851883,-0.6336286214477156,-1.4220227312584366,-0.8527834503376818,1.4564403659190182,1.5072746192059105,-0.7620472143315833,-0.026885165237424305
0.09140727112529574,-0.4343340304206605,0.05198904797378449,-0.548144497275837,-0.7042076654786809,-0.7631964769582926,-0.0069419647469651565,-0.09978695540940846
-1.2164378369513733,-0.9740980075068296,0.3718907190468224,0.08465299895407279,0.8859204268076116,0.9023858007446283,-1.640714481875469,0.07004505497524581
-0.07573993496794415,-0.4931894755380086,0.058878793426603356,-0.618408253265421,-0.7890431531819911,-0.8490383142640788,-0.3031333588037286,-0.1855194606516618
0.6699803328253436,0.11548091710908204,-0.39962061808183025,-0.5195164672669675,-0.5879682489613316,-0.6447138402553283,-0.48880149043082954,0.031144659739475052
-0.8025909407678752,-0.4366714712619574,-0.7974313158500468,-0.7997186497331767,0.6008158351861407,0.6010704661618723,-0.607070546120001,0.05680608988001346
-1.1401547520184403,-1.0843500077031627,-0.8874300370695226,-0.7476473954117887,1.3310871056296454,1.373350546314766,0.23930501423305248,-0.19455928263298783
2.1629182971692336,1.454841501701503,-0.3511670463417324,-0.6024159849322824,-1.7272311177172728,-1.656022684482744,-1.035292938232337,-0.20543622972664788
-0.3696014575477285,-0.6966143625135114,-0.9737233860739272,-0.7674337993190022,0.5289307610681782,0.5257722529691431,-0.8738412438092906,0.004958336709698355
1.9471544305079507,0.39152781835541967,0.0027209033685825458,-0.6347793920832451,-2.365459148998855,-1.9073065211932219,-0.9821767215584614,-0.20234519382335572
1.8787868694089531,4.539542130930396,1.2502774249201216,1.6860059578071178,-0.6461597239558884,-0.7048324612500453,0.8223481225885324,-0.14387795810542447
-0.2761228385132317,0.44278529380465403,2.1597852579200385,1.6120229754830862,0.28644526131578146,0.27013448641936816,2.4133161146498305,-0.0038481995430773306
1.6949607337364565,0.49586159175346844,0.01931227734207116,0.9281934789080631,-1.4874545155348293,-1.4896955251431738,-0.6778961690924191,0.13466520178369254
0.7445381518281138,0.09075583648113524,-0.5024368187218027,-0.8273035646567765,-1.1925210142639646,-1.2396076760252017,-0.5091242724657541,-0.06887659637648717
0.7418052168123263,0.5125056584150908,-0.3428704004206971,-0.09573881847195129,-0.21677732293992732,-0.2586962942755438,-0.3199014984896289,-0.22197035573765386
0.8071540893573458,0.6024721834874041,-0.15327188742454612,-0.3705378177228054,-0.7619949256142905,-0.8228774072246801,-0.0747792562706678,0.04310055332768046
-0.7823830587052667,-0.6295599585460475,0.48111306464356346,1.348974370858219,0.9038661919563377,0.9207504031387282,0.4243557683160332,0.14924555981808932
-0.8890116863784866,-0.022811385217730743,-1.3900270087598465,-0.6395289888740595,1.8730702583629255,1.946629579282568,-0.6414467524269052,-0.06800177489442336
2.325371000198142,1.2759175631121544,-0.39790364090101726,-0.6662518252666756,-1.96468351226691,-1.7820008629108763,-1.0170640446029964,-0.1791624245486648
-0.143997907614324,-0.7167510492374928,-0.9661091913759279,-0.8335860044043412,0.17148702084916018,0.14906891108955314,-0.5832429956100075,0.014814658740950592
0.7965416250449301,-0.8277615341921173,0.6691508758833633,0.6529046737892066,-1.0386938558794763,-1.0947378476633312,0.7447553821218983,0.09442341360875728
2.1582030730707524,-0.43105146015321005,-0.034317901456216104,-0.625377021019326,-2.317661096243656,-1.8981519404156038,-1.2562301220452026,-0.1447236188714195
-0.5226108859261083,-1.1549680075356756,-0.7333262706947995,-0.9464540077328848,-0.2692285247816863,-0.3144759610014738,-0.23870353424146787,-0.027176772398112243
1.9257617648437297,-0.1602422757760098,1.30531674376809,3.5073525179713383,-2.5281376906202104,-1.936161467044587,0.06912209688170555,5.836722461159535
0.6618367186531063,0.44211443976334847,-0.2746675571112329,-0.5693444300439015,-0.699066727665733,-0.7577864197837694,-0.8552383657357993,-0.21147249795288814
-0.0615809952444393,0.1278434501226522,-0.3517390471099724,-0.46005408780881335,-0.07159442937869925,-0.10653585669167367,-0.36907866599171824,0.05243198246969441
-0.6643735337737061,-0.4447755522563594,0.994349750614574,1.7305701532407842,1.0149994773280966,1.0396817360382216,1.2683349825407406,0.14166377364020297
0.43858068881868867,0.2640622500389729,1.5236050376497343,1.0055503808674526,-0.2635171203728373,-0.30787736121528886,2.575363430898428,-0.04438159487870051
-1.1992708783647987,-0.548041680637814,1.4861998568112822,1.6389859642095146,1.4857290983035074,1.5354423859801163,1.6598551998347784,0.13029109437337347
0.5154859524886637,1.872454697672732,2.390137152915752,1.9577016148047108,-0.01607947088451293,-0.04954311563148879,1.7081127460638823,-0.07558356107230972
-0.7766626637072356,-0.10615876927145658,-0.1588266682254766,1.1615619764653606,0.7991047499217979,0.8111300601517676,0.39148576263329465,0.13058270153406143
2.1648193944410616,1.7670099764538465,-0.8936731252024789,-0.6564144546984446,-1.536907906920108,-1.5255722306510804,-0.731430756602847,0.014377247999918703
-0.21537112515008866,-0.8671410118077872,-0.27592829739647373,-0.8179857118602876,-0.7433570185803083,-0.8042366098004864,-0.5575137579871077,-0.08549820453569958
0.3516253722454953,-0.14040522825281232,-0.3768382315426503,-0.4509249773390904,-0.20943683665477703,-0.2523698421258133,-0.2436792482118687,0.04514180345249602
-0.2080978577076982,0.14787191768328092,-1.3186445714465502,-0.9102643984671812,0.39295374637673264,0.3820791905310404,-0.9765529988218078,-0.10795195590867067
-0.04124847529543038,-0.9316911844712827,-0.8589534866416415,-0.8057541781652647,-0.035431165702533095,-0.06984851144208694,-0.5774300101046254,0.017147516026454087
0.8069015480649747,0.38365841923186805,-0.7578543350960518,-0.8149074724152487,-0.8966906944854902,-0.9554582433256872,-0.8416524943368463,0.04485019629180808
0.16250792288321134,0.06244544828700047,-0.4232095572354629,-0.548144497275837,0.006175792054685998,-0.0254686253143833,-0.4049610261564671,-0.1449860653160386
2.1165494138359704,1.8348296099268566,-0.7977223483604122,-0.10777665213129112,-0.6362974890245028,-0.6946761827714735,-0.644671004521272,0.04834948222006332
-1.2174374445663143,-1.5488824627130864,-1.2253949558009893,-0.8431180674293769,1.6449415218481611,1.7034003189257365,-0.7058570291633617,-0.017262128934722423
-0.7874973567846779,-0.3611100096396252,2.2925892407728816,1.5318407417925584,0.5786658213197905,0.5779586753517588,0.7766891474133,-0.04613123784282813
2.2206740828371734,0.26902140818590714,-0.7971404950767026,-0.6515477894250961,-1.5414884571574021,-1.5313136934042273,-0.9281635133004543,-0.10655224153736859
0.3801363620279188,0.5409415457146739,1.9059028369514146,1.3671073109833982,-0.4781560573848549,-0.532523959048947,1.8800802879444776,0.06409626889721187
0.14369835802538053,0.602889867862897,-0.9764457562013705,-0.7907630564179646,0.02186580390116177,-0.00935004799308292,-0.7166850052145975,-0.18581106781234974
-1.2710366729321612,-0.1933411489227079,-0.8192539446165245,0.8263749024293177,1.3449362534005127,1.386519125422769,-0.6677354957211072,0.12445895115961474
-0.3225287001661783,1.2240827584036404,-0.8731139811796499,-0.8997670278221604,0.11259882547565864,0.08622067908766494,-0.354901061996415,-0.03271730845118304
-0.9285209524036278,-0.9862935919085264,-1.1380685772851957,-1.0126910444121557,0.7413681138392372,0.7518311575559244,-0.7820010333799621,-0.179978924598591
-0.9778442827809416,-1.283544618444103,-0.5426411907974069,-0.8658845747008412,0.31604601241387753,0.30094789570260794,-0.5143135389604322,-0.12778124283545036
-1.2456971278936548,-1.4802907721851344,-0.3362998039098527,-0.830437645369898,0.5344201388650889,0.5339147967299565,0.34927699123857076,-0.012596414363715435
-0.6862462310683587,0.4529157247805988,-0.5417194383474764,-0.8894267309725968,-0.1732817722560641,-0.21281861741341795,-1.0669517857479418,-0.20564035473912942
-0.5387651386514402,-0.4040168600239623,-0.9188795516006444,-0.8273035646567765,0.5223159528893184,0.5192887058722311,-0.6162536973976368,-0.16802303101038563
-1.2084786534677416,-0.4710498064765943,-0.8024079186137845,-0.7789999875105901,1.2657519198556055,1.3058160491527053,-0.4006273457011522,0.006649658241688394
0.9097925389312745,0.3810267759977968,-0.017762039644972825,-0.5115502278970883,-1.1889191665874814,-1.2337119230232774,-0.38359675937136867,-0.17706285299171162
0.7410705122893609,0.8964327612509361,1.6267966171943735,0.9328620152917274,-0.5951157224892453,-0.6523292144067302,2.070366646209369,-0.10532749146247926
-1.0949051752148886,-0.9501418616164501,-1.093572105021755,-1.085956360631474,0.45907726323937836,0.453548626427867,-0.0561763781971764,-0.1887271394192291
-0.9825910906620874,-0.39275293530969946,2.3909774583236443,1.3114987150669135,0.5245242441678736,0.520642171079768,1.816870225212314,-0.11115963467623798
-1.170968349319501,-1.0533193119524926,-0.664932133549815,-0.7617224972842638,1.1196811951586292,1.149479498796259,0.7585576651339339,-0.21788785548802275
0.3447390234712431,-1.586069129233019,0.21577742279489343,-1.0814247797195877,-2.510128229904854,-1.9328458758368035,-1.2474044786636684,-0.01959498622022592
0.24738292852047272,0.659925518469554,-0.5875181513692962,-0.5956738474276069,-0.15553683903784954,-0.19578302207934895,-0.7542465146847153,-0.17560481718827195
-0.2547135154440883,-0.2698438053804675,-0.34955080836851227,-0.19221473259036945,0.5572512082601913,0.5553176175527982,-0.25885692825771894,0.056222875558637586
-0.14061404364189314,0.46546483273314065,-0.8053645381234731,-0.8210777242346008,0.08447633473198211,0.056924023815596705,-0.8644682524187145,-0.22197035573765386
0.06949265147721692,-0.3900887795079635,-0.36660867686518867,-0.6395289888740595,-0.261618308124888,-0.3054672381237866,-1.1732857555194152,-0.19047678238335672
-1.158965309820994,-1.2675820555945847,-0.7948215146188368,0.8894036414428996,1.7994181009880386,1.8681101517130791,-0.14692984148120433,0.09646466373357286
0.07787189111488059,2.7878967307520535,-0.7887974351685204,-0.7789999875105901,-0.34359061639764643,-0.3914028734388107,-0.543679153470188,0.0626382330937722
-1.0402441495935175,-1.0841726804620373,1.102073537562234,2.0168447873716793,1.4851604601538129,1.534573422036161,0.07799089898784785,0.1294162728913097
-0.6689431562324814,-0.6367653241412383,-0.9130096497155252,-0.830437645369898,0.6693042677136101,0.673500640811955,-0.8598356946186205,-0.15093485139407253
-1.2010977846599418,-0.7858700042464004,1.1396877215094254,1.2155087125558428,1.079614100998807,1.1060934530495814,0.9655865401386463,0.13787288055125982
-1.0069931136822234,-1.1434015483770323,-0.9828709965978245,-1.0724498014589254,0.1416236776985028,0.11880821646009582,-0.6010250373935246,-0.12224070678237957
1.128282302520492,-0.08098497086867754,2.31429123140684,1.3779945098032342,-1.2327434488868856,-1.2746509893108477,2.4584024612165587,-0.053129809699338615
-0.473787673638045,-1.6384577584725468,-0.14035956159832616,-0.7907630564179646,-0.6913893419703488,-0.7512427354838418,-0.6350493823088942,-0.1289476714782021
-0.5781875157810775,1.8608943050443647,0.039710312858883746,0.8145615615535812,0.0481551963375474,0.01929338936592748,0.050984361429214343,0.14522138100059587
-0.1930532597125172,-1.0357849555366732,-0.5303733653391569,-0.5036747738582249,0.16018292502708123,0.13702161238596705,-0.4454290115840144,0.05651448271932552
-0.14061972140636228,0.7421897426303096,1.7628959151945394,1.520006104985701,0.7212789756132352,0.7290143791912025,2.760025303371628,-0.15577553026149227
1.3077817939560983,0.7196928561085951,0.03603871750026638,-0.23998230187818062,-0.9384557251858264,-0.9975530052387279,-0.7166850052145975,0.05418162543382203
0.34603278110798746,-0.3247764983708157,-0.9280508886795467,-0.9317499718913053,-0.5435012991351393,-0.5984935824319755,-0.6610553632804993,-0.21001446214944847
-0.7811541656880981,-0.8994113119653426,-0.1662552090610188,-0.5607862573524375,0.42521140968103244,0.4174156689413255,0.15417542022858416,-0.2190542841307745
0.3089654235186499,0.02530461469844138,-0.7731634205007293,-0.8118428837442976,-0.4156295707425527,-0.46703281133852814,-0.6610553632804993,-0.053129809699338615
0.0650988444503074,0.6192057670240915,1.7743538701030206,1.0937943742258573,-0.2149387140136436,-0.2572398194168983,2.1057302843039065,0.016272694544390277
-1.2074698224124836,-0.7801758749549637,-0.8664893816164964,-0.9464540077328848,1.034532822465976,1.0623868331856319,-0.7860720644858628,-0.13944552926296783
0.08652728837665596,0.22473000900669982,0.7192477595359268,0.09543165413339576,-0.2807192819845396,-0.32548449780239486,0.9874919695206537,-0.06391927464479225
-0.8142238438570096,-0.23551299733721523,-0.9161295339264953,-0.9353967540362704,0.5583294849510747,0.5561278907509625,-1.0800946041151993,-0.18143696040203067
0.3846307168539796,0.8482640684130807,2.17571623147135,1.5331775217594494,-0.3118141564499104,-0.3590807226684752,2.5196036821137566,-0.007639092632020509
-0.43384115374696214,-0.49989487942084176,-0.8282650226020509,-0.7674337993190022,0.21174096671367965,0.1916754512908811,-0.3856995296120267,0.046308232095247766
-0.8848994342232355,-0.5940931051821968,-0.8092411300571752,-0.6812755389734592,0.9498405615443031,0.9712389629706063,-0.39632451020794435,-0.15810838754699577
0.792258888897318,0.30755676034083007,-0.3734999371902862,-0.9245136375744899,-1.7912007422920426,-1.6930025549057268,-0.9654601034697985,-0.21963749845215036
0.51104629754561,1.7618481629835263,2.4360181046589973,1.6163172961438679,-0.5999003570105892,-0.6567835158984694,2.5131925598678406,-0.0945380265170256
1.3403877525319683,0.6928525464039634,-0.2510683951550791,-0.57800991804043,-1.6119922818412478,-1.5780126285778198,-0.5603190801193723,0.051848768148318534
2.1862310323096286,0.11858039812997372,0.1102784661169573,0.5111616933506812,-1.2627133625466156,-1.3016216990734155,-0.9599890631016017,0.051848768148318534
-0.7796694911051409,-0.931583586293686,-1.4030487835046963,-0.9885817291672555,0.8449324827009853,0.860243741378308,-0.731430756602847,-0.028051593880176053
2.1640478894868753,0.8778506639553374,-0.8053645381234731,-0.2534800671586412,-0.5855935671133304,-0.6433453513935646,-0.8598356946186205,0.0034419794741210896
0.7941745575761915,0.006711855830734119,-0.0018249365308637417,-0.4824689266523631,-1.1084543966399634,-1.1603626727153482,-0.11514068051051848,0.031727874060850925
0.8470654896642263,0.4868919698978591,-0.07433138480169148,-0.4087094962229989,-0.8733542880850439,-0.9324994132196498,0.1728566936642668,-0.08666463317845131
-0.12927735225436912,-0.14126411750674084,1.6373696553700234,1.636778796530714,0.5366100833057728,0.5335093847951538,0.9549024289256891,0.09938073534045223
0.028939573211657153,0.2208495174674935,-0.2730188469585914,-0.3641092726420716,0.010900651024679546,-0.01995297450712917,-0.4764381590535411,0.051848768148318534
0.459890922173551,0.3947836253211895,-0.3228522693659344,-0.5460598392461873,-0.4541205823841669,-0.506336288811037,0.4470898034055916,-0.003264985221701457
0.1697853326454936,1.0316061453024645,1.9815977202034072,4.0908819918700825,-0.13278844438509557,-0.17075868162529748,1.6028714812671245,6.272704327104069
-0.9822540200235942,-0.28482889607303435,1.6268229807800223,1.4563256182837043,1.0863693223832245,1.1146451160710087,1.4054437018147612,0.09733948521563664
1.257309023904684,0.7426514927142763,-0.11794896541233546,-0.6940497217837477,-2.226547791364076,-1.8747585069834887,-0.7351740864247526,0.053598411112446155
2.0565331035182686,1.7598647617707561,-0.33246321328722733,-0.6138011454501293,-1.8298628453298635,-1.71478748347434,-0.8691365832200729,-0.049047309449707505
2.1635864965143186,1.2478241380851323,-0.24532521576597424,-0.6230462814987443,-1.9463707263189252,-1.7731970638673082,-0.7503835888595926,-0.20779824772822014
-0.6295929222939071,-0.7359484538826134,-0.4318583830554689,-0.7044418516438574,0.23348072469944262,0.21414180631755705,-0.18803130528530107,-0.18668588929441354
0.0724295930756974,0.5976610637937727,-0.3732985095542128,-0.28842500453169684,0.27338442573429,0.25519712474029077,-0.08879464515460875,0.022688052079524887
0.7224221400379033,-0.6109568367066266,-1.1737190281942984,-1.0086139611245322,-0.7972570161972371,-0.8563140609821893,-1.1072697784108716,-0.009097128435460193
-0.7731344487424217,-1.0444707545937335,-0.6870438172850282,-0.7907630564179646,0.5387967246615825,0.5360872170094869,-0.13987555100006596,-0.20943124782807257
0.6232268126838528,-0.5061728563903596,-0.1723599692290998,-0.5235342902867693,-0.8733542880850439,-0.934685613594598,0.06912209688170555,0.006358051081000457
-0.1626990845730136,-1.0825776073772615,1.1174739573795058,-0.5215224588432357,-1.5881080028509238,-1.5651608052863049,-1.0111078798262416,-0.08987231194601861
-0.9279583686966265,-1.5909092842799284,-0.5142941793933087,-0.6588607001299094,0.6732925589333821,0.6784537400163317,-0.8881789711891058,-0.01755373609541036
-0.24817159910222603,-0.4314465986312706,-0.6591267785105844,-0.7731926960859541,-0.00014806941887281425,-0.032378678037018355,-0.664386202751597,-0.21730464116664688
-0.12495316222990198,-0.195594729183594,-0.7330785278078304,-0.7338532525427129,0.11113221640363077,0.08520296561553069,-0.5014229474939992,-0.12428195690719511
-1.0211613718930974,-0.34975967615425124,-1.3712567466845662,-1.1427881179074242,0.45213514489494044,0.44437148321035036,-0.42037833105036587,-0.11640856356862084
-0.35402784385926306,-0.9820701932636592,0.9777241932933602,0.9259710104872491,-0.19486643316572747,-0.2366616745763941,-0.12327370677790733,0.11746037930310425
-1.2630938833792924,-1.2295778197201266,-0.7764624747314601,0.7256787717693178,1.2437503400091476,1.2781608758759788,-0.6224542218522094,0.12066805807067159
2.3669618751885393,1.6844835615743543,-0.6006368019680262,-0.7997186497331767,-2.1408237325373967,-1.8473934116121333,-1.0935295088921442,-0.054646166934915884
-0.5219356909089422,-0.35785894160661735,-0.8482397294700653,-0.896303042560362,0.19798618664547382,0.17558640296741493,-0.3313443480248924,-0.12282392110375545
-1.0561669927918362,-0.8207626365184304,0.19895944373527966,1.262362439537007,1.0908553794255904,1.1191461474381517,0.13489841260566754,0.1410805593188271
0.6673167906677901,3.1869212978163124,0.27566616536209865,-0.49977044927641695,-1.1394109381748125,-1.1905028868721192,0.7062148913213633,-0.0872478474998272
-0.5781656758258135,1.249506722881601,-1.0893228137579793,-1.1137881868705504,-0.631391416849841,-0.6896330616695084,-0.6162536973976368,0.03697680295323379
0.8763654981150997,-0.977414989372812,-0.42999753297821713,-0.6371501100610071,-0.8362159847923671,-0.895802405096086,-1.34205765214608,-0.011867396461995576
0.04411543724413113,-0.045265312523044575,-0.28656501720645516,-0.5979139259296549,-0.25593674783918574,-0.2999947832382512,0.05810272936178551,-0.22080392709490212
0.6270325227477886,0.651841489575674,-0.5925397729316324,0.24036188194839103,0.30838215521450274,0.2928571357658799,-0.8930347871322027,-0.21876267697008656
-1.0323868915409553,-1.0194601472886569,-1.0845211567989528,-0.9353967540362704,1.0499721903693122,1.0756653694224292,-0.7058570291633617,-0.16598178088557003
-1.2710412470638235,-1.1550297523896156,-0.9634560856054007,-1.0724498014589254,0.5583294849510747,0.5580744731154803,-0.4006273457011522,-0.1791041031165272
2.166659610654879,1.5295247915239194,-0.44392939494026645,-0.33283408895699235,-1.4918812149865783,-1.491776771528396,-0.6677354957211072,0.04053441031362661
0.3905903991364702,0.1160448999797055,-0.35212083618897577,-0.6443114551082808,-0.5951157224892453,-0.6523292144067302,-0.5832429956100075,0.018313944669205835
0.11064943687707585,-0.23204966582420836,-0.4828940365459887,-0.7176557076262194,-0.390525169522264,-0.44039665998425837,-0.11245380571127303,-0.05196338105658687
0.896355141862194,-0.10115453683225153,-0.051769341399796526,-0.45638795924896525,-1.2106657185023497,-1.2550378999907323,-0.6577427750761677,0.02239644491883695
0.47378935630221114,-0.36637846417248654,-0.08958429288804237,-0.59344100667162,-0.8589575169028132,-0.9177688128194398,-0.7779572334551065,-0.21497178388114338
2.4018620640297472,1.316762310632758,-1.0330879566467948,-0.8725294683282323,-1.7857607999089018,-1.689489242260594,-0.9028650172951289,-0.1294725643674404
0.15410503743213783,3.534581552047192,-0.42561242573955327,1.7426621617275941,1.0675265442078943,1.0945400321412884,0.8621315919322096,0.12679180844511823
-0.9547822454520989,1.0047266819232359,2.0124113759586373,1.8153971101339825,1.3081355506376264,1.3499338615992449,1.8754958432260356,0.03143626690016299
-1.2837162264244784,-0.6570760373530848,-1.1634122622019463,-0.7645722481794339,1.8067262094394794,1.8734084421241497,-1.321904258129829,-0.05925356007378529
-0.7434707542926858,0.48332165337024924,-0.8276370049782457,0.6551043476234242,1.1108726033361411,1.1401195618516078,-0.4548020029745905,0.08975769903775029
-0.492947279727921,-0.15570189024886497,1.0170117998448507,0.3390312822288253,0.2694431194262577,0.25147447267309353,0.28335708816037447,-0.21613821252389512
-0.5386353621988379,-0.34353384974899803,-0.8787790274260259,-0.6712235273776747,0.6969946063925674,0.7035200485128411,0.09724557856349811,-0.09307999071358591
0.6760317847013373,1.3724386043335706,1.036227634787684,0.7513066910834024,-0.2961833533446021,-0.34295196249622356,1.3781696797888994,-0.21759624832733482
-0.36312130256209096,-0.43528444729194776,-0.8041792648003998,-0.6092245485063877,0.45097488637437905,0.4441852792475952,-0.17749101128318523,0.03989287456011316
0.6223224395496763,0.2878964607990466,-0.4821001273767181,-0.7393379131793646,-1.0982807201936606,-1.1521082187556357,-0.48880149043082954,0.05505644691588584
-0.5754817147285191,-0.21505058401129346,-0.8279508904559596,-0.7420966538201932,0.6410747231848617,0.6450544747695168,-0.07226554855469408,-0.22197035573765386
-0.5748635624876199,0.2020286110006573,-0.19704308163824946,0.47980719917475306,0.17429932618123478,0.15103330479113497,0.568887184927929,0.1025884141080195
-0.9285279260962087,-1.1323431742213126,-0.9264406825331262,-0.9464540077328848,0.6380172676880624,0.6423958546697212,-1.0291553643515383,-0.13477981469196085
1.2154841855162593,0.905460902847257,0.06356441343022577,-0.17132766459445722,-1.0714948691872122,-1.125544270940673,-0.02638977074931424,0.030853052578787118
-1.051617754034945,-0.803719566725493,0.36025064317715716,1.0048887593590103,0.6881516874155942,0.6950462593444534,0.7936940690008881,0.14253859512226683
0.744401030069787,-0.16270473795674747,1.861375001099765,1.5897632243112423,-0.5690788228507895,-0.6266395158897197,2.0347300757491786,0.09967234250114014
-1.2288651317660841,-1.03595706883927,-0.6439797351427797,-0.7819220367384917,1.1945554729463392,1.2294008494262083,-0.5091242724657541,-0.21555499820251925
-0.7759715412551468,0.19019403308946073,2.406512734163511,1.5851095797034138,0.5658550492049067,0.5649586618735142,1.7836786886077336,-0.08520659737501163
-1.1503460619141876,-0.2694146230760305,2.3907485501506134,1.4323786536261645,0.8244442229917927,0.8382083150771169,1.2736374538560753,-0.07966606132194083
2.0502629537358477,1.6394977233554986,-0.49472291443005406,-0.45456216264457205,-1.199751667377802,-1.24395323632702,-0.7581342826472411,-0.2084981049138712
-0.3222608252250509,-0.242110260875111,-0.5941111216325211,-0.3901902400454696,0.5903104055633792,0.5904682739496233,-0.18048381855718812,-0.023677486469857033
-1.195642092905173,-1.3956805393541138,-0.56624092788696,-0.824183633340422,0.7564894289621662,0.7663395763052553,-0.34892527197546713,-0.11115963467623798
-0.9860916490293488,-1.7475357625548777,0.11517370607269035,-0.225433056856552,0.873831970098827,0.8912792160101306,0.28544292979722896,0.01598108738370234
2.0731525174939485,0.7514398651053741,-0.21229612615119212,-0.625377021019326,-1.9832305832767985,-1.788739131637837,-1.054088623143594,-0.1382791006202161
-0.23631163925311532,0.4092720393943684,-0.8752289762477374,-0.8367487724548038,0.18130631393510935,0.1595477055373842,-0.8738412438092906,0.004900015277560774
0.8156976419667643,0.7017177994160524,-0.44117549394381117,-0.6092245485063877,-0.7646771519928302,-0.8250667322479496,-0.49887748758732553,-0.11903302801481228
2.0940659447497523,1.28691049156916,-0.08824962341662344,-0.5607862573524375,-1.96468351226691,-1.7820008629108763,-1.0414934626869097,-0.216721426845271
0.8164020397193662,0.3692518319057304,-0.1543184620494353,-0.5195164672669675,-0.8447023091849932,-0.9053849713408705,-0.7503835888595926,-0.07995766848262877
-1.2296021376798645,-1.4710354188137735,-1.1850651012026179,-1.0086139611245322,1.1349686086321549,1.1673264749814922,-1.1579799801590291,-0.06479409612685606
-0.8269177860927085,-0.9456315645866917,-0.8235787657019058,-0.9245136375744899,0.362431714943761,0.34881236916852215,-0.9028650172951289,-0.22080392709490212
0.6010198419927578,0.06162927200997035,0.09362881531416663,-0.4509249773390904,-1.016166875199502,-1.0731575812105043,0.5242859320535951,-0.0324257012904951
-0.6977544283586465,1.2455779722032372,-1.707512372256355,-0.8399260820186822,1.5349155349188983,1.5891796884586813,-0.30129862041613753,-0.024260700791232874
-1.2361964026295866,-0.05381801071187968,2.060201017292789,1.8963069137269566,1.2437503400091476,1.2791889117260433,2.199858171645593,0.19531949120678335
-1.1118579751507,0.5466956199981521,2.2640930788642977,1.7678405772762638,1.4604955935814952,1.509619364883929,1.7054678951442939,-0.11990784949687608
0.18957845589275976,0.28890036405115593,1.6760077877729074,1.3646207618291724,-0.05998979267819793,-0.09469925573766692,1.8372458415326516,0.06672073334340331
2.541201044942605,1.2438913034623518,-0.18744134372985596,-0.5629158849631676,-2.271388776549037,-1.8862766201106453,-1.054088623143594,-0.06771016773373542
-0.47882955038882585,-0.4247423053576173,-0.4351358619696356,-0.3073196136033361,0.34505445105407917,0.33037093856813854,-0.12600921295971507,0.06438787605789982
2.168580070278347,1.9461771204938831,-0.3869195294386339,-0.5736635916835955,-1.716838650676084,-1.6480938631060864,-0.9491933148849384,-0.15256785149392496
-0.22405676792340515,0.38467404766262797,1.022894984672062,0.46406257668765166,0.24957424364639097,0.23104692086407597,2.0603920439117163,-0.09424641935633765
-0.14606641677527502,0.5125056584150908,-0.43396224651903786,-0.6161008600941525,0.10672346609040663,0.08040034545507214,-0.3794130344754706,-0.05721230994896973
0.29847161622283636,-0.4170468978094353,1.6663478191033347,1.1766972659698567,-0.7808755656968273,-0.8398009202387846,1.1785481978009447,0.08888287755568651
-1.2701144889394735,-0.9240694019375228,-0.09426599538500949,-0.6637793231201189,0.8009294738178989,0.8122383466657593,0.06812859487554454,-0.20447392609637768
0.07790007099063492,2.8806968683184304,-0.8647641604001649,-0.4767966900511752,0.13874720265948,0.11452155271616157,-0.2176031485479598,0.06642912618271538
-0.33173292056528864,-0.6210532962453801,-1.0624693262336509,-0.9281223330478493,0.14449445674362513,0.11907260303907288,-0.5980248037682963,-0.07704159687574941
0.6144571760973466,0.2558838372964987,-0.061434892675059964,1.0140943099221336,-0.4497929882928929,-0.5022193758095574,-0.23870353424146787,0.13029109437337347
-0.5225196144631601,-0.6390095469724418,-1.0299527787293548,-1.0086139611245322,0.1081945397265843,0.08191085653592513,-0.6917149612550663,-0.20418231893568972
0.1356458226122093,0.33135724986200643,-0.46274818135809226,-0.6207233764114971,-0.081615733872153,-0.1171045394652395,-0.05862393552694408,-0.21788785548802275
-0.16077169743876368,-0.575328719012165,-0.13284084836150642,-0.59344100667162,-0.3536653125643918,-0.40180192381983915,-0.05373869007698858,-0.07237588230474241
-0.8302207279392265,-0.23096670738005665,-0.9856566046326198,-0.9137992584137022,0.7048099511634766,0.7112941514610029,-0.8738412438092906,-0.10474427714110338
1.9425406345870757,1.8269964993465362,-0.7301175280810629,-0.7848564938559499,-1.5277899967134925,-1.5176761077667182,-0.9545670910208139,-0.11407570628311735
0.9623917509510876,3.453652246855895,-0.6134654973517926,-0.22937075191374082,-0.3926006787444191,-0.44241218249103903,0.033339711222673436,0.0626382330937722
-0.6359581845974349,-1.1268724823849001,-0.5677120390210787,-0.28129322180610894,1.0134253806000986,1.0376775587526468,0.13311509026623233,-0.04875570228901956
1.8580610950381817,1.087521335642472,-0.8134583989366803,-0.6662518252666756,-1.217987668127068,-1.2612740589918716,-1.035292938232337,-0.15574636954542348
2.143244581909442,1.933083480978979,0.6863176066516389,0.12443158517026946,-1.8187109215394195,-1.7092239707208103,0.3191875051096785,-0.22371999870178147
0.6485302560332855,0.5614366718531543,-0.15888555209320163,-0.1557705972959398,-0.3884526274336754,-0.43812515204404684,-0.2726757204203661,0.048057875059375386
2.129562507181031,1.3363536476846334,1.9557011983233432,1.1647207287983647,-1.8638427511148878,-1.7319800740542133,1.7632498986810798,-0.01667891461334655
-0.3509848507874016,-0.8233773935915537,-1.0458805086829719,-0.6889116786892082,0.6930710777621641,0.6984103654812371,-0.6882305375761715,-0.03184248696911923
0.3099315217759776,-0.5027830338669554,-0.14227566939823988,-0.5629158849631676,-0.8000053448763563,-0.8611084696748864,-0.232132319166201,-0.012304807203027499
1.1020697638368666,1.4692238966090618,0.5657216751267877,0.4025268647460136,-0.6387567651766829,-0.6975505956630029,0.07896833789873675,-0.01201320004233956
-1.2710495649910136,-0.11247643336372759,-0.8062558052381462,-1.07692272071696,0.25489929258674837,0.24035626728457996,-0.44775867086268584,-0.09978695540940846
-0.8589688570018118,-1.04677944502997,-0.44260994453337615,-0.7532430827685969,0.3525273693740923,0.34023531959023495,-0.013734686038757824,-0.07791641835781321
2.17882709834971,2.095902263345936,-0.09834468340868815,-0.5377835293940784,-2.0664616409214362,-1.8218540569685517,-0.8110913245348657,-0.06246123884135256
0.6144566367671314,0.27330028704326786,1.6554292178081778,1.504868470305044,-0.4177413598181648,-0.46998939962109193,1.3560192679972942,0.10637930719696265
0.5632474110017983,0.05215494318403148,0.2400083792998372,-0.3162175512861359,-0.8110510588362735,-0.8719136926300448,-0.028719430027985705,-0.10037016973078433
0.9651650444642785,0.023514604503737192,0.037986703424467076,-0.2798756549238505,-0.9752376459581731,-1.0342816084608855,-0.356906190981157,0.04601662493455983
-1.19200628236091,-1.37843923809079,-0.3732985095542128,-0.6838115550773954,1.0461277358648673,1.0731469125859967,-0.42710803877778564,-0.21059767647082434
-1.0919964723625473,-1.1842377883146296,0.871245400370099,2.4088100584633625,2.002474925477364,2.0820723422937855,1.7332479002724606,0.14457984524708234
-0.8522774881728503,-0.8976191293100266,1.058861767606192,0.4543428157163858,0.7145202550079686,0.7203683372866129,1.8036086880396889,-0.09687088380252909
0.18932775716003664,0.5085266362055161,-0.8098408798100889,-0.5758333379331445,0.02186580390116177,-0.008047796480995474,-0.7427310077568168,0.03697680295323379
-0.4915360047309691,1.2330548768484408,1.6394512443810167,2.250315368992742,1.4947971056260148,1.5466423233415152,1.1624945238863125,0.10987859312521789
-0.9711511978075552,-0.4090837882468709,1.2766844006350049,1.3399301433109527,0.9173915886629767,0.9349466222492344,1.2435253327669737,0.13058270153406143
-0.6362631860636412,-0.6478821381748177,1.1507376289328592,0.8994998992753511,0.16866924941970607,0.14641464558804243,-0.1760001453372553,0.10958698596452998
0.5310753904016245,0.8187857094685266,-0.2860790194136657,-0.39519192855807994,-0.3020251729781319,-0.3479722509256175,0.4149052041951169,-0.2199291056128383
-1.1793367088872277,-1.292727535071195,-0.7018837593334255,-0.8495466125101107,0.8927831281152765,0.9106751195071966,-0.2520642069659263,-0.2068067833818812
-0.5206136066717485,-0.22100951398444327,0.11921756109104262,-0.40530523508869326,-0.06164192156817854,-0.09597833694225559,0.9245688595665106,-0.01580409313128274
0.28909943361306417,-0.08160909812038743,-0.05493502368489554,2.5967390655703526,-0.2635171203728373,-0.3090168068135521,-0.3856995296120267,0.8604754247359666
-1.2374276963595539,-1.9312570499701676,-1.1935951329070698,-0.9846440341100666,1.236341649142456,1.2708855295928776,-0.8327619541880672,-0.14848535124429385
-0.5051601610565263,-0.6058880773027419,0.905855137354226,0.3028230180045496,0.2929318177480651,0.2767830630056283,0.8081908467664254,-0.04175713043250908
1.451241756126488,2.4149177075788515,-0.38879915579534785,-0.4419148938683532,-1.6168167220474163,-1.5846039856606575,-0.8153637510426445,0.06526269753996362
-0.9072903222781601,-0.9863492363340264,-0.6242596922573652,-0.830437645369898,0.5829110452728986,0.5837312677772238,-0.5169249721126223,-0.2199291056128383
-0.82801775522885,-1.1840617664297786,-0.43938963928913344,0.4750738682537723,0.7347026172971963,0.7427705415409832,-0.39847209980101145,0.09850591385838839
-1.261700794298478,-0.5903402503875295,-1.518928228807783,-1.0167923241813837,1.5382091590785727,1.5941846870324805,-0.5575137579871077,0.009274122687879825
0.04194151694548806,-1.3954656780622476,0.06420525477502945,-0.23998230187818062,-0.1397500085138077,-0.1791003620721132,-0.4913047893893942,0.04980751802350297
0.8834748805132216,0.25559930191455554,-0.08266297156255717,-0.5439814508742127,-1.1710429481813094,-1.220127063097201,-0.039315441324010825,-0.026593558076736367
-0.3437324086602055,1.2344982671075921,2.3506437167825003,1.6454781672635732,0.3832564330022127,0.37170759926948993,2.4341391634211242,-0.07091784650130273
-1.244115661195961,-1.0170765785229556,0.36991919686610886,0.6949297305417228,0.3661284690353916,0.35189735531337685,0.7349357969645578,0.1410805593188271
-0.8415945517044581,-1.0774485753733736,-0.04325694783395836,-0.436564697239692,0.5807899871856088,0.5807720452434567,0.6311475537385706,-0.22401160586246943
-0.03668794958553208,0.7491518345234147,-0.5391192901703337,-0.9137992584137022,-0.9414854921068506,-0.9989910406960725,-0.24035755944476456,-0.026885165237424305
0.6205587052423482,-0.04227829773290321,-0.819868918792174,-0.8691990348327748,-0.8027588935561024,-0.8629219618988034,-0.6414467524269052,0.02414608788296457
-0.2598914880475787,-0.008006919604878707,1.9258084288417565,1.4887347993122593,0.0481551963375474,0.018808900033256824,2.1880135089063093,0.09471502076944524
2.171149981457826,1.3668037038701404,-0.9741758288334117,-0.19974000055667754,-0.0917067927865032,-0.12818070098016973,-0.7277104628026135,-0.07004302501923892
2.1617562614364867,2.233879633275102,0.1838585794455603,-0.22937075191374082,-2.1902114796444296,-1.866341719991339,-0.13987555100006596,0.043362999772299606
-1.0522940427440624,0.15604837127134627,2.5606520444490912,2.021826729946388,1.5205560588402325,1.5733277292446546,1.7836204612217328,-0.1575251732256199
-0.3223011420474809,-0.48018705226464053,-0.9875245198789361,-0.9539250384733454,0.020304422011883892,-0.011180672065984151,-0.45009734238537275,-0.16306570927869068
-0.729824685812536,0.3332250747804389,1.026525829396626,2.366789798431547,1.4146547459349037,1.4620069952883865,1.69853663557717,0.13670645190850808
0.6882717571297522,-1.4273598298561498,-1.122679459915731,-1.004560790486361,-0.8055176821032899,-0.8647440829841827,-1.2133365455991265,-0.06263620313776534
1.1525808466899743,1.0177452372857172,1.8923448854105513,1.5996310304236412,-0.6071070476291732,-0.6642843770957307,0.6397062606261705,0.06088859012964457
2.3322882184385056,1.3140711054727197,0.5646534225614261,4.653680533117174,-2.2638183001080843,-1.8862766201106453,-0.92301841131138,20.57737695178652
0.32115026077135767,0.8604504092928462,2.470791622893289,1.9808202870812635,0.13297707387193944,0.10832014485385569,2.5663854503038395,-0.12019945665756401
-1.187394012549286,-0.5584022057030299,-1.0568628789957109,-1.0209180893479877,0.9190734252136152,0.9367648952531351,-0.8506757340053788,-0.1703558882958891
2.4379616510383104,-0.025885809226980853,-0.5160171697132234,-0.8118428837442976,-2.2638183001080843,-1.8862766201106453,-1.1430521640699038,-0.2231367843804056
0.15118880172575974,-0.05203755648866869,-0.050420257651046435,-0.4786822672449465,-0.33757923413952273,-0.3854356375130261,-0.2622821262853601,-0.1855194606516618
0.008186547533022647,-0.6140499443776458,0.49065402395072816,1.5228274164638922,0.19660350371371024,0.17577414906628658,-0.3049736824005037,0.15099520278221695
-1.2566647105091246,-1.5276100503178187,0.08319281679804139,1.1200621408229274,1.4336369214621125,1.483053628596586,0.6932735837984284,0.14049734499745123
1.2674214978429874,0.055143577275107346,0.045967380477461475,-0.42423966917764816,-1.4918812149865783,-1.491776771528396,0.009713243840431955,0.03406073134635442
-0.06159272486790504,1.8918079438216402,2.3175707058206547,2.2251142679759184,0.5712066349941217,0.5708525884265924,2.105559368627585,-0.18056213891996686
0.04749706820920518,-0.45814266778062723,-0.3542272192611608,-0.5275756094811561,-0.09339548598158608,-0.12936859923330724,-0.5547213935090258,-0.2143885695597675
1.1278601445373646,0.579332249890887,-0.03587328526815977,-0.3420689294472954,-0.8418680112263953,-0.900898119868569,-0.10050849389356759,-0.21526339104183131
0.0394652083099531,-0.48487716016203,-0.9710194312179127,-0.7967205382507511,-0.09847339990884192,-0.13494125280110164,-0.7901706960133761,0.045433410613183955
0.783524877227104,-1.3023008032701362,-0.3952355417193864,-0.5336822496248506,-0.5550715356803587,-0.6110503923653688,-1.1889891276285558,-0.057474756393588844
1.321168056381066,-0.6947538336384683,-0.02917656838960155,0.9810953266917645,0.07848565288499937,0.0502465597994187,-1.035292938232337,-0.0954128479990894
-0.6307876801347589,2.699234223634311,-0.71753409010557,1.5094553105369521,1.2007969016234352,1.2347480017001804,0.23780489972960928,0.12854145140924586
-0.48964135295297495,0.1010696643408446,1.113870633584615,0.6612990009756889,0.5518477620344759,0.5498547092128399,2.5245986094622843,-0.20418231893568972
-0.5199167209723898,-0.8239310560192477,-0.06973479403815808,-0.5175162817525839,0.09193004238030913,0.06572740726479599,0.6579695752697722,-0.2199291056128383
-1.1389065499368212,0.5575760730372317,0.21241878767318806,2.090619208650561,1.8612712303134387,1.932855866367666,1.1544698236689366,0.14603788105052207
-0.6318240447249203,-0.9600212984832287,-0.2674944665533517,-0.6787487953439829,0.08597014521351591,0.05942106651476347,-0.14692984148120433,-0.15081820852979735
0.3689474207796068,-0.7674367283688596,-0.2318126329688718,-0.4383434977399111,-0.4562892334154295,-0.5077717488552368,-0.3649938812978773,0.016564301705078215
-0.5279839076309252,-1.2439942735162042,-0.34436612951976103,-0.6324167791400264,-0.030568971282268844,-0.06441294209718959,-0.5519418675336507,0.011023765652007446
-0.32791620995116755,1.0469065009499938,-1.2161667086304504,-0.6443114551082808,1.0228444258218856,1.0473061034235416,-0.48382577646042874,-0.018136950416786233
1.4305722012319448,1.442882338203787,0.6272350741661443,0.41195775032842336,-0.944521604094124,-1.0036293822431201,0.8766614680377629,-0.050796952413835125
-0.4260777355367508,0.0022600312735164283,1.9843625535808003,1.2198871661431978,0.428751687250038,0.4195000663732092,1.7437259950014425,-0.1686062453317615
-0.5550364470301341,-0.1872108930887016,-0.24730391531531445,0.84302784348274,0.4567669154292125,0.44921410359925606,0.0031061197731617625,0.1270834156058062
2.488567410472678,2.4700774950663034,1.972270439216075,1.5369681107122966,-2.0020180117833264,-1.80023994769901,2.2870863731511966,0.03668519579254585
-0.8263945810381332,1.4545945363919568,-0.9931812152475638,-0.36892506643593304,1.604653945521662,1.6629006109273785,0.15589777419897247,-0.00851391411408432
-0.7586627732460886,-0.5357817809259215,-0.7544433982464579,-0.8118428837442976,0.5311290070451713,0.5283918400748632,-0.4115203581501368,-0.161607673475251
-0.6347629326563264,-0.41219716937970374,-0.675084631912287,-0.8087918253102078,0.2641713210932533,0.24672512771789548,-0.8930347871322027,-0.023677486469857033
0.1495866900854841,-0.510814337924809,-0.3032816102099388,-0.7560580097270124,-0.9324151208462645,-0.9912890257031156,-0.7581342826472411,-0.05837873859172148
0.14896403040067796,-0.23271377223682072,-0.06766704219550387,-0.5275756094811561,-0.5138438396057723,-0.5678569343040037,0.07896833789873675,-0.03184248696911923
2.397037748011173,2.157896864727336,-0.24554458820466155,-0.535729847012589,-1.952449321991716,-1.7775736645588855,-1.1579799801590291,-0.2047363725409968
-0.14536870453611297,-0.28288055716968247,-0.09326528604942909,-0.5544364704475007,-0.17685697245037138,-0.21773209731765414,0.6067625648348198,-0.2190542841307745
-0.35595589982674697,-0.9232663722537405,-0.17967442611664883,-0.776090241684289,-0.6862935794513008,-0.7458490069903693,-0.5519418675336507,-0.1601496376718113
-0.6006889980432777,0.9636617307811637,-0.6404282821489442,-0.6889116786892082,0.47856797203209933,0.4729195625024716,-0.4913047893893942,-0.01667891461334655
-0.3062758704319699,0.8315484448850586,0.13445913415637153,0.8424698591062152,1.1493796909556997,1.1807036862332743,0.3943908419126151,0.06409626889721187
1.64271694779183,2.474329942637812,0.4233020011807228,-0.13250026361040096,-1.5277899967134925,-1.5199155784313267,0.34236782078245925,0.029103409614659497
2.460556053589754,1.8705734924149733,-0.9851909864840743,-0.8367487724548038,-1.904519570204445,-1.7540987267330845,-0.9333527797951323,-0.17647963867033575
-1.103961582866869,-0.23446272153452466,-1.2245471651643647,-0.8399260820186822,1.5930853876647777,1.6501212183250882,-0.7351740864247526,-0.18021221032714135
0.24382942731879154,0.6649516165026289,1.5512133524608596,1.2987815854887348,0.20487988933571818,0.18351181592375185,2.460819772215773,-0.13419660037058498
-0.03509759937853684,-0.31997329112660094,-0.5431028653072398,-0.7420966538201932,-0.22971329227157616,-0.27301101006380707,-0.6544482392132294,-0.1951424969543637
-1.182078243580569,-1.6908762678172438,-0.7688066129530738,-0.7848564938559499,1.2491147973568881,1.2882897596981828,-0.9765529988218078,-0.20039142584674657
-0.07106900311010744,-0.2990794353879412,-0.2462034287929575,-0.2728311126509243,0.25090734070037957,0.23146448033488326,-0.17007317791554186,-0.11961624233618814
-1.1239310752673322,-1.6636100322651632,-0.898513920979557,-0.9885817291672555,0.604996783849025,0.6073293133576252,-1.035292938232337,-0.09424641935633765
-1.2224047981536745,-1.4894474734918703,-1.1155237529846345,-0.5629158849631676,1.8090024588379539,1.8765006779568036,-0.5491750625454654,0.049224303702127103
0.7589247860082081,-0.3030906728106196,-0.14899786144236285,-0.48627644930227626,-0.8791532675932655,-0.9388494682841998,-0.6952195846043339,-0.022802664987793222
0.4735347953017183,-0.0960050263930572,-0.3152916635858458,-0.7420966538201932,-1.0225675166960668,-1.0784397117453592,-0.7739403028311149,-0.09307999071358591
-0.5268477940855518,-0.5233127353938885,-0.8661437411839542,-0.9390628825961186,0.15307284238885194,0.12959188694562632,-0.5301540740502383,-0.15052660136910942
-0.24639569551903998,-0.4450186241238184,-0.4492511854819836,-0.7420966538201932,-0.3098510648242125,-0.355574585704138,-0.05373869007698858,-0.025135522273296684
-0.8200357570526504,-0.15223838916576096,-0.8613358963735662,-0.9137992584137022,0.5903104055633792,0.5902185017890981,-0.3815012777770143,-0.028343201040863988
1.7268680103924987,1.8108589946226996,1.553868649948815,0.8317816455299158,-1.7376986212712016,-1.660859991652117,2.1027494350774236,0.03406073134635442
-0.38781820005853984,0.8127059259137334,1.853432393307523,2.1043751086998266,1.1284365893231543,1.1589814819017705,0.7130965346062935,0.06730394766477918
-1.2246284275771897,-0.2726362627941209,0.4072842133800306,1.10686270738886,1.1791845603933093,1.2113561367579981,0.5618981378997663,0.1434134166043306
0.5463148540225322,0.025620644542229825,2.378800090625818,1.3007976091270883,-0.8082817304983643,-0.8671871432144752,1.642383446493427,-0.17560481718827195
0.42157362719490377,0.717301177678436,-0.31078855638017533,-0.4138475393175386,-0.1876357800518902,-0.2285993053719539,0.32959974672861375,-0.21934589129146242
0.09086975750784902,-0.7385731263862119,-0.05844647760661757,-0.4618944713539839,-0.3926006787444191,-0.44234482722003854,0.007518882684563346,0.006941265402376331
-1.1111784095176902,0.5226301291933692,-0.5628292445709571,0.4812208995234356,1.2248168608145185,1.260573522548628,-0.6193460101997537,0.09258628849642328
1.137081703344674,0.4158236490514932,0.7058487445228586,-0.05467345483754519,-1.4311046471043585,-1.4447060295334548,0.43906829030221023,-0.20505714041775355
0.22141462276940846,-0.2728512665386108,-0.35403527057304063,-0.7338532525427129,-0.5343111387618539,-0.5898831381942894,-0.19413788078974678,-0.10911838455142242
-0.9761191548842861,-0.7323761882017539,-0.7959793232062109,-0.8691990348327748,0.8360600991700733,0.8499532250875533,-0.6101161235168381,-0.07033463217992686
2.155243905684396,1.566825281606896,-0.1468778642124424,-0.4401268886981226,-1.8021422504093116,-1.698333709109891,-0.47399554629750257,0.019276248299476047
-0.8227964311916608,0.5041961044660642,2.1614230261204077,1.9330919115484841,1.207700452497572,1.2428491078737207,2.835675130113371,-0.00209855657894971
-1.2710372312205191,-0.05319509876378135,-0.996039867254299,-0.9281223330478493,1.3323516002096454,1.3774131499238167,-0.5065462479419436,-0.025718736594672557
2.1652765317154525,2.5846614189989365,-0.26533665761405073,-0.4383434977399111,-1.758863127723768,-1.6740664173346484,-0.7620472143315833,0.044558589131120145
0.22935474131706082,0.3711801219937873,-0.20901163988800758,-0.3482947698694711,-0.0632959353745852,-0.09827504987762892,-0.3142602833603674,-0.035341772897374474
-0.011944381165420796,0.230630592789748,2.144777868186923,1.5190631024111994,0.2812350384784922,0.2639865606963201,1.9729451294432585,-0.1082435630693586
0.39651512935791056,-0.08345741385537239,-0.16962850448346242,-0.4190240699848529,-0.3355809664984644,-0.38312069383191305,0.050984361429214343,-0.20243267597156214
1.473270385951456,0.8122104818646475,-0.1360537982879285,-0.4711706322791571,-1.4918812149865783,-1.4928216518281683,-0.1426873971607847,0.029978231096723307
-0.49940396487416666,-0.7233615156776539,-0.5155857253806437,-0.7070644870981482,0.19105954688472826,0.16887472265097633,-0.6040402348393675,-0.01026355707821194
2.4798378666081367,1.062865946111749,-0.49869902710497077,-0.5235342902867693,-1.7695623862049046,-1.6808444419289985,-0.9545670910208139,-0.19222642534748435
-0.08042019434144979,-0.5510680132502682,0.5479257461024378,-0.05774713053224773,-0.20943683665477703,-0.25232883464145817,-0.16713134323111328,-0.06741856057304749
-0.6385793472019572,-0.7711846236728293,-0.5813709166518011,-0.7789999875105901,0.28904336764565436,0.2729950504003819,-0.4006273457011522,-0.20913964066738464
-0.07350365523167644,-1.0047607024202636,-0.142219181991189,-0.7560580097270124,-1.0066185885828527,-1.062806994573937,-0.8461472796124858,-0.21613821252389512
0.22140609250487503,0.8499235023895354,2.1302703898169715,3.080766850722817,0.07397633993668776,0.045434246181239035,1.74824980740092,0.7829079199929755
0.6051755030291607,0.5795441073076246,-0.5685316684559352,-0.5607862573524375,-0.47156130934557633,-0.5252632561576014,-0.68132136712006,0.040184481720801093
0.4824557611853349,-0.250642190679798,-0.11099324365491432,-0.4491135382605439,-0.8589575169028132,-0.9201067223536352,-0.4159331210615381,0.05126555382694266
-1.0064536735278948,-0.8083499390710148,-0.7962693001034608,-0.8179857118602876,0.967829706497522,0.9876098061864975,-0.5631374807237611,-0.11349249196174147
1.7270299390764783,1.5690132414571742,-0.3595422552460943,-0.7338532525427129,-1.7013883132096463,-1.638791015542483,-0.9545670910208139,-0.15011835134414628
-1.207470527971162,-0.8304381544577849,-1.227095950432988,-0.9102643984671812,1.5149950894438442,1.568005636738651,-0.5355278501861138,-0.14936017272635765
0.7952079069304688,0.3207809452138139,0.07474835138479999,-0.37539877759705814,-0.8082817304983643,-0.8673914368401715,-0.36296179254526195,-0.21555499820251925
-1.1389055867825149,-0.029891295269051314,-0.6738013783693365,-0.3802941719486614,1.6540817878494432,1.7131409794073347,0.5605786484679337,-0.009680342756836066
0.17157825445188432,-0.5846837681778816,-0.6410180041177128,-0.8399260820186822,-0.3822527194354659,-0.4326359437235653,-1.0052098249005135,-0.2204248377860078
-0.056814349206766465,1.7325261503898788,-1.1380685772851957,-0.9032484639649535,0.04968688474633357,0.01921268369812941,-0.47399554629750257,-0.010555164238899876
-0.13074909570942947,-0.41532436559821584,-0.45108174799417217,-0.7617224972842638,-0.3078906278195071,-0.35391366667364443,-0.7427310077568168,-0.050796952413835125
-0.5811382331610697,0.29144283157907425,-1.0693025376770415,-0.8179857118602876,0.5420705151624402,0.5392969700597248,-0.3430079734968831,-0.017262128934722423
1.3469346342106374,0.9639960160594733,0.6738496374813361,0.9876866757138906,-1.5506932051847706,-1.5371425485894812,0.10102400232989985,0.14195538080089093
-1.1540430420061485,-1.1439533854989714,-1.3080690039555352,-0.7338532525427129,1.5739536048892706,1.6290886574660262,-0.5519418675336507,-0.10211981269491195
-0.3177202566501869,0.030722255436067422,0.3489397615137419,1.3389783585487003,0.6390371361395913,0.642090493716489,1.0379173581401697,0.1361232375871322
-0.22004705561342217,-0.9064939714232031,-0.9495961269746412,-0.5523327744157068,0.7009075451892314,0.7066566976642474,-0.9078407312655297,-0.11495052776518115
-0.9589139335675237,-0.6471055380454919,1.2925848925029135,0.9672551388844978,0.7899465201984309,0.8019739361399474,1.2998628308869529,0.08625841310949504
2.176541811172667,1.3487131126509746,-0.5600885751131031,-0.7338532525427129,-1.8298628453298635,-1.7166600954810507,-1.1732857555194152,-0.1534426729759888
-0.4698312790481352,-0.6012738773638047,-1.4043745994309964,-1.0905178531850117,0.17570343567991398,0.15318682916126478,-0.7901706960133761,-0.22080392709490212
-0.5020697722954387,-0.20161963434766808,2.114702214505401,1.1708217209902725,0.20212634065597213,0.18094110773153055,1.8887058894955406,-0.13507142185264878
0.36664305080590437,0.09132848375415255,-0.6757278068464284,-0.5889968523665655,-0.24839580524990834,-0.29327379508854634,-0.5774300101046254,0.04222573184561665
1.8075071755668062,-0.48487716016203,-0.29882747894177486,0.5125127467874258,-0.4914362382855542,-0.5455270776077668,-0.9545670910208139,-0.17852088879515132
-0.9629597596648943,0.1717774465529755,2.1644831364462713,1.9930735090281373,1.675187603819883,1.7382237511210592,1.9271929968982133,-0.11495052776518115
-0.8227974978390648,-0.3947181923220968,-0.4284919450012171,-0.7907630564179646,0.25090734070037957,0.23334941983356888,-0.5950393861719555,-0.08170731144675639
-1.0591836063082776,0.20715421277693932,0.8299628535576195,1.3326909484479814,1.1042308576921915,1.1321549457658928,1.0531181685146698,0.14924555981808932
1.4982413569454904,1.721041261353758,0.5522830982890535,0.14540983180338532,-1.1925210142639646,-1.2396076760252017,0.6967986423847279,-0.0872478474998272
0.11371084779415584,-0.25875734609889867,0.05386101300343796,-0.45821859240630375,-0.5411982915911637,-0.5971795177666442,-0.20030676936505354,0.01248180145544713
-0.1167350414984015,-0.9085081303561361,-0.31338030828643,-0.8463248648903724,-0.9354322768656759,-0.9935549991328911,-0.543679153470188,-0.21059767647082434
-1.1389094660367494,0.1888198194556506,-0.7734373041259208,-0.8495466125101107,0.8694901191623743,0.8832883089253759,-0.7022903767255408,0.006941265402376331
1.1270521431983282,0.5293084070880938,1.8963257723909177,1.1982126889439901,-1.2971870780249954,-1.3306368270024835,1.5956038886092807,0.050973946666254724
0.060394549828801665,-0.7620491182522151,-0.2616644422193515,-0.625377021019326,-0.4093125980287932,-0.46026864974530063,-0.5519418675336507,-0.06450248896616811
0.5049530168598912,-0.1393157543541077,-0.6367134451556935,-0.7123398074691148,-0.6436878683799692,-0.7021684616908235,-0.8068488802144457,0.053598411112446155
-0.4022750159268701,-0.5790469502059925,-1.1097628875146797,-1.0209180893479877,0.061882480905445944,0.032148142246253994,-0.7820010333799621,-0.1519846371725491
-0.6868945067943041,-1.4435084088784762,0.7085943002960027,0.8692947056048869,-0.05340004067737117,-0.08914292718719019,-0.5745443443168912,0.12766662992718206
0.7122953071958085,0.014534791612961563,-0.038522691528697736,1.4934296171713515,0.8729646395649934,0.8887875541314517,-0.4548020029745905,0.05651448271932552
-1.0529930717510871,-0.3475816693252668,0.6995171787816064,0.5183369802673816,1.3850979059785187,1.4297430754293599,1.4565566347957488,0.031727874060850925
-1.0384846822330835,-1.257816238052656,-0.43302582878988044,-0.7674337993190022,0.5442489422350791,0.5410829562415835,0.19097795277439977,-0.1041610628197275
-0.6940231069188321,-0.6684706783201646,-0.7095155754528978,-0.8027298249234409,0.46253589615785545,0.4563103398726225,-0.6350493823088942,-0.21176410511357607
-1.003439728276589,-1.033434569571033,-0.6328400317535116,-0.896303042560362,0.3236695686880283,0.3081507790245107,-0.5014229474939992,-0.22167874857696593
0.5714588310688652,-0.6141826380834112,0.19148031620703754,-0.6467151570543942,-1.6071838431245191,-1.5754075274274468,-0.3609365114729149,-0.21409696239907958
0.9256300947793664,1.2879235817218904,0.689743163433991,0.31848860070055135,-0.5808558408574753,-0.6379197816461838,1.353652210021461,-0.20738999770325703
-1.2487415086636635,-1.2973722751785726,-0.8223383205316758,0.49103664511325945,1.8239367307970222,1.895740421731058,-0.16129027523427583,0.07517734100335345
-0.995607671235818,-0.7247815572835504,0.4813980031821043,1.3985188973966376,1.190379542231664,1.2246207257431023,1.0188269884389245,0.1542028815497843
2.07418504542502,0.40267022416293896,-0.37229289107333025,-0.6940497217837477,-1.8753487078914919,-1.7398761969385752,-1.0734874800479295,-0.1774127815845372
-1.0523415684108495,-1.191180726218843,-0.2843826652780909,-0.7393379131793646,0.45561035936942057,0.44700189299419474,0.12592872529156235,-0.2047655332570656
-0.4606339565276943,-0.4493282363365648,-0.5728210457753089,-0.7448664515672833,0.2654910689714304,0.2476486058463107,-0.7058570291633617,-0.16481535224281832
0.08481727407013576,-0.2641306940334105,-0.12872409585439118,-0.8860140642211216,-1.39333786164575,-1.4145510005933601,-1.10036060795476,-0.21409696239907958
2.4508538784932847,0.7107302360898875,-0.6455683438320847,-0.8367487724548038,-2.2789989932058354,-1.88921110490885,-1.0604859932616053,-0.21424276597942354
-0.8420610172368311,-1.0694045708641902,0.15899201821814024,0.9817801131518759,0.6532404696319822,0.6571823230139648,0.3398356879300736,0.1361232375871322
1.0709207795051168,1.4553353195023946,0.07379531431358417,-0.0946547968962902,-0.7249556824891215,-0.783823605289004,-0.3920520837001655,0.04047608888148903
-0.3284155187248283,-0.12355106963584798,-1.1590751512782735,-0.8367487724548038,0.39898179225108876,0.38824076590490175,-0.8881789711891058,-0.11378409912242941
-0.502593672469027,0.32922030798339813,2.3998950431541117,1.860274693653372,0.6989523959460896,0.7051858065086896,2.6355151031750474,-0.08374856157157196
-0.3399997358252066,-0.8355511490442892,0.164982124151797,-0.6300622160009718,-0.8333982133629143,-0.8927335406518719,0.03544248146333148,-0.21555499820251925
1.0412085253464438,0.7747078885630401,0.6491440719908752,1.1888080329077118,-0.8589575169028132,-0.9177688128194398,0.2798646126200393,0.13962252351538745
0.027551420175292655,0.18477125121821159,-1.1858330805653168,-0.8894267309725968,-0.04520475065661166,-0.07946558872130566,-0.6040402348393675,0.02327126640090076
1.3715387092543043,-0.21290795607157606,-0.5665673739119056,-0.7731926960859541,-1.3686957452392874,-1.393801158724223,-0.7094448488018528,-0.06916820353717511
0.7527480140846894,-0.443345752351435,-0.3772447743036826,-0.5235342902867693,-0.9324151208462645,-0.9912890257031156,-0.738940739324329,0.05651448271932552
-0.9139572476201058,-1.3458161974626477,0.0002765270377153305,-0.7703072488343214,-0.3256307356465249,-0.3741110695190123,-0.4071395720624444,-0.20505714041775355
0.07786485647230273,2.100883682737706,-0.7745347190508259,-0.9539250384733454,-0.47375622716690313,-0.5271075821021843,-0.44775867086268584,-0.09949534824872051
0.10382382074075237,0.43876755282363544,-0.5250395601557792,-0.6092245485063877,-0.07826759625453446,-0.11423470894588535,-0.18955217611179412,-0.19776696140055514
-1.1067563022712499,-0.1763020297846345,-0.006503505103161837,1.8517107396118406,2.007640521807958,2.088074669143326,0.7209147791884356,0.13816448771194778
-0.05101182928130724,0.8098045092932401,1.6048062384286899,1.0822519252465288,-0.430477104481361,-0.4813776730436585,1.3771439631676456,0.10142198546526776
-0.8322269916436236,-0.33863378616530054,2.2246651665053476,1.5324580384953115,0.9199136123968304,0.9394771314940081,2.3520816950276857,-0.1551923159401164
0.6331708551876433,0.7229926312970971,-0.4453737800179698,-0.9925419899353243,-1.8581238366216046,-1.7300312230680974,-0.7240129232352036,0.0014007293493055318
-0.1905717954593732,2.3860442960027153,-0.0734268492437727,0.7974973954878567,-0.15377423341761515,-0.19398306779497745,0.028050562570891495,0.1358316304264443
-1.0593846843867696,-1.3160854414171979,-0.666816189521551,-0.7819220367384917,0.9864008809225273,1.0099478088296852,-0.1526331463722135,-0.10649392010523098
-0.607874880003334,-0.9493802084581111,-0.4643887616433755,-0.6092245485063877,0.35128455494387756,0.3379246510122114,0.14021703196629468,-0.008222306953396383
-0.12397942322538916,0.04073581431208458,-0.5248924100950969,-0.7176557076262194,-0.038681711781932644,-0.07183971482163394,-0.45009734238537275,-0.13273856456714528
2.218210131796675,-0.11702742077673216,-0.5791741109708474,-0.6300622160009718,-1.6216572705980095,-1.5886139531099783,-1.10036060795476,-0.14854367267643145
-1.0490076957275616,-0.1294448792876277,-1.0464225197969694,-0.9614777214396685,0.853750897628423,0.8693236501480595,-0.5464208626350984,-0.12282392110375545
-0.5850204492296224,-0.01653616053818895,1.939365974842623,1.8527466230552407,1.1101361324317784,1.1397725115194204,2.4553048669006565,0.04485019629180808
-0.6415947345844256,-0.588902504285215,1.6265592666467872,2.1557714187703203,0.5637088712495782,0.5617425138530857,1.361545642031074,0.4157745046868633
0.5130478605089579,0.4312407192480189,-0.2515136149545812,-0.5296051663372268,-0.4454782739649807,-0.4975234445899939,-0.39418452271783694,-0.20855642634600877
1.7473102814710462,3.111141824953501,-0.24024040806476193,-0.5017198542722824,-1.7065201519985957,-1.644967736421092,-0.6255784966852986,0.0529568753589327
-0.7341121744281811,-0.6017917711237194,1.1544018334849195,0.4349868064961131,0.4705740954502206,0.4629165870783477,2.390727141216022,-0.20214106881087418
-1.0782761866068895,-0.4342152674724994,-0.8053645381234731,-0.9576910620322521,0.6471703577183623,0.6511780304884885,-0.7659856376072806,-0.1257399927106348
0.9681714716681156,0.9399192063696944,-0.20887815077829155,-0.3835771406539095,-0.673631988540918,-0.733263402862272,-0.10182415455361958,0.05021576804846611
0.31686016194930966,-1.0228144232509129,-0.08608410987688173,-0.5845810954074825,-0.824977611117789,-0.8847394052184879,-0.6987446431906337,0.0014007293493055318
0.10558553053382115,0.04986579444887007,-0.22571078928775087,-0.4383434977399111,-0.24089388453038885,-0.2841652089382895,-0.607070546120001,0.012773408616135035
0.24335084015463998,-0.046947929653912285,-0.3045512771386779,-0.7070644870981482,-0.5808558408574753,-0.6367990656215878,-0.8196665865358523,-0.22022071277352623
-0.5407954516825176,-0.9336830397411993,1.1893979869487792,0.2792687942306277,-0.25782812833454116,-0.30237060352290535,0.678964138603114,0.004025193795496963
-0.06735617138700671,-0.5125167793468945,0.10379927473571218,-0.5275756094811561,-0.5832227686388493,-0.6394943146989981,0.10008160800860467,-0.1808537460806548
-1.1056093620370413,-0.45854446452080627,-1.245407539898758,-0.9427485639340681,1.3348772854199935,1.3772613375740321,-0.9709811083683508,-0.09243845496007246
-0.3078295337989767,-0.7409628847210759,-0.3911085448283675,-0.7284117786583229,-0.17685697245037138,-0.2175448273289423,-0.5716723872069137,-0.15665035174355607
-0.781610135362704,1.1343665548381856,2.5261610743342575,2.5705444727887907,1.8726349654774863,1.9460689594044065,2.044831167977312,-0.07529195391162179
0.7247157964105143,-1.0308587934349296,0.03516988947774035,1.3738672045882203,0.8316034619560104,0.8454355926934322,-1.114258825439034,-0.14848535124429385
-0.4028825019892866,1.360534191035573,-0.9696742819889341,-0.8625859354412149,0.45213514489494044,0.44421853659624744,-0.7581342826472411,-0.09716249096321702
-1.2437396781842354,-1.6401224924346889,-0.6112681498012452,-0.7967205382507511,1.0181425526926822,1.043846529899363,-0.6318759060731197,-0.1312805287637056
-0.9675634408743612,-1.0585469921499078,-0.8238894793866754,-0.8691990348327748,0.7366101740777511,0.7468450961426495,-1.1579799801590291,-0.013471235845779245
-0.8142286821013872,-0.5899044351082776,-0.48448660094467294,-0.7789999875105901,0.35376911929502924,0.34076724694356836,0.06112798589022756,-0.00938873559614813
-0.6436553981110531,-0.593962045322765,-0.8508913686152558,-0.7731926960859541,0.6070827452794931,0.6073380018215636,-0.1956742115649595,-0.09395481219564972
0.515493009438424,2.2776533627870927,0.4212931494463849,1.2383889356720397,-0.6786833627945024,-0.7368795618601879,0.31523621107819416,0.17665663292275538
0.4313427866691524,-0.10972279355149876,1.7442453097456638,1.287440501633037,-0.5690788228507895,-0.625551284431949,1.7853067826350542,0.08363394866330365
-1.0420464601573791,1.1266901952171409,-1.6520148448568044,-0.793735377614228,1.9481285468559693,2.0252282394482815,-0.03694467030654927,0.015047944469500947
-0.8978858981214431,-0.5820363593661345,0.39636487105011897,-0.153407984352721,0.6441257441862075,0.6459745610888847,0.10571406336021753,-0.2111808907922002
-0.7017402499927702,-0.6312577193094027,1.5438543636765762,0.7614230819896447,0.4463245441542161,0.4379351115852575,0.792495167597174,-0.01755373609541036
-0.5781922771676826,0.938731392475659,-1.3028843251067836,-1.085956360631474,0.27338442573429,0.2556653633958629,-0.7503835888595926,-0.07266748946543035
1.8549592174934777,-1.3503371354214213,-0.8245116322520817,-0.9353967540362704,-1.904519570204445,-1.7520343099153037,-1.362906126244295,-0.14673570828016624
0.09120538956820261,-1.0081410734917855,-0.6611904544174642,-0.8658845747008412,-0.3863830440071747,-0.43619828003800726,-0.9765529988218078,-0.16714820952832177
-1.070063101564292,0.0904178797042498,2.556836082158121,1.92800501296901,1.3081355506376264,1.3492396996735792,2.12922669341994,-0.14848535124429385
-0.5748628295029786,-0.22573677895588773,-0.8599727812066837,-0.8691990348327748,0.42521140968103244,0.41650865635181233,-0.8283652378289683,-0.19718374707917927
0.1609193733866324,0.14019299605526156,1.6889155911778817,1.2843550631348972,-0.3455999624491218,-0.3933535293421848,1.6521602878447739,0.08859127039499853
2.185218814625574,-0.5203878138026824,-0.18953402614340029,0.135388655681324,-1.2364559808620994,-1.277025870672817,-0.92301841131138,-0.22109553425559006
2.1537803672119122,0.03185113051133561,-0.2562937393052776,-0.6491272489021422,-2.008334984497086,-1.80023994769901,-1.0935295088921442,-0.19802940784517428
1.681894805423061,-0.5120598512903884,-0.055571179769442355,1.1872845607622264,-0.058339544413428354,-0.09258590846115608,-1.1072697784108716,-0.15822503041127092
-1.295362971712555,-0.7747946788547159,-0.6171548002851954,-0.6889116786892082,1.4277316467225256,1.476295653032416,-0.2744254925093066,-0.09920374108803258
0.2630051218098143,0.08588015180902904,-0.22878513724301272,-0.5017198542722824,-0.2768789010790376,-0.32296134830815454,-0.3430079734968831,-0.16539856656419416
-0.7093286159214871,-0.781646578671843,-0.8661437411839542,-0.7789999875105901,0.671299784813344,0.6764896102824857,-0.389927140089933,-0.11524213492586909
-1.1850575322946066,-0.710120493634608,-0.893303173176693,-0.7588844497111558,1.3990465966053731,1.4444882904998633,-0.11514068051051848,-0.049047309449707505
-0.7812364176708642,-0.5872920004883231,-0.9184855317212015,-1.0814247797195877,-0.058339544413428354,-0.09309962474205855,-0.9599890631016017,-0.18202017472340656
-1.184541338260735,-1.03595706883927,-0.37249381248260144,0.8499648984491232,1.224136070501909,1.2623462782287995,0.12592872529156235,0.12358412967755095
-1.0211534956582302,-0.1150754332977745,-1.0166441724093545,-1.0209180893479877,0.5850290046621001,0.5858094213586547,-0.6987446431906337,-0.1592748161897475
0.6070663245209826,0.40644598075007843,-0.01376899741738539,-0.3132388242054107,-0.5297378133791962,-0.5847692161787041,-0.201858877623752,-0.22109553425559006
1.298136850452334,0.6164063677928006,0.08788941168028541,-0.4509249773390904,-1.7324554222683424,-1.657628340471474,-0.12327370677790733,0.025604123686404252
-1.2601260783932915,-0.8538566883486235,0.6139561873311705,0.19487168578756286,1.4200186519496951,1.469217276632304,0.2699769603358243,0.01860555182989377
0.6348148304507316,1.62288548799142,-0.7728897244028546,-0.6687332053573974,-0.4114151987513186,-0.46147033465732856,-0.4339135046561162,-0.14177838654847133
-1.048531545107389,1.5003751323866497,0.12859274505506177,1.0281035639783154,0.729922715360613,0.7376890307811804,0.5289434730775201,0.1582853817994154
-0.6454184188477716,-0.45927599019099213,1.115411605177751,0.44398776227242454,0.44515962408827414,0.4364311727875808,2.040239898710698,-0.19018517522266878
-0.6186486662632786,-0.7280998321317211,-0.6908138664793685,-0.8273035646567765,0.30838215521450274,0.2922245878208348,-0.68132136712006,-0.20039142584674657
-1.3311165616028158,-1.5806010299178759,-0.58069368966164,-1.0592021699767995,0.21720654507815562,0.1981162118462592,-0.27794030377446016,-0.09337159787427385
-0.15572935378361547,0.6271801664789884,1.1780606493286643,0.3897487451373818,-0.2057804842902753,-0.24796621328076576,1.2635364304815935,-0.06916820353717511
0.3407105658158018,1.465118878287,0.8707035107050057,0.07709113321134137,-0.8082817304983643,-0.8684145429584397,0.8336642383806805,0.010148944169943636
-0.6332636229913012,-0.8944875682962624,2.0683694641548986,0.5285226584720544,-0.813825687327345,-0.8741950058024921,1.3455341739848352,-0.22401160586246943
-0.5487265261351347,-1.203603268488922,-0.08913890773296336,-0.5460598392461873,0.07998564571830787,0.05256549865418925,-0.09919569026216991,-0.21001446214944847
-1.047387694845294,0.6646018843445073,2.424834939952948,1.855071699085916,1.2097651235477926,1.246737317837099,2.797940673595524,-0.08841427614257892
-0.44048237363015197,1.0766442894325008,-1.0136348748693773,-1.1043858158066313,-0.3740272054882285,-0.42188808135746086,-0.7058570291633617,-0.054879452663466236
0.22265188047939985,-0.11478283774955164,-0.034878869946756756,-0.539843333043579,-0.6387567651766829,-0.6959800600688624,0.20302909936050614,-0.22022071277352623
-1.2279337229656837,-1.590763869209951,-0.05240047538617101,1.0059911102272772,1.32029413699405,1.3644391477585525,0.7027444694220233,0.14399663092570647
0.8570655749120133,1.6964421619751888,2.4050615439350667,1.6376625097109625,-0.7917759399366356,-0.8529539761123646,1.936986193115324,-0.08170731144675639
-0.42228535535980277,-0.6827121561425827,-0.7064916851179809,-0.8273035646567765,0.14018615359057682,0.1155428118808691,-0.8881789711891058,-0.06975141785855098
-0.565100269929086,-0.9807387706597438,-0.40831790183773575,-0.8792388764946373,-0.6071070476291732,-0.6644046309489048,-0.7058570291633617,-0.012888021524403371
-0.975998457099912,-0.4276572383515783,-1.0791873516155752,-0.9691138611554174,0.7760997774563672,0.7856947739665027,-0.1426873971607847,-0.062169631680664625
-1.1997939514896505,-0.8878340325769628,1.2994095911802654,1.0081905506987168,0.7658607799137227,0.7772588390154409,1.5319704363616395,0.13291555881956493
1.6383607983235038,1.6459855142813618,0.06349689664342066,0.03260354325673794,-1.0257784658360565,-1.0827185092459348,-0.2940148475512481,0.006358051081000457
0.8373828557268544,0.21462665557521807,-0.2078118396816154,-0.7257070252533939,-1.281764135291112,-1.3171750404766427,-0.12327370677790733,-0.21497178388114338
-0.6936920076045086,0.6089342313587753,-0.5279939944131116,1.1638447448899933,1.2131997210889858,1.248873808240673,-0.1819857965588245,0.10812895016109027
-0.7061848094777313,-0.6140499443776458,-0.8654533556318059,-0.8210777242346008,0.6153967060954825,0.6173073270247826,-0.9599890631016017,-0.055754274145530046
0.07976025041729981,0.18655386676967134,0.3171244603653121,-0.06601106892358809,-0.027336544203873277,-0.06138744528098183,1.0442810572656807,-0.16335731643937862
-0.7984759782932642,1.9471799575618427,-0.5000793224520496,0.2665416644821188,1.4581797097917952,1.506959212744064,0.24080141557798793,0.06847037630753093
0.17158949732814674,-0.10279938650083038,-0.3911085448283675,-0.5195164672669675,-0.10186858399939104,-0.13797116331632864,-0.003574012667445949,-0.030384451165679546
-0.5606013361238094,-0.896039435030535,-0.8232682933481779,-0.9209236886556585,0.0889531564389283,0.060600123671388534,-0.46192836252399894,-0.08841427614257892
2.1895524364849934,0.611366454693395,1.2815145741739358,1.2158339955050268,-1.6265140354219363,-1.589959994539001,1.7579266670234228,0.060451179388612684
0.6699733626490776,1.4243551312322378,2.0360497776946125,1.979798281941279,0.0889531564389283,0.06229882632348244,1.8988486182302529,-0.13244695740645734
-0.8583184989795409,-1.3861822652386444,-1.0491436544394306,-0.9245136375744899,0.8172494541601842,0.8317086295823009,-0.5980248037682963,-0.11028481319417416
0.37892525071897776,0.5338906286103631,-0.06453882205288498,-0.3705378177228054,-0.32761532588671133,-0.3747879559387897,0.06613667928536507,-0.08199891860744432
0.5491135381546696,0.19500805677589675,-0.30277487048182306,-0.49782652784615006,-0.4454782739649807,-0.49705700312881196,-0.43849341924749036,-0.04846409512833163
-0.397510096878819,-0.10438130553238031,-0.6640976173065725,-0.7448664515672833,0.1924475249170864,0.17116123226593408,-0.8153637510426445,-0.01201320004233956
-1.0490130992385274,0.40134662942376154,0.033390146986491266,-0.09357247308416713,0.9047152361645354,0.9222460581223305,0.8743076201528905,0.06584591186133949
-0.7014397695176887,1.0826605455062863,2.592858091855628,2.8423925479330623,1.6954987034113647,1.7584342849727637,2.4859352878179792,0.017439123187142025
0.27377380769375675,-0.3188668763878702,-0.7365609791394794,-0.7617224972842638,-0.2768789010790376,-0.32197639819654256,-0.7984522753101707,-0.08170731144675639
2.1585912237544918,2.354876440502231,0.13476997963445309,-0.3177117434634456,-2.3255188008136605,-1.8981519404156038,-0.7901706960133761,0.0547648397551979
1.0136690090041143,-0.24820495420196087,1.7243174968340929,2.0918561553525845,-0.3719780985123767,-0.4207405740794669,1.5074645530612334,0.15741056031735157
-1.0211603954682824,0.10188614133736006,-0.7284003533339958,-0.9652852440895815,0.46713460879762375,0.4620859029744558,-0.5547213935090258,-0.061294810198600815
0.2375673960179026,0.031052087052831932,1.7032249477680483,1.016485159842828,-0.29230184381292096,-0.33881808462817886,1.7507758115062542,-0.0003489136148220889
-0.21357689311530728,-0.47632282164959466,-0.24423015581166788,-0.4637397691467628,-0.05011636329604393,-0.0835341009472891,-0.2657268412161906,0.05797251852276521
0.33753827095648115,0.4520450979776035,-0.5858010819965556,-0.6992262524510623,-0.45195517056401635,-0.5033234287760984,-0.10050849389356759,0.02706215948984394
-0.297616316277315,-1.0799815864306581,0.33138426074219945,-0.4655900075017759,-0.7890431531819911,-0.847677237052654,0.11221961552001034,-0.16685660236763386
-1.115705921709474,-1.3576669219795428,-0.8292089029351313,-0.8860140642211216,0.9936035932246455,1.0153011820141158,-0.638239605198631,-0.08812266898189099
-1.119262440704006,-0.7880350880960868,-1.6908544146665294,-1.1993378659516372,0.8324958860802575,0.8458762470280151,-1.128484089636553,-0.2134554266455661
-1.049964461370116,-1.2020134549124981,-0.7583816875938169,-0.8399260820186822,0.8755650760363222,0.8906909854242482,-0.7465451897129602,-0.08520659737501163
-0.5550403851966591,-0.14238796728972827,1.9298228415153078,1.197211147300887,0.34505445105407917,0.33139032264554774,1.2768775464785436,-0.010555164238899876
-1.1187373817456545,-1.5190085805650488,-0.9769012925872284,-0.9807286490595878,0.8000173989566988,0.8125155534156062,-0.5355278501861138,-0.03650820154012622
0.6383915990670654,0.8588819647267605,-0.5379015188238385,-0.7420966538201932,-0.699066727665733,-0.7576329642047631,-0.4248564688206088,-0.13973713642365576
-0.8893527200101116,-1.081515096390153,-0.675084631912287,-0.7532430827685969,0.8555081620181954,0.871289000251586,-0.4913047893893942,-0.13769588629884022
-0.912673616254646,-0.7081975372110709,-1.0126367891190542,-0.8894267309725968,0.8859204268076116,0.9025023908967194,-0.5091242724657541,-0.22255357005902973
-0.9373102868242704,-0.9971245188977017,0.2744929060572875,1.795093685737702,1.5343658693411062,1.588434325414055,0.6100171936090999,0.14603788105052207
-0.26579783006669,-1.1062505781525034,-0.5576858441642107,-0.7967205382507511,-0.22785821467481102,-0.27167165063895027,-0.3449739779439825,-0.035341772897374474
2.311288647717496,0.31131040983732267,-0.41608641937167884,-0.59344100667162,-1.8638427511148878,-1.7339388936309321,-0.9385869755629679,-0.010555164238899876
-1.2460020656634603,-1.0857101612174267,-0.5734850544584422,0.7629904757502046,1.0871179632178625,1.1167874065212895,-0.3856995296120267,0.1256253798023665
1.314330765260001,-0.24561279084346893,1.9372945891323425,0.9693489201579645,-1.7535429641603812,-1.672390491717616,2.259235323989961,-0.0023901637396376465
-0.5804227214263076,0.22896944252257073,-0.27917721181211175,-0.5235342902867693,0.4887814675016509,0.48377919900864824,0.3767472014998038,-0.04263195191457289
1.122809734636329,0.2576933480712838,-0.2434290141590378,-0.4104179361852916,-1.0517253408729588,-1.1082949587112905,-0.5221819255395427,0.029978231096723307
0.9897578267072304,0.636369902512422,0.3718282802564222,-0.13250026361040096,-1.1290184711336237,-1.1797280928912879,-0.10844575234713569,0.03989287456011316
1.675302335081605,-0.6776443986137478,-0.6901459747027192,-0.4786822672449465,-0.8966906944854902,-0.9564883673961739,-1.2133365455991265,-0.12979333224419712
1.830567587641514,2.313892102883196,0.8808802279067,0.3516380990709242,-1.4184060875732998,-1.432000415093707,1.8936286505460809,-0.2231367843804056
1.4357042584231812,0.0873156992571114,-0.025827599472479947,-0.33283408895699235,-1.1925210142639646,-1.2396076760252017,-0.5547213935090258,-0.1583999947076837
-0.24869035504342288,0.5524142676856776,-1.300829137364501,-0.7645722481794339,0.6008158351861407,0.6008937907375619,-0.5491750625454654,-0.02046980770228973
2.141013491337999,1.5585071690970556,-0.6142006389573001,-0.7645722481794339,-1.8811361125595425,-1.7438861643878962,-0.9821767215584614,-0.19350949685451124
-0.8142288323592234,-0.011257691652962124,2.2454529719508924,1.7595246057543297,0.9920060801769809,1.0138522658236362,2.7973748435494676,-0.03155087980843129
-1.1011527337988276,-1.1092731673936225,0.44357224181919874,2.568365870270518,2.249978550643392,2.3430402197750593,1.2732312185391723,0.15711895315666366
-0.5074776759022213,-0.09183305782185784,-1.3749409491269067,-0.5867854469185966,0.9735070287787012,0.9956677161391184,-1.0669517857479418,-0.06552311402857591
-0.043793821244528186,0.06471691828728264,-0.31338030828643,-0.49395501288695914,-0.024111308292881804,-0.057916440363040535,0.2875215994716056,-0.028343201040863988
-0.2901227788697502,0.6076855206796589,-0.3668067606825867,-0.5979139259296549,0.23482869592074077,0.2156790974569836,-0.32559584986526563,-0.22022071277352623
1.0939725248850072,0.03984953348286044,-1.097250656767036,-0.9032484639649535,-0.7223458835051982,-0.7812040250542595,-1.1810864551662834,-0.08094913282896776
1.2982698423368708,0.31605259192873175,0.03629177036400163,-0.6467151570543942,-1.9342894652033942,-1.7688699173492723,-0.6350493823088942,-0.21876267697008656
-1.2514765666741254,-1.7552064277960493,-1.0116411892635846,-0.4277387329203447,1.9666073220256006,2.043204866215374,-0.5221819255395427,-0.1583999947076837
-0.3213176700186402,0.3721434077709357,-1.1200625396996657,-0.9729638076742644,0.25888028257771195,0.24112569464056005,-0.6162536973976368,-0.19280963966886022
-0.9492062386707281,-1.089678862830098,-1.2645984156088341,-0.7967205382507511,1.2444219837293191,1.2826619458443236,-0.6350493823088942,-0.1560671374221802
0.6773834419873012,0.47904490153324875,-0.14596457948483685,-0.33283408895699235,-0.699066727665733,-0.7570197560796836,-0.3815012777770143,0.04485019629180808
-0.13909228132173512,-0.4902363860858501,-0.6680771783758722,-0.627715647998323,0.16018292502708123,0.1371402732877722,-0.36907866599171824,0.016272694544390277
1.6437341784405866,0.5569317452971033,0.3141058292747105,-0.4383434977399111,-2.120161963179044,-1.842147461189005,-0.4407964537839204,-0.22401160586246943
-1.288361802019326,-1.7994338488683996,-0.5781642583023929,-0.8087918253102078,1.053040430549622,1.0827012564936755,-0.5091242724657541,-0.13157213592439354
2.3505510589652716,1.6031742817424213,-0.6776635643113578,-0.48818810643494326,-1.4396325713656826,-1.4521602481958595,-0.8461472796124858,-0.028634808201551926
-1.2345069100950108,-0.5515786259884495,-0.8044752538071331,-0.793735377614228,1.3893573846390377,1.4326538265014999,-0.48630851438388584,-0.21701303400595895
-0.628451943269225,-0.8614895986155416,0.3943189158955845,1.993390268520061,1.411067751253714,1.4579669149599062,1.3480528687357871,0.14924555981808932
-0.1729158779355374,-0.3478819101809891,-0.6710350480532078,-0.7365901417151745,0.17990762309428546,0.15800598683711836,-0.7166850052145975,-0.20855642634600877
-1.0268408363091848,-0.9835138025482816,-0.7834242169653896,-0.8463248648903724,0.8598920266954074,0.8760111862140829,-0.6610553632804993,-0.1607328519931872
2.375981807441224,-0.8023777380773317,-0.4248098636035275,-0.6300622160009718,-1.9104248449440306,-1.758261250240878,-1.2387058273705522,-0.2111808907922002
-0.5267958311874021,-0.4034729706565762,0.1549302521005634,-0.20607426683606703,0.44515962408827414,0.43790806577474906,0.5256869659012532,-0.05021373809245925
-0.987433663008793,1.9173787874902812,0.4792082660410882,0.9097040509007406,0.4567669154292125,0.44989625356035395,0.5367798612532625,0.15128680994290492
0.07794506262728758,1.536466900997344,-1.3615950525288507,-0.8792388764946373,0.3236695686880283,0.30930666460627665,-1.4184079977383763,-0.22109553425559006
-0.3819046007968057,-0.516926515698144,1.8545658347663925,0.9564533810188396,-0.2021333303062176,-0.24469640795427564,1.3859762189913833,0.0072328725630642675
-0.35946887926667287,-0.6629912563665934,0.1262622685248155,-0.40023008170733204,-0.08833529604824396,-0.12475648842473089,-0.0939727995935801,-0.05721230994896973
-0.8386932084924964,0.8807209097603681,0.19666745883048325,1.088340630825562,0.7844236832561703,0.7942822971813709,0.7779197754915654,0.13933091635469955
-1.2710420778897016,0.3252477544758912,-0.6493667868032282,-0.8087918253102078,1.0599203203378633,1.0871163184063861,0.007518882684563346,0.02385448072227663
0.2561060063396992,-0.10083221286007504,-0.45083718809952683,-0.6491272489021422,-0.4072130423482038,-0.4590003742417705,-0.5301540740502383,-0.06887659637648717
-1.168480320697281,-0.2713110359775989,0.3573475856580792,1.106291344303165,1.0322026698978064,1.0563005446609317,0.914600252753955,0.15391127438909633
-0.6862667081524023,-0.20086529577314371,-0.8654533556318059,-0.6001612892526592,0.9324583368552553,0.95233945826793,0.07603126733781705,-0.01405445016715512
0.66387396141096,-0.058838204471419984,-0.08033385711976374,-0.6046780609709871,-1.3605739147867804,-1.3842269502396127,-0.6917149612550663,0.006358051081000457
-1.0700603389838905,-0.37322645963071904,-1.1576398422484504,-0.8179857118602876,1.2275368296124953,1.263973250407044,-0.38359675937136867,-0.05983677439516116
-0.835184473175356,-0.7039843937977376,1.7429951782374753,1.2536427608351202,0.5223159528893184,0.5189058121471458,0.5052884274919507,0.06613751902202744
-0.15209361416712874,-0.3649743970742609,-0.07509468974365115,-0.5255519956990554,-0.29230184381292096,-0.3387153072812693,0.19743511252974827,-0.1271980285140745
2.1524059298545852,1.613955542596532,0.26190981102073807,-0.20990288390190276,-2.008334984497086,-1.80023994769901,-0.7058570291633617,0.048057875059375386
0.2259194459986667,0.9213872812303882,1.5115117991397147,0.6255656204021854,-0.4368871795259526,-0.4895939856105261,2.1862211100007136,-0.1449860653160386
1.0890455748321697,0.22612682314047686,-0.23472082759909713,-0.4674452129455794,-1.0714948691872122,-1.1247431233842804,-0.5382327577620989,0.03143626690016299
0.5339815793928531,0.40148849483674776,-0.3176499780093186,-0.5544364704475007,-0.47156130934557633,-0.5246782830496359,-0.644671004521272,-0.10561909862316719
0.13644300862916778,-0.3351704489415495,-0.16908444417747556,-0.2855634533921287,-0.003320374719805274,-0.03548512309769117,0.14810824264895564,0.0547648397551979
-0.1336568336871873,-0.33878680585397336,-0.9122334686263504,-0.6539768380165857,0.4037862471670531,0.393986398425464,-0.48880149043082954,-0.01201320004233956
-0.8323986102229256,-0.3009014950657916,-0.8633893245295602,-0.8399260820186822,0.6277789275081982,0.6299628382173624,-0.9128577379400681,-0.21546751605431289
-0.8478650363882485,0.5596147566924433,2.555578906950505,2.508191622732216,1.792533128680722,1.8603908441536472,1.4893585545277077,-0.1665649952069459
2.0996014710585964,3.1088283899370017,-0.3816414230064988,1.3068106306428338,-1.167494004073501,-1.2170593693175962,-0.6010250373935246,0.11541912917828873
-0.5527586703246342,-0.6666421461425115,-0.8599727812066837,-0.9173522925272165,0.17289385545161198,0.15110480774936622,-0.7984522753101707,-0.12603159987132273
1.3084988579847694,-0.078109448355324,-0.27600722584679027,-0.5912153570416305,-1.3127758620315815,-1.3445891312923182,-0.5065462479419436,-0.04554802352145226
-0.07001151238986385,-0.22087068520429956,-0.21805851144759048,1.040787865246715,0.10672346609040663,0.08058948549506836,-0.5950393861719555,0.13408198746231667
0.13827297214134193,-0.7753808513272182,-0.11529996211064747,-0.7645722481794339,-1.1889191665874814,-1.235310874792116,0.4470898034055916,-0.06537731044823193
1.8173051477449382,0.7998673898951557,0.27171509681300515,-0.4674452129455794,-2.183052240680213,-1.8635767376379888,-0.2305006155179009,-0.2135137480777037
0.6404073548522123,0.4627351170434905,-0.04127752248631086,-0.3058476990686445,-0.7016349177865213,-0.7597869584301483,-0.43849341924749036,0.049224303702127103
0.42092994839443654,-0.4566568849641388,0.18235676251808705,-0.386875779913536,-0.7460049516343625,-0.8049303570776928,0.2957655340567928,-0.21497178388114338
-1.2739166650525655,-1.8821779176634597,0.23394921496889287,0.9326170875511584,1.0290899624345862,1.057430089687593,0.5354043297504099,0.14428823808639443
-0.6110939854191083,0.11665096285692492,2.3341664642710405,1.6463508326311882,0.7028600612339425,0.7100503537575131,2.973364872412701,-0.1528594586546129
-0.13540544587670883,-0.015456464710325232,-0.762892497691587,-0.8273035646567765,0.010900651024679546,-0.021206709036377627,-0.5631374807237611,-0.007347485471332572
-1.0155722580346904,1.6061012921293034,-0.20081847557976049,2.3435259934219492,1.9928898132451045,2.0736288547729367,0.3797237995106891,0.12620859412374236
-1.12073689204237,-0.9288959497812768,-0.9141767545893839,-0.33283408895699235,1.6429025019001369,1.7045096177221442,-0.5631374807237611,0.06409626889721187
0.6060430846041431,0.23059906780645084,0.0026422853851786007,-0.39352067354092696,-0.7727537352443203,-0.8320833407431723,-0.10314268470484278,0.02035519479402139
2.1506965992395792,0.16053956599496566,-0.047468203624226823,0.8022469922786709,-0.7700565382913337,-0.8302243643145322,-0.9281635133004543,-0.13973713642365576
0.13703905761867652,-0.5207635797049,0.0743542667633355,-0.4509249773390904,-0.7197407741895399,-0.7795758406615484,-0.2192003643639308,0.01948037331195758
-0.5066556459902695,0.11094218009318385,1.9714149860843342,1.5098804496538871,0.5311290070451713,0.5281408366779357,1.9336333859179924,0.035227159989106166
-0.9227016236056096,-0.21740382321069224,-0.6501710790973674,-0.1290763245857931,1.579826259719441,1.637250693061938,-0.41815164037580255,0.005191622438248711
-0.8021683684943475,-0.3244805051723494,1.254003525444326,1.1746292436401855,1.791152201815816,1.8599338643241103,1.3570814278629526,-0.22342839154109354
-0.9856104789570237,0.5822111417434247,2.0015529078574916,1.1960408445440047,0.7733144875620497,0.7855556871067139,1.4756563982244706,-0.039715880307693525
-1.0524881621111326,-1.2497445682843273,-1.1670628184900367,-0.5135331951480189,1.6964822468304055,1.7595874005079137,-0.9599890631016017,-0.20922712281559105
-0.7259100732582647,-1.5096070528770538,-0.19892632140206631,-0.7645722481794339,-0.4135208533612253,-0.4643841251060619,-0.4006273457011522,-0.0061810568285808245
0.5127983730937928,0.507643295929339,1.9854747294484236,1.3515177555485596,-0.6412202202198313,-0.6991275988207287,2.4287148662015405,0.0378516244352976
0.5794746031039218,-0.4047941614466604,-0.11493049856717266,-0.4786822672449465,-0.8996343359923704,-0.9585569660374131,-0.738940739324329,0.041934124684928714
-0.20850942983823897,0.546587526885436,-1.0607791201833658,-0.8894267309725968,0.2773150461558067,0.259832416398334,-1.128484089636553,-0.21701303400595895
0.8528995698800654,0.5799677391158334,-0.39704791001958606,-0.5460598392461873,-0.5999003570105892,-0.6560767515164606,-0.664386202751597,-0.08141570428606845
0.740885642780106,0.009574613996411234,1.192273002930394,0.5138611640206685,-0.6761554755907028,-0.734272490118842,1.717084668230182,-0.11349249196174147
-0.8125665003579876,-0.8859656729665161,-1.4801869338935325,-0.8495466125101107,1.6895833890745124,1.7523710217824922,-1.0111078798262416,-0.03563338005806241
-0.8890248893320246,-0.3546520692304893,-0.8452775107120826,-0.9067475277076501,0.6236632598922363,0.6251498050638492,-0.8598356946186205,-0.0747087395902459
-0.06224924837835392,-1.11039007169048,-0.8436412696418035,-0.9137992584137022,-0.443325722798835,-0.49527422225034323,-0.42710803877778564,0.035227159989106166
0.8220321287321696,0.2449841594180644,-0.7325835021899783,-0.385224492120005,-0.17506827025670044,-0.21646046363254381,-0.6287190015903296,-0.10678552726591892
0.009787109582215438,0.12952197070391033,-0.4730817339657383,-0.6637793231201189,-0.07325984362739658,-0.10934835752607995,-0.46192836252399894,-0.20564035473912942
2.154756867098463,1.6214377143056846,0.009502148724816214,0.9257236277701695,-0.5999003570105892,-0.6574915870874756,-0.7351740864247526,-0.1257399927106348
-0.8890196685373536,0.40592733528399977,1.852603254322667,1.876465814502484,1.4708715317068413,1.5200016120881734,1.3730236045350719,0.06876198346821884
-0.3859211312321001,3.0344454391189757,0.5581538695307421,1.9211246400434026,0.9299580609655196,0.9490555980191097,1.0237587289203636,0.15187002426428078
-0.4920131075440443,-0.48692057660978666,-0.49608952477083124,-0.27003328043747943,0.9896065051010589,1.0121594338470474,-0.5039791704766798,-0.19951660436468277
-1.089491243453828,-0.4823958303986677,2.392854749297371,1.2033643232365148,0.35004067417768436,0.3354851164087134,1.8515169559616318,-0.08199891860744432
0.32309430286565155,0.3461690048485889,2.0777812695118008,1.2735210296386392,-0.3177194311894973,-0.36525347857340223,2.18123426953135,-0.10153659837353608
1.2329575464298979,0.48264712625657863,-0.02183716567644292,-0.4259869864493252,-1.1568990023932482,-1.2050285874782956,-0.4524450961503504,-0.10182820553422402
-0.2416531520494175,-0.5742925930468611,-1.0863150257870733,-1.0376719671740693,-0.34761209732321574,-0.3963878601412974,-0.5091242724657541,-0.0324257012904951
0.7535670201863294,0.33636123689107084,-0.13245481922930408,-0.4491135382605439,-0.7917759399366356,-0.8515789355244711,-0.2537552453683647,-0.08783106182120305
0.26434867967957504,0.4407303588114489,-0.5372940215407584,-0.7096971135687657,-0.2502773667652367,-0.2949201007196442,-0.7984522753101707,-0.1933928539902361
-1.172169365641647,-1.0766835596777968,-0.5391192901703337,-0.7560580097270124,0.9944016901036296,1.0161699987714885,0.03858298636836259,-0.06479409612685606
2.4053390493713196,0.6398434924646326,-0.6923766341483356,-0.6138011454501293,-1.631387125536466,-1.5926663548650977,-1.0230794756740673,-0.09870800891486307
2.28959028785789,1.968457361643836,-0.06337781881055214,0.23163536777235857,-1.2327434488868856,-1.2758365889955785,-0.05252352216093652,-0.039715880307693525
-0.8398826186088768,-0.2949291466168076,1.6143375460169758,1.3435890826449832,1.0015648594922693,1.0252681446154974,1.789934464477467,0.04076769604217697
-1.2608005827125999,-0.4378216192027106,0.1704964896263009,0.9015528190555024,1.1101361324317784,1.1377412149544863,0.37734369472499973,0.1407889521581392
0.8400145810893782,0.613317909006194,0.578527697539985,0.49612311822062677,-0.7700565382913337,-0.8287436533647164,0.38680840208854844,0.07605216248541728
-1.2372009790087213,-1.1525617903656742,0.6057283498103713,0.8194843066175981,0.6552582054400304,0.6575673433051256,0.841184601442562,0.13320716598025284
-0.31597840065616845,-0.8776184177918561,-0.27798551918152187,-0.57800991804043,0.17148702084916018,0.14797481321312259,-0.6040402348393675,-0.1731261563224245
0.08209223652121124,0.1445509728732321,-0.5363845032067823,-0.6467151570543942,-0.1086828994551117,-0.1451872588178441,-0.5039791704766798,-0.21759624832733482
-1.0359157342995367,0.512284857606321,-1.5579122108789518,-0.9464540077328848,1.649010978398282,1.709095011528829,-0.731430756602847,-0.16569017372488212
-0.691119119300041,-0.5982050228160042,-0.01631664732304043,1.1620894388592022,1.9580131961311227,2.0360051821995473,-0.06851447653254775,-0.22371999870178147
-0.4885577504043859,2.1361429136362973,-0.6382733813220394,-0.7365901417151745,0.061882480905445944,0.03265502305127781,-0.4248564688206088,0.06147180445102045
0.5975015437365538,4.199690742734059,-0.38411655868756617,1.2916788240585442,-0.07159442937869925,-0.10751788409944942,0.5321825323704412,0.12620859412374236
0.3580286518905199,-0.036447716088435465,1.4734781910657513,0.9165076491704865,-0.3863830440071747,-0.4358008244836103,1.964283497582179,0.03406073134635442
2.213375986059062,1.7516600599546353,-0.865108609482512,-0.8928563341048439,-1.8411012190044416,-1.720433016564223,-0.8691365832200729,-0.17321363847063087
0.5832335087805419,-0.10234769296253544,-0.18328856170300334,-0.49977044927641695,-0.7119534164640093,-0.7716962969933271,-0.14977476830637765,0.03872644591736141
-1.0808667965812002,1.3411816080947387,-0.771524047859823,1.5363548313233282,2.135865551624457,2.2241758547800616,0.050984361429214343,0.10054716398320399
0.9245159786520806,0.428220175338467,-0.2003609279952933,-0.32372103013613573,-0.6216288012098619,-0.6798669996379645,-0.33714803261048876,-0.18435303200891004
0.1901468199908777,0.02052685584799017,-0.604747664092669,-0.7588844497111558,-0.4606362919769954,-0.5128386606861819,-0.6917149612550663,0.03406073134635442
0.35049543220101687,0.6916668419732865,-0.22252178100636993,-0.3252315522955293,-0.2845698631169069,-0.3300785354366623,-0.4226132535021461,0.03756001727460966
0.7751266682453469,0.17504043048727777,-0.24277472680409162,-0.535729847012589,-0.6888392217981969,-0.7488361390809073,-0.1569462146167937,-0.21088928363151227
-0.3468264628303911,-0.5061314743770428,0.16860625006323957,-0.2507593407593911,0.14878999453529226,0.12409226504074618,0.24970286475891787,-0.21468017672045545
-0.6658182047043034,-0.7548933722326533,-1.0227315966825494,-0.9965250765398892,0.08298098344514025,0.05564184978287697,-0.7166850052145975,-0.02017820054160179
-0.580986910484401,-0.6407621996487669,-0.49980288182185556,-0.7070644870981482,0.20074760261191318,0.1779133070487154,-0.2337684387972816,-0.016387307452658612
-0.173865000965001,-0.23236420864018945,-0.7731634205007293,-0.7338532525427129,-0.02089323162398208,-0.05352385353196626,-0.8283652378289683,0.04980751802350297
-1.2654857391131158,-0.9012054777046788,-0.9003914873029367,-0.9501794270664627,1.0893615689440566,1.1193629711888053,-0.6350493823088942,-0.18435303200891004
-1.289234672204104,-0.8939881306054196,0.12539566939512012,0.9313911450391547,1.1500964983592077,1.1819419504179876,0.6897278502635212,0.13728966622988395
1.839392767628211,0.7177486703400601,0.35540043440629465,-0.10998805757926032,-1.6168167220474163,-1.5832766068887345,0.1652839954663357,0.016564301705078215
0.7001101645194222,4.521703149427324,0.1659500331360281,1.488186814498214,-0.2749625188514614,-0.31967168870636814,-0.1956742115649595,0.1334987731409408
1.121309165470924,-0.20508724510035198,0.5965186567516301,0.37837072577206676,-0.5784927711508054,-0.6359048483039189,1.036516324292511,-0.21876267697008656
0.7734319526540006,0.552888117879766,1.0958147621471281,0.34076399591412393,-0.9567300378745272,-1.0151764397331107,1.5377699030884895,-0.20622356906050532
0.5410628735002003,0.642943001834151,-0.26912050188838194,-0.5758333379331445,-0.5975060658898962,-0.6556062988869173,-0.11379575040144549,-0.2199291056128383
-0.4568571688143543,-0.8173496887439117,-0.3364834204198931,-0.824183633340422,-0.45195517056401635,-0.5048268958283348,-0.7542465146847153,-0.15548392310080433
0.5154838297266305,1.7321099402260849,0.019085970597776503,0.8010626498931949,-0.813825687327345,-0.8750279553256336,0.1250243932834523,0.1314575230161252
-0.8863172391465165,0.35811943983472444,-1.3463764334069397,-1.132985632803891,0.3350302593856527,0.32147571576865136,-0.7351740864247526,-0.11553374208655703
0.8394112240372937,-0.31757701267340693,0.5944309931810952,1.9472859057662144,-0.5527500893171341,-0.608235732466382,0.37255518783047326,0.3303336066052979
0.6056749096656725,0.36057755706472905,1.7814217869096174,1.4241281205924539,-0.5183672221960615,-0.5728431894422633,2.3960365429627317,0.08071787705642428
1.9599749208706785,-0.07113272798715538,-0.14888297909200193,-0.5336822496248506,-1.8354711422429142,-1.7185419095493084,-1.1072697784108716,-0.21963749845215036
-0.38140366067448384,-1.0620414994005563,-0.7053347143093367,-0.8149074724152487,0.2760060230925497,0.2583223655762087,-0.5409498222669016,-0.10766034874798273
0.7139209032152937,-0.5392836079026319,-0.5263663540045281,-0.4259869864493252,-0.44117636296249624,-0.4940389037846637,-0.5464208626350984,0.03318590986429061
0.7231525476595441,-0.22584121237928584,-0.0632387247528951,-0.49977044927641695,-1.1084543966399634,-1.1608020857208587,-0.2537552453683647,0.005191622438248711
0.20892658929429736,-0.7151826621379118,0.9285746302201833,2.088230684646686,0.362431714943761,0.34917910856177603,1.6063947137426706,0.14020573783676332
0.4478175130258207,1.140988131645474,-0.5990396419217968,-0.48818810643494326,-0.2057804842902753,-0.24845301215007087,-0.37525806392972644,-0.13536302901333672
-1.0436813370747406,-0.20484667632347012,2.1717878596538385,1.8233408477174675,1.378379051574308,1.4232253790452964,2.194274905956516,-0.011429985720963686
-0.0763746448722142,0.20360539088913793,2.432145976158378,1.5997243354413735,-0.08833529604824396,-0.12569804468492998,1.064320935860529,-0.09482963367771353
1.954267212916632,1.2083473388333752,0.01231325022665708,-0.2359838513053009,-1.6560013491291197,-1.6093189085707789,-0.6318759060731197,0.054473232594509965
1.208274613274576,0.08903668021120309,-0.05073463685351091,-0.37702672561204853,-1.2703036570791446,-1.3093194133774697,-0.44775867086268584,0.04135091036355284
-0.5773956274457823,-0.6065483219280958,0.6571144397132308,-0.028592487434147204,0.16301722298567914,0.13879767675350896,1.119691854070292,-0.06158641735928875
-1.1243291911477309,-0.4963536035800141,-0.7335741672207784,-0.8860140642211216,0.763055729807933,0.7729391361322966,-0.5688140091410778,-0.03942427314700559
-0.957081022275395,-1.4468314332979109,-0.12785131573619865,-0.3721543415307441,0.8280282617617031,0.8420096926816557,0.3610281242499327,0.03726841011392173
0.36148260003158106,-0.06166713930363417,0.13982249857932097,-0.5607862573524375,-1.3404662007105388,-1.369540953926843,-0.2176031485479598,0.03406073134635442
1.45766912200075,-0.2182351943124961,0.6737542944155892,0.9264655104101607,-1.8467532454384699,-1.7242434797671533,0.26855114402704744,0.14574627388983408
-0.05199911866601765,-0.38428215269451665,-0.31537876090296335,-0.4437075371894862,-0.01768228248399372,-0.04997800975148692,-0.18803130528530107,0.004900015277560774
-0.5592185579942158,0.28044157186763385,2.3270725347395453,1.5629355489122423,0.3977781865829012,0.3869221275548234,1.9557150222311779,-0.06304445316272844
-1.1118615362726187,-0.3808694185695985,-1.3811577639403247,-1.1090710107882773,0.9440696124348941,0.9644077862359357,-0.7465451897129602,-0.14449033314286913
-0.92885447694497,-0.46172216385962367,1.558418454644473,1.1935263592491239,0.9021666103501244,0.9200406993315289,1.1299078222883503,0.03989287456011316
-0.5509081849536632,-0.8465402833580649,-0.3174748101119801,-0.701829131659185,-0.032187891544371995,-0.06501589186518364,-0.3275059488782601,-0.10299463417697576
0.02053561116675227,0.11829887182720981,-0.33731074007084844,-0.5255519956990554,-0.04193956246540366,-0.0756724460895282,-0.6677354957211072,-0.04846409512833163
-0.4839369202264376,-0.5245678902004909,-0.8755825659526412,-0.7789999875105901,0.515670824628158,0.5107864999047679,-0.4248564688206088,-0.06916820353717511
0.7551790560328658,0.19599867050928035,1.2584671917404882,0.4611609757301759,-0.9204088994800924,-0.9787868797327423,1.806811364109117,-0.22342839154109354
-1.1389016237720464,-0.19504811901055427,-1.1519495947691976,-1.0462037250802392,0.8833385152719979,0.8999757077680306,-0.9385869755629679,-0.13332177888852115
-0.07775578484416286,0.4700041714669184,-0.6772325851479597,-0.7504395754235496,0.04968688474633357,0.01993842313003094,-0.4071395720624444,-0.19164321102610846
-1.1845425964649146,-0.8242079581445648,2.215090657170539,1.4920136143170106,1.1071865018230962,1.135199162760154,1.2847697272088763,-0.028926415362239864
-0.6197012443664499,-1.070224757690716,-0.4148556095850954,-0.5565465899885946,0.30581850654634024,0.288786663697386,-0.7820010333799621,0.04397537480974427
0.08103680502781636,-0.8036698495612257,-0.1371677272109035,-0.5715006365132252,-0.49589013716215097,-0.548625740620103,0.2124999849841016,-0.05108855957452306
-0.5050774632647914,0.3442009245455166,2.350393816528486,1.5848236420621578,0.47171878002927964,0.46556147369945916,2.85472496381052,-0.06421088180548018
0.19732101246436984,2.160455872142214,0.774967786271661,0.2716606776130671,-0.141495635388244,-0.18045749432366298,0.029112100744767114,-0.00851391411408432
0.01424063836558747,-0.09439915250058153,-0.9386783668962626,-0.7504395754235496,0.12863435586460648,0.10357395341193908,-0.6287190015903296,-0.12457356406788306
1.1790395416748176,0.3329118646262622,-0.17425256187419977,-0.30145067291260297,-0.8646990806214977,-0.9243512676922424,-0.644671004521272,-0.1289476714782021
0.15921200359421697,-0.6172375942968831,-0.010383654982173543,-0.6588607001299094,-1.0386938558794763,-1.093629457910436,-0.10446409689147543,-0.21876267697008656
-0.4788279809724908,-0.36054249336324423,1.4166472738261666,1.4905947040868457,0.5409800728815759,0.5383878409178992,0.7127543065560049,0.12066805807067159
-0.19256108910275213,-0.9070237707210698,-0.3645347016525939,-0.6419160849013971,-0.024111308292881804,-0.057176729118389745,-0.7542465146847153,-0.16510695940350625
-0.4020525830946807,0.3384592982878379,2.2712541235552397,1.3619936398179737,0.21447633157056445,0.1951197501343609,2.9356797323049526,-0.13186374308508148
-0.22103959105467305,-0.4731975041688509,0.851978362359846,0.5102595214042982,0.33879745841508124,0.32526921103971257,1.6678766501443798,-0.05867034575240942
0.38370582915381113,1.6452939868290781,2.2930516790502606,4.137374142075358,0.26680961653304525,0.24947784822517352,2.0509989052626154,3.7750889958118923
-1.2260859298618467,0.016634533864930624,-0.7778451573114987,0.2767420506011516,2.8986973251666726,3.0298658941288346,-0.42037833105036587,-0.021927843505729412
-0.08375258134440164,-0.33938409403356345,-0.23259080585220535,-0.6092245485063877,-0.1876357800518902,-0.22913926693709052,-0.13290262669895053,-0.028634808201551926
1.2158792878543865,-0.0744587819466457,0.9117381054738786,0.6061959776215242,-1.2514019167827428,-1.2909748601431321,0.09913774234507096,0.07022001927165855
-0.23047235411424918,-0.8253916183682086,-0.3848413696483102,0.6605730937526595,1.236341649142456,1.2727404872024457,-0.21283666523841988,-0.21934589129146242
-0.14653626541135184,-1.4472010789707064,-0.803292610532257,-0.8625859354412149,0.010900651024679546,-0.020937705881405706,-1.0111078798262416,-0.12457356406788306
-0.8201167817587333,-0.45092730030906025,-1.4999308548439776,-1.0167923241813837,0.9823838571718798,1.0057775866251204,-1.0052098249005135,-0.1575251732256199
2.091954757784281,2.340066617559291,-0.518905427476313,-0.5867854469185966,-1.6609747431800408,-1.6135977060713544,-0.4595435632393891,0.04397537480974427
-1.0857814438195987,-1.559862003016984,-0.3057399491901731,-0.7149926460926062,0.6143600646898105,0.6151936950757967,-0.2436792482118687,-0.18027053175927893
0.15581531565171255,0.4313126789580694,2.1420694639339835,1.7090057447626377,-0.011281640987427712,-0.04379123240930524,1.9685011762398497,0.0008175150279296583
-0.9812287511704311,-0.7907948371440174,1.2096320685531574,0.517890700876488,0.7760997774563672,0.7860681495302371,1.8597872057949711,-0.19368446115092403
1.6292948832676082,1.4900174678595155,-0.6609836067360934,-0.7176557076262194,-1.281764135291112,-1.3198298059944973,-1.1655844305476601,-0.18070794250031086
0.2941683746278327,0.8706173356750266,1.8486178999855476,1.537070271051426,-0.11381473824406256,-0.15115410816459346,2.5180677460514898,0.0014007293493055318
-1.1219671803305769,-0.11989459318377367,0.1149956644386896,1.2550268878172566,1.3418003167590709,1.3852193251132852,0.4725755091122254,0.1407889521581392
-0.8863066774673097,0.094188690416952,-0.819868918792174,-0.9245136375744899,0.5377038162464162,0.5353329895521628,-1.0291553643515383,-0.15501735164370362
1.289843681041543,2.183448806373456,1.6676682619261973,0.7872947947017294,-1.4525192601639578,-1.4607234261870339,1.7725728543212658,-0.009680342756836066
-1.2685475178719599,-1.3575969579771718,0.5672947876649325,0.279899039247208,1.3838786099065958,1.429305563931575,1.2373761441169455,0.04627907137917894
0.03986230242932674,-0.3414389518649614,-0.20469590096499457,-0.43479046362639706,-0.09339548598158608,-0.1302321354941157,-0.22563176368657187,-0.20505714041775355
1.7338508361861058,1.9269121326389897,-0.15466793006119967,-0.4786822672449465,-1.4396325713656826,-1.4521602481958595,-1.035292938232337,-0.18557778208379938
0.3639150533541415,-0.4134473242116382,0.6677981649381184,-0.00726765451497088,-0.699066727665733,-0.7570197560796836,0.8666600463251025,-0.12690642135338653
-0.49109941196363804,-0.28025040774280674,-0.6894791970079492,-0.7070644870981482,0.44165923700972964,0.4337405541014706,-0.5169249721126223,-0.1726887455813926
0.44077897127735544,-0.8948293774801261,-0.04176047762096968,-0.5979139259296549,-1.1394109381748125,-1.189080166750423,-0.5382327577620989,0.010440551330631574
0.18361117547580277,0.17962851024112286,-0.5526077844754007,-0.625377021019326,-0.13800648101074434,-0.1764677080760166,-0.3711314551786759,0.007524479723752205
-0.9711546506466681,-0.4271053624725308,-0.9898717558384834,-0.48437006571322483,1.4834532062441739,1.5342797252289078,-0.7659856376072806,0.06322144741514807
1.9179046048327242,1.5258652964801398,-0.16077443043522033,-0.59344100667162,-1.8986382520205183,-1.7520343099153037,-0.8110913245348657,-0.1322428323939758
0.9604203298031934,3.5648223953739944,1.898633774257113,0.8878371951066562,-1.2033805627495826,-1.248348675023977,2.5301287828826777,-0.11174284899761384
-0.5799053195702099,-0.44477953674730236,0.27729109904413807,-0.21633142898263658,0.3337723478585248,0.3198501904569715,0.46437119884150024,-0.21759624832733482
-1.0548573083387347,-1.2781396664374227,-0.7363112239702615,-0.8997670278221604,0.5658550492049067,0.5631784987423318,-0.14692984148120433,-0.05021373809245925
-0.2046509861308738,-0.5342231593633104,-0.6859417125468227,-0.830437645369898,-0.03705552771455249,-0.07043458555072792,-0.713054088385948,-0.15052660136910942
1.2193367970003177,1.3787529303117922,-0.7775682379132888,-0.7967205382507511,-1.1255708049569109,-1.1778847757712692,-1.1579799801590291,-0.12355293900547529
1.8225171163997098,-0.27557711782624167,-0.42127490198549433,-0.6419160849013971,-1.5833780053628799,-1.5601384593026821,-1.0414934626869097,-0.18901874657991705
2.1606748591953373,-0.3785727457540391,-0.039963330172725464,-0.4901050663681122,-1.904519570204445,-1.7540987267330845,-0.9709811083683508,-0.2181794626487107
0.7728174220248614,0.543774573677493,-0.22612862884007795,-0.5671949302929337,-0.8820614790881923,-0.9408247061503712,-0.42710803877778564,-0.17589642434895988
1.8721740997133536,-1.6047020432176748,1.242648691753209,1.3264843679451517,-1.5881080028509238,-1.5626413988814163,-1.035292938232337,0.13930175563863068
1.516365651241969,1.7475420876162877,0.28642143871489123,-0.034524400360713484,-1.0451949562089533,-1.102210248499219,-1.0111078798262416,-0.18861049655495393
-1.0952603504968956,0.04508632936957158,1.8241678003339659,1.6735420463167157,1.4708715317068413,1.5214116571012897,1.7299478308345297,0.06992841211097059
-1.3445459795051407,-0.4930663227040419,-0.2318126329688718,0.8538194465215195,1.5718121821305513,1.6278015788766345,0.11590588203097153,0.12265098676334953
0.11296427752593118,-0.28630975556683413,0.30054990217611016,-0.2386469128389142,-0.5115874298988148,-0.567296521922596,0.4648872431192628,-0.05867034575240942
-1.272740409814796,-1.1183990363323608,-2.083831820786986,-1.0376719671740693,2.4985519359257986,2.609132235086878,-0.8738412438092906,-0.022511057827105285
-0.02378806322023682,-0.46987585415118166,-0.1635054263877762,-0.3885310228911882,-0.0967787849361579,-0.13316478579142788,-0.13987555100006596,0.025312516525716318
0.12512070938022476,-0.6437325498916238,-0.129489344808824,-0.625377021019326,-0.5297378133791962,-0.5846715377207621,-0.43849341924749036,-0.21701303400595895
0.864387900979416,0.7398329615191612,1.264471128866701,0.6255656204021854,-0.7593176525652123,-0.8179967149651978,1.9123639022235923,-0.11728338505068465
2.4812940740474168,1.7680281559137991,-0.7146856234061147,-0.8179857118602876,-2.0533417057315297,-1.819391357855602,-0.9128577379400681,-0.17198888839574153
1.5745070191410147,1.9295861968444938,0.01019713551593101,-0.4070052694338162,-1.5976145480240946,-1.5702498953608641,-0.39847209980101145,0.034352338507042356
0.34411974230910364,0.07110363816494067,2.213264848833934,1.3817137068233678,-0.6387567651766829,-0.6961106923035543,1.772810024129992,-0.022511057827105285
-0.4734112016415586,-0.8875355785950736,-0.4730817339657383,-0.776090241684289,-0.04030972199687885,-0.0745624125597152,-0.04050432240468897,-0.11232606331898973
0.07790044047770169,2.799252610241855,-0.9525871959249059,-0.6443114551082808,0.09490082814130579,0.06850511736482441,-0.18500099400466732,0.06147180445102045
-0.8418945836462626,0.5416941789797212,1.2803245543791033,1.131729845986676,0.4393209414317498,0.43084497811302946,1.4778813073999517,0.12824984424855795
-1.1385367160789865,-1.2953511879092143,-0.5253340228838865,-0.38193370679309535,1.1910763665392679,1.2261542772022258,0.04790778565602396,-0.01113837856027575
1.8700705644023474,1.4675096304537836,-0.49636340839602283,-0.6046780609709871,-1.4874545155348293,-1.4876255287933458,-0.731430756602847,-0.046422845003516074
-0.009672651903359506,-0.7811561958655362,-0.6433856307946325,-0.8560355203993538,-0.3617757837541741,-0.41106107429270694,-0.9993687569036761,-0.14527767247672654
0.19273183048240775,-0.2816658347219092,1.276510694316876,1.0638597918624573,-0.5975060658898962,-0.6552538383077007,1.7165644050012656,0.12533377264167858
0.6657935673808398,0.09447443378480637,-0.4318583830554689,-0.7393379131793646,-0.9144428707145543,-0.974438235219665,-0.5631374807237611,-0.15694195890424403
2.3616430006645803,0.042211873345921976,0.2978540521545184,1.1840572699901613,-0.6216288012098619,-0.6803682410606849,-0.7465451897129602,-0.21963749845215036
0.4040808185628786,1.6553305729754841,1.9543390719812603,1.5060447490788824,0.01404202374688942,-0.01643762063379866,3.0629967241032774,-0.11115963467623798
2.249204872016372,0.6018454551139393,-0.07849955138406542,-0.7703072488343214,-2.8744695490456467,-1.9673690934935506,-1.2051113053205627,-0.17146399550650324
-1.1503608560386733,-1.5716347543539828,-1.4390352193684683,-1.0635898901947878,1.2159415525333084,1.2536154753366204,-1.2651865204471857,-0.15169303001186116
-0.6486043909012089,-0.33998160231520763,1.5297059632381065,0.8770370484271583,0.5722745856457747,0.5708334742179118,1.104126326737883,0.002275550831369342
-0.808137313296175,0.0514744057821103,1.8523957005746594,1.8425799059680774,1.1994122377702647,1.2347935783353325,2.19459955771727,0.06322144741514807
0.8001286186883171,0.19188998470569166,1.2465512691830427,0.36346106431890984,-1.016166875199502,-1.0738576698740168,1.7031441204733349,-0.11436731344380528
0.09204047371448168,0.01864174354707885,0.9705278337846641,1.5715409520179113,0.32620187141757206,0.31114697217100895,0.1610355884203852,0.14837073833602554
-0.29712002863652986,-0.2805384352303204,-0.24715700861195963,-0.436564697239692,0.08597014521351591,0.05829303451697557,-0.09008503163105398,0.031144659739475052
0.5182133024439571,0.7470516330989503,-0.07729734555960145,0.8382705534191593,-0.631391416849841,-0.6891195538590262,0.06713345747439661,0.1273750227664941
0.09150795818154972,-0.7078694553739654,-0.5063503212354915,-0.7789999875105901,-0.6362974890245028,-0.6953275664840395,-0.8327619541880672,0.010440551330631574
0.18702450346437444,-0.7143496320172728,-0.5327669840801909,-0.8057541781652647,-0.5366032229453276,-0.5913710887476099,-0.44775867086268584,-0.1974753542398672
-0.7317826343356323,2.44549925888033,0.7576402597998951,1.375030502817662,0.7945328667759641,0.8064760693653593,1.498759238968028,0.15478609587116016
-0.7683490728714751,-0.026193572488167862,-1.182769976417101,-1.0334452652348058,0.42992986118246457,0.4206123110079573,-0.7351740864247526,-0.02134462918435354
-0.40288405988055975,1.9646750255248846,-0.5253340228838865,0.8765058696056321,0.33125324567115644,0.316596856363769,-0.09267409697879468,0.12591698696305445
1.728840557973467,-0.050380893712479266,-0.22011229127976017,0.5245548182159345,-0.4497929882928929,-0.5015113046205514,-0.9179167284220257,-0.21876267697008656
-0.2308028664919038,-0.09500919723995283,-0.02393242749921397,-0.3641092726420716,0.1658459906032842,0.1420911179188335,-0.020604598997229478,-0.22080392709490212
0.8251353502829955,-0.3943319026867511,-0.324274808715393,-0.5316407012780883,-0.7249556824891215,-0.785469989563013,-0.8738412438092906,-0.028926415362239864
-0.6813537059935247,0.022977215880296713,-0.5032722069784729,-0.7257070252533939,0.2968098662773706,0.2800135025677444,-0.33909504181254096,0.03726841011392173
1.7880695561740612,-0.22121777944445548,-0.7168200682390369,-0.6001612892526592,-1.0517253408729588,-1.1071466868096107,-1.0052098249005135,-0.10827272378542742
0.06292060547841066,0.5129692422668349,-0.504808301266548,-0.4207582330348552,0.13730682206999442,0.11198018228130803,-0.27618034376963374,0.04514180345249602
-0.039574590833870486,0.3596000949467597,2.2126720806741043,1.7355703570366994,0.17990762309428546,0.15671176577973459,2.6444834283953513,-0.019011771898850043
-1.1389083067392765,-0.017598205781578176,-0.7661075268351571,-0.9539250384733454,0.5871438743939097,0.5856347563664669,-0.8026360002060688,-0.22167874857696593
-0.5072649279322782,-1.1904232454233352,-0.0976872690332579,-0.5523327744157068,0.04355039751412787,0.014195865130335572,-0.5920686389915416,-0.11524213492586909
-0.9004202742976145,-0.9587023806027418,0.05727034492615657,-0.03551802182992333,1.0422730594539389,1.0668002447645946,0.9798380043004014,-0.21468017672045545
0.06392650837107569,-0.16258420441111085,-0.6236941654448168,-0.7123398074691148,-0.02089323162398208,-0.05376792517329747,-0.7277104628026135,-0.20009981868605864
1.051674582542135,0.7512493191580726,-0.06416693400621803,-0.4087094962229989,-1.012977120460433,-1.069676208213196,-0.10050849389356759,-0.01667891461334655
0.2963305243770863,0.4361082042085435,-0.35250299026715454,-0.6115090583977062,-0.39676063265773054,-0.4477027332678118,-0.48630851438388584,-0.025135522273296684
-1.1200172925784835,-0.27935065147051197,-0.21935801290368956,0.9810953266917645,1.1101361324317784,1.1376074418341835,0.2347934572151781,0.1311659158554373
-0.5349473990925357,-0.37627932141596415,-0.8996394021604193,-0.5912153570416305,0.5045274727313692,0.4997107586612814,-0.6318759060731197,0.04222573184561665
0.7225080428011915,-0.8901554704830318,-0.310960818022716,-0.701829131659185,-1.1016640191482323,-1.1529687773026893,-1.2562301220452026,-0.06980973929068857
0.6267141734755616,-0.1804265704852624,-0.6449718754767028,-0.7967205382507511,-0.6461597239558884,-0.705233664421667,-0.6677354957211072,-0.21963749845215036
1.7918323731432553,2.2569083613206162,2.3186547187912687,1.7959370462973074,-1.181742206662446,-1.2284297924884224,2.180358837864828,-0.050505345253147184
-0.029553340445849664,-0.22361475689958116,0.2740744729087977,0.9888167881698026,-0.04684010666088418,-0.0816650932261635,0.17535999262283117,0.14778752401464967
-0.8599769934133252,0.8743166352150404,2.5266716633857853,2.004490248494431,1.2097651235477926,1.244833911593278,2.618458498227556,-0.1344882075312729
-0.4284266752151526,0.04041976305868238,2.2184051809063394,1.4953854588904048,0.4694285063395952,0.46332176321603646,2.8176920473823412,-0.10299463417697576
0.3572210499348802,-1.0766835596777968,-0.0632387247528951,-0.5056352393227614,-0.5504323543005956,-0.6054416093851348,-0.7022903767255408,-0.19689213991849133
-1.2157945310918707,-1.5818056440764705,-0.8397414032420715,-0.8431180674293769,1.2035622681158256,1.240105593191484,-0.607070546120001,-0.18522785349097387
0.4195499149630209,-0.9128630168758692,-0.17278654628723705,-0.6737228560071363,-0.8532386024095302,-0.9126751073518288,-0.6917149612550663,-0.21701303400595895
-1.2177939155545385,-0.7036104214183608,-1.0346648152412417,-1.0334452652348058,0.8927831281152765,0.9088311402480113,-0.6350493823088942,-0.09395481219564972
2.097433337716419,0.13638579595583403,-0.34964570050790866,-0.3313068759314971,-1.3404662007105388,-1.369540953926843,-1.562091404904604,-0.19718374707917927
0.22796501113260148,-0.4047941614466604,-0.9432610794012348,-0.9652852440895815,-0.5388989367173078,-0.5954679012275009,-0.7542465146847153,-0.1849362463302859
1.437528118980315,-0.2676990289610064,0.11948178923903267,1.1562650909562444,-0.033808621667403047,-0.06827311274214921,-0.6193460101997537,-0.21934589129146242
-1.2949836862905597,-0.3060141818049084,-1.156924115763003,-0.8118428837442976,1.8484903159864525,1.922192858116852,-0.356906190981157,0.002858765152745216
0.21308824586040218,-0.06125821028442294,0.4488856799331405,1.9292802523412182,0.613322681501317,0.6151511329586653,0.2533734639811972,0.1451630595684582
-1.2283632467059893,-1.1132218071952473,1.20348098656202,1.1475252359125987,1.074338191558473,1.1002368052654328,1.7597466759284626,0.13233234449818906
-0.5607698162782166,-0.3866638149487131,1.1202849284724727,0.47791775544740545,0.40857483267371403,0.39751158814133275,1.8583995123026285,-0.12282392110375545
-1.2847364183167014,-1.2046597665118768,0.5881835567717462,1.2066676928763698,1.4158484413041632,1.460062821320198,1.0877813464283177,0.14632948821120995
0.4569759805630024,0.7109256033696828,-0.9399229962422129,-0.5439814508742127,0.5976721918638707,0.5981537463237708,-0.34104834184685257,-0.06800177489442336
-0.16329098100294992,0.9949117450573062,1.785185162698262,1.424969635054875,0.7087018808674723,0.7159742658654936,2.855605526615643,-0.15956642335043544
-0.7113728635712833,-0.6643593768837296,-0.30710277389939367,-0.5036747738582249,0.5829110452728986,0.5823890007448056,0.11036801886678647,-0.04525641636076432
-1.2255588300341844,-0.8028745821862274,-1.4137805189366315,-0.8560355203993538,1.6791731539425794,1.742862430539469,-0.6917149612550663,-0.07820802551850115
0.054321142485533255,-0.23236420864018945,-0.8413617262362442,-1.068005647153871,-1.1428917152228188,-1.1933642829417337,-0.7503835888595926,-0.1041610628197275
0.017791630886908442,0.06186250715661755,-0.6076325346047835,-0.6889116786892082,-0.17864788428289075,-0.21889521976776677,-0.5980248037682963,0.054473232594509965
1.3613337911536825,3.765043816150725,-0.15332995862902513,1.1766972659698567,-0.7042076654786809,-0.7622635936899244,0.2570219109912169,0.1209596652313595
1.6053747289196776,1.4497711791315533,-0.41063264588819093,-0.5155218687873921,-1.2779339007142216,-1.3158545274706301,-0.08366046708040334,0.005483229598936647
-0.7383721403407542,0.6480158428270646,2.282887279554773,1.482572407790545,0.5669269479184768,0.5656955394903623,2.8212710220738555,-0.03942427314700559
2.219167052033194,0.8002372041826967,-0.2338674564114484,-0.7878034646876617,-2.466059701839577,-1.9262995900648268,-1.221675241040769,-0.13787085059525298
1.5449735736521175,-0.981848213560842,0.339894996548232,0.5785417286899287,-2.4317446573633235,-1.919863331126615,-0.37525806392972644,0.14457984524708234
-0.5202332612152383,-0.6224753876475682,-0.703490498187669,-0.7365901417151745,0.38690053113555656,0.3745424281089618,-0.6987446431906337,-0.13186374308508148
0.45884320850192095,0.8240959929782748,-0.7477076189596473,-0.2855634533921287,0.5733417501724744,0.5727734712180619,0.1250243932834523,-0.016970521774034488
-0.8394161985607117,0.7085209483883803,2.4058431642660367,2.2594619592662504,1.5696675915855327,1.6262105394635262,1.943502453641532,-0.08083248996469258
-1.1503145431748882,-0.718637005526526,-1.1148795415070405,-0.7393379131793646,1.4512097783662905,1.4995016077201715,-0.5117133378134948,-0.05954516723447323
-0.5008271322368261,-0.6444083890413997,-1.043181422565055,-0.9173522925272165,0.43697886831484534,0.42925755346946565,-0.9333527797951323,-0.18989356806198085
-0.9162983926742395,-0.3074779153610431,-1.426208456785364,-0.7096971135687657,1.5930853876647777,1.6502433088671562,-0.8068488802144457,-0.15373428013667673
2.113361991686972,1.4967695032898074,-0.13494296490575788,-0.3918534505060185,-1.592853483173406,-1.5651608052863049,-0.8068488802144457,-0.16673995950335868
-1.2213017642176094,-1.2549898643642732,-0.4606129167990708,-0.49395501288695914,1.5904432456102247,1.6456112165358938,-1.054088623143594,-0.1942676754722999
1.4916390474510657,0.8563835809709909,-0.40427187467887404,-0.1860056736353113,-0.8055176821032899,-0.8651501788783209,-0.45009734238537275,0.057097697040701396
-1.0211531887624705,0.1703848022671654,-0.899263889558516,-0.8495466125101107,0.9621300638803985,0.9828847070901332,-0.7942973047644263,-0.016970521774034488
-0.8863136186619296,0.3605460352243139,-0.7451468598156138,0.007838162508148262,0.8018409752274035,0.8129805047964177,-0.6131771216244469,0.07751019828885694
2.1681363960856554,0.9723308279593874,-0.25344865159842445,-0.5095729343799501,-1.758863127723768,-1.6740664173346484,-1.0052098249005135,-0.05283820253865068
-0.728731035252069,-1.0837589923014328,-0.9264406825331262,-0.8792388764946373,0.5754737254744331,0.5741924417708443,-0.8153637510426445,-0.09599606232046527
-0.37528445349209116,-0.5447836417677574,-0.2875387890286462,-0.5607862573524375,0.09490082814130579,0.06852285836653164,-0.5547213935090258,-0.08083248996469258
0.09595012872880855,-0.2943516402750064,-1.0309951082256372,-0.8273035646567765,0.12863435586460648,0.10294206533308467,-1.0867747365558071,-0.22412824872674458
-0.6896592370400513,2.549215063223492,-0.4366667316443046,1.7415992203425834,1.2376915030053957,1.274206742116329,-0.6318759060731197,0.17409048990870157
0.22339804753550177,1.3767070334543403,2.385164362450663,1.7712701804085103,-0.6939439557486533,-0.7545766958493909,2.5112384142232216,0.17461538279793987
0.21758849777978442,0.2002094012979544,-0.24437599059450735,-0.48627644930227626,-0.2826432941369573,-0.3281743128651641,0.49995772827835366,-0.22167874857696593
-1.075050249288897,-0.7390507963665985,-1.6963302966722056,-1.0167923241813837,1.8108208886079564,1.880771038006717,-1.10036060795476,-0.0003489136148220889
-0.15539761596679127,-0.502122430583548,-0.4860855356179052,-0.7848564938559499,-0.3577148764937122,-0.4065568360063841,-0.6255784966852986,-0.17735446015239956
1.0256948515236317,0.8423210425771391,-0.230542517789801,-0.4455048427871847,-0.8166056362981674,-0.8773279525835201,-0.1205505227377823,-0.22284517721971767
-0.506502773438851,-0.2397209168356051,-0.8805659465185524,-0.6940497217837477,0.7480031045695413,0.7570324031266101,-0.638239605198631,-0.1449860653160386
-1.1934733533048325,-1.3227137972124117,-0.49718618700965816,-0.859302966735967,0.5807899871856088,0.5829033209351709,-1.054088623143594,-0.166273388046258
-1.0211620564951345,0.11294056379456074,-1.2039165221232653,-1.041924679750473,0.6612946178144281,0.6654974451453927,-1.0414934626869097,-0.10853517023004654
-0.8269153186716031,-0.2862374871320529,-0.34175226504736256,0.7980928833426975,0.6091657096379088,0.6100909827915186,0.3315322337274564,0.12854145140924586
-0.5881682006558697,-0.9399436834562378,-0.3985466434021262,-0.7907630564179646,-0.08833529604824396,-0.12437464148228108,-0.5774300101046254,-0.20593196189981733
-1.1356058767114983,0.7059285314177719,2.2475915423335255,1.7336514808863306,1.3196567472523875,1.363421727165812,2.8786896324100772,-0.025718736594672557
1.7761570409767877,1.012401125151061,-0.553555019836496,-0.7560580097270124,-1.5881080028509238,-1.5613878842031328,-0.7820010333799621,-0.21088928363151227
-0.316461611609188,-0.36979884669718405,-1.1505395998845758,-0.9729638076742644,0.16018292502708123,0.1358478574469829,-0.7620472143315833,-0.03592498721875034
-1.2994149984476557,-1.2609111761305978,-0.7853954305037528,-0.9846440341100666,0.9823838571718798,1.004686341506512,-0.664386202751597,-0.12865606431751417
0.42858107049918615,-0.4589463608512056,-0.5690242540208311,0.730290271521684,0.18688762186452085,0.16519869710524118,-0.5382327577620989,0.07663537680679317
-1.2827576479619405,-0.8502711063609169,-1.4866604864719997,-0.7448664515672833,2.1607034684406563,2.250033080536256,-0.8461472796124858,-0.14880611912105057
0.8126523616618933,0.03333529604900535,-0.15049434433035028,0.429427946730612,-0.0967787849361579,-0.13379614344085514,-0.15983878393750597,0.056222875558637586
-0.5066511924853162,-0.5990812458779624,-1.1129531130299486,-1.0167923241813837,0.11698977162101648,0.09063327425396567,-0.8930347871322027,-0.09191356207083416
-0.32746135603452065,-0.9499786201038173,-0.5711658337401674,-0.7997186497331767,-0.12068557074483631,-0.15772753688025729,-0.7427310077568168,-0.07616677539368559
-1.1147228501709736,0.007191343460471184,2.012310887086766,1.9685647574386878,1.8542336293863007,1.9274716698677856,1.98211373276584,0.02764537381121981
0.27734217345501866,0.5226301291933692,-0.2789385889006401,1.041206691691524,-0.24839580524990834,-0.2924077565770351,-0.6882305375761715,0.14137216647951506
-1.2697763888889186,-1.270165302478984,-1.2418543330778848,-0.8826181673984916,1.5920291086059841,1.6513051088292687,-0.607070546120001,-0.12428195690719511
2.268908245083509,0.5997546092578819,-0.44260994453337615,-0.7819220367384917,-2.183052240680213,-1.8635767376379888,-1.0111078798262416,-0.19280963966886022
-0.3196924244986712,-0.5456314591657375,0.33530324443959075,1.182864458625232,0.729922715360613,0.7376673941436914,-0.6511715600009012,0.1136694862141611
-0.7838725285665448,-1.300138508251646,-1.0346648152412417,-0.8179857118602876,0.7067572220325467,0.7143942974773494,-0.6917149612550663,0.0433921604883684
-0.602430148528439,-1.0100032858986427,-0.2747462369924691,-0.8273035646567765,-0.4892144095839165,-0.5433289979172681,-0.1972144565629369,-0.21788785548802275
0.5521453413454092,0.2525179503270189,-0.48889915401893463,-0.6300622160009718,-0.5251788695466403,-0.5806880223937765,-0.5745443443168912,-0.060419988716537004
-0.8718715152318557,-0.7419197751216392,-0.319669945421579,-0.6637793231201189,0.45561035936942057,0.44715373220702015,-0.45716813450658,-0.052254988217274805
0.19910595349156715,0.4524117346635516,-0.4566242774280711,-0.4711706322791571,-0.10186858399939104,-0.13946461669724403,-0.19875863577974123,0.0014007293493055318
-1.176261503278893,-0.16758045821728768,1.301274414651172,1.751107343165027,1.6930369216276675,1.7571130975794853,1.3263638924154235,0.13029109437337347
0.07788573243276009,2.802095334499286,-0.5441821839754343,-0.5889968523665655,-0.3039776890228431,-0.3509314363374161,0.09153329195644001,0.06059698296895664
-1.0591862007512127,-0.34151372305939964,-1.4347137379783481,-0.9768353226334553,1.2403874460306705,1.2767603909703222,-0.8068488802144457,-0.08345695441088401
-0.8441178702081753,-0.7332328144803882,-0.6305338726531532,-0.6024159849322824,0.853750897628423,0.8694222671366634,-0.33909504181254096,-0.14527767247672654
-1.2878467654113082,-1.532902046860573,-0.45255225781439234,-0.7560580097270124,1.1833928157257414,1.2186867537277364,0.1047789574743325,-0.19135160386542052
-0.9917391307205283,-1.6167240516509362,-0.6439797351427797,-0.6092245485063877,0.9815791150229564,1.0035147920381413,-0.5491750625454654,-0.17706285299171162
-0.34454358268329505,-0.4284538475840175,1.3937082018519018,0.5241125374886576,-0.02089323162398208,-0.05367027784892446,2.056845010137031,-0.16277410211800275
-0.5817411708589139,-0.7064173189514493,-0.38619094391019787,-0.6687332053573974,0.26152821563176615,0.24399735650795268,0.5321825323704412,-0.21963749845215036
0.11233261236025624,-0.24816965885184267,-0.26618297964872495,-0.6539768380165857,-0.46936970961745766,-0.5219325250734891,-0.7860720644858628,-0.21963749845215036
-0.6059729089353116,0.6316071772172664,2.297692307891284,1.5146453291110065,0.47171878002927964,0.4647112956126363,2.4676387052159825,-0.051380166735210994
1.9335886004292042,0.5003167415179628,0.20973483010408078,6.055314927230974,-0.8560952396767822,-0.9156768285392023,-0.7427310077568168,28.892671781667303
0.941203355186729,0.953399137822511,0.42090673381853005,0.07370355969861214,-0.6289445927347369,-0.6863075036296044,0.9094300064054094,-0.20534874757844146
-1.0925344935339008,0.1317572986287723,-1.3486803771644784,-1.1090710107882773,0.742317830836228,0.7491708073975117,-0.8461472796124858,-0.14936017272635765
-0.5556643226294029,-1.1165890446243794,-0.6678667371310384,-0.8527834503376818,0.06491541704104216,0.03672465106727075,-0.6952195846043339,-0.15898320902905957
0.33506718192228135,0.1293625859228575,1.7179965452175183,1.3321415040836915,-0.390525169522264,-0.441604700078444,2.2692015300481683,0.08625841310949504
-0.3741394147412832,-0.7874443239153853,0.07687625074628225,-0.5715006365132252,-0.6939439557486533,-0.7535127385283562,-0.5039791704766798,0.006358051081000457
-0.902009627791492,-0.7219427166342081,-0.8859751377915996,-1.0250686340334925,-0.011281640987427712,-0.04467236774500967,-0.9599890631016017,-0.0003489136148220889
0.07637312729055847,-0.14705696980873284,-0.03839198147183641,-0.4786822672449465,-0.43474733715360814,-0.486407156742549,-0.2354089983785292,0.03318590986429061
0.4107902525816901,0.007646574693962858,0.06092277164184866,-0.3545772096170358,-0.5183672221960615,-0.5738862586311897,-0.20341498101750932,-0.2088480335066967
0.39890278102151155,-0.08450998294960696,-0.16715598267586676,-0.57800991804043,-0.673631988540918,-0.7328317495470382,0.13844935282766477,-0.07325070378680622
-0.7372727629212376,0.3807873237730837,-1.273113762984197,-0.8997670278221604,0.8668787532013301,0.8825225345787147,-0.8461472796124858,0.02764537381121981
0.1897837762811485,0.39319218614681906,-0.9288584306417268,-0.7393379131793646,0.026539885147350426,-0.004811411291103097,-0.48382577646042874,-0.21788785548802275
1.632700505959733,1.3796843822190858,-0.046444558672173314,-0.40360937261118623,-1.389201645019589,-1.41115454025973,0.3591878006531573,-0.2143885695597675
-0.8943608870588317,-0.035856210783759127,0.09724435993945107,0.9840578463041358,0.5000460381147547,0.49589419622271663,0.4221453606078619,0.14866234549671345
1.6064673935512093,2.674469246509581,2.0037098866332883,1.3926268000612663,-1.3404662007105388,-1.3703000193731625,2.2277529256601385,0.025604123686404252
-0.7793879876483375,-0.4545309705491193,-1.0405004391059027,-0.9501794270664627,0.7327925472658727,0.7413496038040872,-1.035292938232337,-0.20768160486394496
-0.6916719484758991,-0.9091447006986819,-0.5142941793933087,-0.824183633340422,0.11259882547565864,0.08635617009515004,-0.6287190015903296,-0.21555499820251925
-0.9602462802145142,-0.8058588481881995,-0.7380627960669526,-0.9614777214396685,0.43228334050461054,0.4225316436180085,-0.9545670910208139,-0.19951660436468277
-0.26552358478787086,-0.8941458311521419,0.10239273123405784,-0.45821859240630375,-0.1714974730227535,-0.21160003512625913,-0.028719430027985705,0.020063587633333456
0.8509767205523151,-0.05852418283071855,-0.19587862112292312,-0.5956738474276069,-1.0814816568590047,-1.1340590910106605,-0.8327619541880672,-0.030676058326367484
1.0636371289254996,1.9818852123652975,1.3881567039166278,1.6363365158034369,-0.2961833533446021,-0.3418624926510561,2.084973545007731,-0.11495052776518115
-1.1295371497610853,-0.6520876519044778,-1.5351724423485675,-0.8560355203993538,1.7934530163664477,1.8618658728811521,-0.8598356946186205,-0.19759199710414235
0.717552491208791,-0.0303232460701092,0.8947481238305659,1.4236467947065277,-0.5274565494245095,-0.5828203651925885,0.504322699116155,0.1451630595684582
-0.7568776401034738,-1.0228713352298837,-0.6757278068464284,-0.8149074724152487,0.5234205189953692,0.5194253609042936,-0.7240129232352036,-0.13098892160301767
-0.17518891849315005,-0.4826731590226826,0.453366322438376,-0.3802941719486614,-0.8820614790881923,-0.9413201116428587,0.8108161404034028,-0.008805521274772255
-1.1343792040245735,-1.4376175732011747,-0.6410180041177128,-0.9390628825961186,0.428751687250038,0.4188468008926144,-0.7820010333799621,-0.21788785548802275
0.5678801622631325,-0.12961874434235354,1.2527027342176675,1.3958924647956437,-0.35974390823718283,-0.40926537153171033,2.280467006210919,0.1334987731409408
-1.2165905538784005,-1.8103117785142677,-0.46629014370620925,-0.9245136375744899,0.5123368033563909,0.5109429855826358,-0.8026360002060688,-0.1426532080305351
0.18686544603635957,0.40762410383954245,-0.4967745860101926,-0.5036747738582249,-0.05011636329604393,-0.08562447912040914,-0.3609365114729149,-0.1216574924610037
-0.11908218816912525,0.20312450191737144,-0.3681961026707511,1.5058310290794112,0.6164326067783991,0.6177937611580051,0.2171803632109484,0.13233234449818906
-1.2226789960076254,-0.5090680793154112,1.6518959565127493,1.5411443498387447,1.5110896798823816,1.5642464857961391,1.3047684187092206,0.08888287755568651
-0.7227556155602904,0.248443657942812,1.7088800739593974,1.2394897312829902,0.35872551025618604,0.34672465910882794,0.7276320242374651,0.07925984125298456
0.2187103660284411,0.5193466053587019,1.4452417585689445,0.5665803171075372,-0.5761335469620366,-0.6325700081382644,2.061201983035555,-0.07500034675093384
0.29114149750150264,0.732826800124538,0.8772155228322559,0.4562977353023282,-0.00490913426956145,-0.03660403811515418,1.7083765958595334,-0.20243267597156214
-0.8661648958958459,-0.6745975557021869,1.7087435214858644,1.8488540276368095,1.6197637122612651,1.6792093358954534,2.0432414522442723,0.010148944169943636
-0.9334842167803313,-1.2224817439012283,-1.158356852548909,-0.8928563341048439,1.1196811951586292,1.1511400061861752,-0.9078407312655297,-0.06100320303791288
-0.9333391448715755,-1.3099595603039196,-0.14386056637526345,-0.8210777242346008,-0.2864989957289909,-0.33275033786172686,0.20620257559628027,-0.21701303400595895
-0.6894357597444741,-0.6115308250192101,-1.0283943629724825,-0.9652852440895815,0.4073791683221783,0.3981872471149947,-0.24035755944476456,-0.10532749146247926
2.3141264495932896,-0.2976232604030521,-0.29682672497382107,-0.2480492839028333,-1.5506932051847706,-1.5371425485894812,-0.8416524943368463,0.023562873561588697
0.9010135683619555,0.9817359123497618,2.3074128059466217,1.5442853232096458,-0.8027588935561024,-0.8641357454578642,1.8468147349410111,-0.04292355907526083
-1.1278578873536966,-1.123841165860407,-0.9018999160187043,-1.000531253630541,0.7048099511634766,0.7119988337378943,-0.7240129232352036,-0.06975141785855098
0.796995579616712,0.08147946505025197,0.31385324468900844,-0.2827137024969585,-1.0615764067093632,-1.1172146662806668,-0.024069054522510198,-0.2111808907922002
-0.36880306420387643,-1.1231144923779597,-0.5788372098676098,1.8420544821733063,2.400910902564401,2.504049080650168,-0.3031333588037286,0.014814658740950592
-0.41867630735646066,0.7697418414494321,-0.3232962693397506,1.28567908110564,0.9702655675198483,0.9910974198948656,-0.1656657768535032,0.12416734399892683
0.38325245081291004,0.050159455725901234,-0.09117191571854913,-0.5586631723867641,-0.7016349177865213,-0.7597869584301483,-0.41815164037580255,-0.1458608867981024
-1.1611844625885865,-0.9836249026707475,-0.5835798620219372,0.048634088119991495,1.9735273492173,2.0544039773228064,-0.08110963698923243,-0.13157213592439354
-0.7601454478027424,2.2270685735577955,-0.4481568583443798,1.3452090801349215,1.2166262009257542,1.2519712366801732,0.371953948760837,0.12183448671342333
0.36778876798928484,0.04480647812600471,-0.25449448734630514,-0.580193375189494,-0.5388989367173078,-0.5954679012275009,-0.10446409689147543,0.006941265402376331
-1.0424432003631605,-0.6122817318396052,-0.8562480067007453,-0.436564697239692,1.594668364649052,1.6521719019691863,-0.8930347871322027,-0.06479409612685606
1.2409673186238068,0.378630660981144,-0.04943381531339984,-0.49202735860281593,-1.3245784477950324,-1.353938570502697,-0.5631374807237611,-0.21730464116664688
-0.9340675870278902,0.7199803976683128,1.8439018289578009,0.9749015200693814,0.08597014521351591,0.05880287981999703,2.1442916084590142,0.05855573284414108
-0.8748267406790626,2.072451120766489,-0.3174748101119801,1.566468902733773,1.874810124091175,1.9480259105866713,-0.664386202751597,0.11372780764629868
-1.140674312651575,-1.4494947649420722,-0.3937491485340236,-0.8431180674293769,0.28774489649386215,0.2714734681761238,-0.5039791704766798,-0.17152231693864087
-1.1389061423983218,0.12924233791254786,-1.3811577639403247,-0.8179857118602876,1.512206585133358,1.5647067689386405,-0.4071395720624444,-0.06654373909098368
0.7217788893008359,0.010327132103711225,-0.36256944137481023,-0.5715006365132252,-0.7067849869469229,-0.767108139082395,-0.6952195846043339,-0.15140142285117322
-0.6988028325895678,-0.40157079329301193,0.07700682915016431,0.51206268906212,1.252457531012296,1.2899894298848626,0.19421515373411613,0.05768091136207727
1.578853088802961,0.29260637676554996,0.4260511988644977,1.1935263592491239,-1.2439096885104264,-1.2830283194596996,0.050984361429214343,0.1472043096932738
0.3796915426161844,3.405677674934106,-0.0024217017106184812,1.7385532049966284,0.44865157987705395,0.4414683986198325,0.6354420530256754,0.1407889521581392
-0.5446117736344779,-0.7380955970831891,-0.3883806965733276,-0.3641092726420716,0.5903104055633792,0.5904455741201974,-0.39847209980101145,0.0016923365099934687
-1.2366160271719064,0.47113702328180845,-0.3982250128615104,0.912736144742393,1.2544594778584655,1.293696426667699,0.06513825488883217,0.1314575230161252
-0.36757951649426157,-0.5199703982419541,-0.6259610891120563,-0.859302966735967,-0.07826759625453446,-0.11412036185865623,-0.8691365832200729,-0.15985803051112338
-0.3922983189463591,-0.022811385217730743,-0.9674423770541871,-0.8027298249234409,0.3400510191884382,0.3268629074365222,-0.48630851438388584,0.02852019529328362
-0.26089539677237983,-0.7493068071999591,-0.24532521576597424,-0.7878034646876617,-0.6660877757969933,-0.7231758836539011,-0.29764576437989737,-0.12632320703201066
2.2937640944447746,0.3058020789982414,-0.3717910289417089,0.13383395623418867,-1.1498784417287415,-1.199152026242678,-1.114258825439034,-0.17274706701353018
-0.09808025939285307,0.29498146280643206,-0.5276975664163391,-0.7070644870981482,-0.11724608409223819,-0.15437908891628405,-0.7427310077568168,-0.007930699792708445
1.6979619257768206,1.7320058709897157,-0.42263956835330235,-0.6737228560071363,-1.5052429956927798,-1.5023561291935557,-1.0734874800479295,-0.1500891906280775
-1.006619742506698,-0.1685311533043517,2.0027001693894695,1.836976745870222,1.5249895269561187,1.5783305511133718,2.1005127316548333,0.025312516525716318
1.3430145065438308,-1.6227274517978225,0.3617743544355456,3.018529264250478,-1.807644127768177,-1.7037401291503276,-0.8371908812105024,3.1830098167511056
-0.3906454010937942,0.9070195739024242,0.45126027566264104,0.14080272398809343,0.1037768330758709,0.0770491585629675,-0.029887634902974664,0.06292984025446013
1.6139178049205924,1.0175835530120934,-0.09647641423284857,-0.5036747738582249,-1.4742549438295323,-1.4764363335780533,-0.6987446431906337,-0.21380535523839164
0.20210374587970714,-0.19880979065523788,-0.30642078075408696,-0.6637793231201189,-0.5903468269256785,-0.6480413528396709,-0.5832429956100075,-0.15140142285117322
2.2013375102546684,0.43749623460007975,-0.11981376849266151,0.6620241464911044,-1.0582852748894456,-1.1144779126767885,-0.9179167284220257,0.058293286399521936
0.07786090412856563,2.7106569601088615,-0.39566124264921515,-0.6115090583977062,-0.4219741889391759,-0.4723857849788566,-0.2420161224457991,0.05738930420138933
-0.013178821817714919,-1.610497463432821,-0.7591740231066161,-0.6712235273776747,0.11113221640363077,0.08547462043856364,-0.5745443443168912,-0.0682933820551113
0.023922381849189524,0.13599316556323512,2.1924216757613375,1.4567847205180167,0.02186580390116177,-0.00815614845871138,2.0223424424552636,-0.07091784650130273
-0.34246867649737345,-0.026855461376333545,2.1251266974895833,1.4564404224392609,0.28384249051961696,0.266671248063804,2.2378903224700846,-0.02017820054160179
2.287596123126587,1.5223159683864211,-0.31010025119877904,-0.5979139259296549,-1.85242739336305,-1.7261630245997437,-1.221675241040769,-0.19330537184202973
-1.1230161245968848,-1.0626246501842902,-1.009162984578764,-0.8625859354412149,1.2193615657826389,1.2543724119428372,-0.9599890631016017,-0.08520659737501163
0.31394490547253107,0.009424068456477062,-0.10719786899158411,-0.5036747738582249,-0.5808558408574753,-0.6376953759015346,-0.6610553632804993,0.0031503723134331525
-0.41510380185987356,-0.5787872618617337,-0.5027150875359149,-0.701829131659185,0.12136745872411633,0.09633426704704627,-0.44310829535721036,-0.1344882075312729
-0.16653224351070772,0.3634531641728555,-0.15718143177252325,-0.1569549396814158,0.3977781865829012,0.3873544625395171,0.21406414066828824,0.055348054076573776
-0.03215087574998026,0.4409265087921105,2.198552357316624,1.6045589183051934,0.31477151304031287,0.2989703327815366,2.8194474478592353,-0.14352802951259894
-1.271042541597628,-0.5656838617193405,-1.122679459915731,-1.0167923241813837,1.1707312248153587,1.2016278921600936,-0.8283652378289683,-0.221387141416278
-0.2287763912509123,-0.42478166143564694,-0.5285875106844792,-0.7878034646876617,-0.16438215594685018,-0.20560091193182517,-0.14692984148120433,-0.18143696040203067
-0.3347165420546938,-0.5141378353460297,-0.8071490640128319,-0.8894267309725968,-0.027336544203873277,-0.05959842799633486,-0.6987446431906337,-0.14848535124429385
0.01421379938310582,-0.035701402093784466,-0.6236941654448168,-0.6024159849322824,0.05884318640851793,0.03021193164895394,-0.2192003643639308,-0.221387141416278
-0.4519173516368291,-0.1756943781929104,-1.161237824553585,-0.9652852440895815,0.31604601241387753,0.30094789570260794,-0.7203378612508377,-0.21555499820251925
2.1899171881787227,0.19688675518302146,0.006203841752306122,0.020790202381001793,-1.4311046471043585,-1.4447060295334548,-0.5832429956100075,0.053598411112446155
0.012051280815442945,0.5000275284638023,-0.7647647874626532,-0.334364684516868,0.6400562876360867,0.6426296678883252,-0.18651425095171775,-0.21847106980939862
0.29077843106487367,0.20624506702777104,2.1562684033434047,1.7470484414499545,-0.0649518384033415,-0.09934608125447256,2.664517533346076,-0.003556592382389394
0.14328875226271928,-0.25343715560307223,0.04224626852149223,-0.5175162817525839,-0.813825687327345,-0.8750279553256336,0.36408293537189773,0.002275550831369342
-1.074715361220773,-0.004392117834488043,2.288423710185406,1.7314188888736892,1.2617763882672708,1.2985722513028644,2.1911671508253705,-0.049922130931771315
0.34603966215538107,-0.946880149844967,-0.338047575551981,-0.625377021019326,-0.5597256101238004,-0.6158939064914668,-0.21283666523841988,-0.021927843505729412
-1.2176334574196563,0.2589846205267982,-1.6569805377245186,-0.896303042560362,2.4281720855957887,2.532084895350385,-0.2850318318312774,-0.07529195391162179
-1.0189930086593728,-0.4421518997487008,-1.0641667094012133,-0.9614777214396685,0.8798887981319119,0.8968799109080933,-0.8153637510426445,-0.06945981069786304
0.2734002445405917,0.9192841195367502,2.2074222104869445,1.2331757210483025,-0.7407139131188212,-0.8001003133250193,2.161488738427552,-0.01872016473816211
-0.6608110082860834,0.8919941179565337,0.14323868582247784,1.0199480602315416,0.5167804633689438,0.5137987662484096,0.5745068863533507,0.14049734499745123
-1.271044842107011,-0.5363297605907642,-1.4949026987938048,-0.9729638076742644,1.7758745521593209,1.8437075125447815,-0.7659856376072806,-0.08812266898189099
-0.04147413523279796,-0.872060072885808,-0.20641660917147298,0.9046208090568998,-0.141495635388244,-0.17981225677878787,-0.36296179254526195,0.14049734499745123
-0.7682194265269684,-0.5359714452377289,1.3534148933227228,1.136852925090619,0.4887814675016509,0.4831848987626123,1.2709240478884811,0.12125127239204746
0.6164441032149103,0.1820665788034369,-0.5263663540045281,-0.4419148938683532,-0.22971329227157616,-0.27210319045505377,-0.6544482392132294,-0.025427129433984622
1.1540002579066388,0.3719026399723351,-0.29195035829093313,-0.535729847012589,-0.9597982780548368,-1.0175887210469898,-0.8979299218509426,-0.08637302601776338
0.16299297017632605,0.12677948765947214,-0.4390334237877681,-0.6300622160009718,-0.2315707466500248,-0.2740511602522733,0.020567141033688972,-0.21409696239907958
-0.3416192327936012,-0.6634471682876891,-0.6116335366048666,-0.8087918253102078,0.05427226424864765,0.02583420410464628,-0.8691365832200729,-0.11874142085412433
-0.5555753601925987,-0.779147175490825,0.8535859866640689,0.09047777189611725,0.13730682206999442,0.11327665221071748,1.1628198108646692,-0.0715010608226786
0.5154250950341092,1.4595267097362306,-0.4174334573282241,-0.8826181673984916,-1.1639537265044952,-1.2120005323122662,-0.8153637510426445,-0.03330052277255891
-0.34108397408218327,0.17031391166562074,1.6110145439624142,1.3523189888125546,0.8944937394571794,0.9118459160496766,2.6209560517050834,-0.10678552726591892
1.4841382770511948,1.011427573193446,-0.9037934919677046,-0.830437645369898,-1.1394109381748125,-1.1905028868721192,-1.2051113053205627,-0.07223007872439846
-0.4028760813858617,1.9783218675426968,-0.582219067055569,0.7420090120871159,0.15449765129376797,0.13120690926227213,-0.01945417841279021,0.12591698696305445
-0.08010024060967776,-0.5145953494406568,0.44004733941859153,-0.24132027637702644,-0.4156295707425527,-0.4669609838240559,0.7113834537357498,-0.21001446214944847
-0.9946203516019805,0.34705679628092706,0.24200066081980665,-0.06393580125956899,0.9564079247300318,0.9779834228604218,0.6542099497530345,0.04776626789868745
2.4327522017562164,-0.05025593122644789,1.1709687009799463,1.1735929071108804,-1.631387125536466,-1.594026741348243,0.13311509026623233,0.043683767649056335
-1.0130358653479874,1.2140869934521719,-1.160515632604063,1.0257526417356333,1.531063492186356,1.5857951715150704,-0.7094448488018528,0.10521287855421091
0.4660302292123659,0.18368992357780575,-0.4920036309138771,-0.6371501100610071,-0.36788855294001493,-0.41694019496739276,-0.8240002669911672,-0.1082435630693586
0.7455576254128725,1.2533141299314754,2.156031043861743,1.2915331069019091,-0.8646990806214977,-0.9234039613531794,1.8499536092546516,-0.0018069494182617728
0.18229162961974463,0.22151804635631323,1.7344755475119111,0.9926454052356383,-0.1966797454022065,-0.23847659926398432,2.3883761504211547,-0.05808713143103354
-0.22459830735071926,3.3016864619129054,-0.8336433889003121,0.6376832106568742,0.01717660430656493,-0.013063992710733647,-0.4093259969942682,0.11308627189278522
0.562081015920876,1.9953000987750957,2.192122684568471,1.0261806774339146,-1.0582852748894456,-1.1133109791411497,2.3898519312602873,-0.03496268358848016
-1.0067699407059316,0.12139297600205477,-1.0607791201833658,-1.000531253630541,0.7203153710951675,0.7276587858222783,-1.1732857555194152,-0.11398822413491096
-0.8863278487851501,0.20624773388972859,-1.3799066419946209,-0.8335860044043412,1.2723536750891375,1.3111263185299884,-0.5920686389915416,-0.01026355707821194
2.163110739440712,1.509234886728135,-0.429070346397648,-0.5889968523665655,-1.6362766510619156,-1.598137139225279,-0.9385869755629679,-0.18292415692153915
-0.0614747496807682,-0.7611771361195057,-0.33971043823097774,-0.6467151570543942,-0.16971536715106836,-0.2100179815845957,-0.607070546120001,-0.1382791006202161
-1.271041773293497,-0.14063642291557008,-1.7308610893501128,-1.1043858158066313,1.6130098357664184,1.6687766931196955,-0.9438668854095947,-0.16598178088557003
-1.1174883029469467,-1.3495015514108166,0.3952916823847145,1.663661699277121,1.8890848976793126,1.9612896304450307,0.18853862531679896,0.11541912917828873
-0.05728183722715717,0.25091021705267474,-0.33740277026242066,-0.4786822672449465,0.03274864386210003,0.0018339111009915152,-0.19875863577974123,0.0346439456677303
-0.2911106758856544,-0.9505228224035038,-0.3751150227625276,-0.6637793231201189,-0.05011636329604393,-0.08369246405890671,-0.6677354957211072,0.017147516026454087
-1.1389045138706237,0.5142709832891889,-0.26618297964872495,-0.386875779913536,0.8054812607409905,0.8183010340976291,0.02378567126942346,0.06409626889721187
-0.11529732747807091,-1.37957351637188,-0.0578057328055118,1.1818404076409308,0.3337723478585248,0.31907633374270633,-0.11648860935141363,0.1273750227664941
0.7567292802611373,2.205296552902428,-0.508462708406023,-0.6046780609709871,-0.5643946735607228,-0.6198347257253927,0.21328256869816153,-0.2199291056128383
-0.8863213656990948,0.04103113363476499,-1.3639886712698848,-0.6092245485063877,1.878283603905676,1.9515457275417791,-0.4548020029745905,-0.07441713242955797
0.025440358465777153,-0.7948443918456713,0.07612459601696869,-0.6762312566297293,-1.185326245432355,-1.2310617505620436,-0.1956742115649595,-0.21409696239907958
0.8739435392061088,-0.25648881036876475,1.5948810503756645,1.170300884176686,-0.9690421538622983,-1.0283248617071568,1.6836758460233634,0.10550448571489887
2.2135970134674037,-1.212215302089483,-0.40427187467887404,-0.4383434977399111,-1.5786633900076452,-1.5576517726929484,-1.2562301220452026,-0.1998373722414395
-0.050564161295017465,-0.7111063064201631,-0.29121170738411545,0.7166973131975843,-0.2787978198821106,-0.32345477498676156,-0.8371908812105024,0.11716877214241635
1.2419264469155615,1.2245097743574829,-0.1721164151406332,-0.23998230187818062,-0.7700565382913337,-0.8313386669211816,-0.6677354957211072,-0.221387141416278
0.4406019407361472,0.8778506639553374,-0.7862432211403776,-0.7907630564179646,-0.41985622954997437,-0.47143996344747824,-0.46913973035440587,-0.04846409512833163
0.023922795460153422,0.06901815950024541,0.5794574180087108,0.14464411027043725,-0.1732817722560641,-0.21437516968477602,0.2777594015500277,0.04222573184561665
-1.254670784318316,-1.6720815809857261,-0.7739856349873888,1.7863181568595354,1.3355080197975997,1.380531437541853,-0.607070546120001,0.31079592683920615
-1.249141959653512,-1.452384986175393,-0.7446366706776518,-0.7070644870981482,1.5491341764471536,1.6038719372351153,-0.9545670910208139,-0.1978252828326927
-0.47192203809074335,-0.5787007083219745,1.5179424699927944,1.2574807336721336,0.16160076665017475,0.13847268099160087,0.32506644124112033,0.11017020028590586
0.04572670989425523,0.10160170124599059,-0.176338664321963,0.8031339189622736,-0.3536653125643918,-0.40192311002094067,-0.08366046708040334,0.1337903803016287
1.3203800751086001,1.1493576996115054,-0.010749357494894377,-0.2617071120944733,-1.1639537265044952,-1.213511178816734,-0.3649938812978773,0.05214037530900647
-1.237893247666064,-0.7077288691913052,1.2038375423737646,1.5887212530713353,1.5166656211563154,1.5674714254826796,1.1236949071873465,0.14166377364020297
-0.3427942498434968,-0.6554417848343967,-0.27584938452772867,-0.7588844497111558,-0.5714265852166143,-0.6282776834767505,-0.48880149043082954,-0.037091415861502094
-0.8281665751763315,-0.3856646274134422,1.490880112681714,1.44905423468787,0.5223159528893184,0.518664939992755,1.0363159112839826,0.16149306056698268
-0.9450551228285303,-1.2406059328559094,-1.1168152989719695,-1.0814247797195877,0.2455675816468622,0.2263647280649193,-0.5274849931818358,-0.12224070678237957
-0.8465263042127813,0.788733557615624,0.7658798022722563,2.935065097600809,0.8369497849568542,0.8502389988837624,1.0128136206606964,1.2646429494494467
-1.1948452032242847,-1.430283997892499,-0.07001759074986787,-0.2507593407593911,0.9097990857134486,0.9263660681710223,0.05911283124204188,0.06409626889721187
-0.00893985881603072,0.08932333286583392,-0.3610041603327804,-0.469305412218942,0.1416236776985028,0.11774884103670925,-0.9993687569036761,-0.01026355707821194
0.44038440039835036,0.1451049362324623,-0.4337279363509403,1.003121332275963,-0.22046155095590417,-0.2636056873117183,-1.0867747365558071,0.12241770103479921
0.9068800062100012,0.33172753145288597,0.8512027061339954,3.3485029735188543,-0.7673643500635173,-0.827636865333349,1.052923185176521,2.214699078970744
0.36575116594172585,-0.22017671954564547,-0.658304282057167,-0.8997670278221604,-0.7042076654786809,-0.7642877208255537,-0.8881789711891058,-0.15169303001186116
-1.1907065480210612,-1.2936016144013973,-0.1257318637886334,1.6587108765288652,1.5766259428700216,1.633074209789053,0.5809269024541964,0.1565357388352878
0.10690147672041775,-0.38777902023320115,-0.5785005924705979,-0.7560580097270124,-0.3177194311894973,-0.36459322256107485,-0.5920686389915416,-0.01492927164921893
1.8785436993659148,0.6490025305820722,-0.18054381653153373,-0.6863569119615435,-1.9957284446772596,-1.7955980921708348,-1.1732857555194152,-0.13769588629884022
1.9752963756565236,0.42309563204010814,-0.61053837664496,-0.6992262524510623,-1.5097244303093944,-1.504507530314331,-1.1810864551662834,-0.1914974074457645
0.7556879918509168,3.2550019568071247,1.7701344400942143,0.6837833015933192,-1.3809644470408549,-1.401966679011384,2.5300271443762696,-0.08812266898189099
-0.8496083876703276,-0.6162629251179048,-0.7025715710350964,-0.8860140642211216,0.3893248510049506,0.37971721740521647,-0.43849341924749036,-0.040590701789757336
1.6387980178796406,0.287642851549027,-0.23765033549115155,0.5711418096610745,-0.4156295707425527,-0.46567038700971164,-0.9545670910208139,-0.14906856556566972
0.23687543938567338,0.4386219796394023,2.0582439860979447,1.5512256900052546,0.023425505981736004,-0.007009174371299957,2.978025567016134,-0.0458396306821402
1.3754758501833761,0.735355432091827,-0.4893027210752522,-0.5523327744157068,-1.174600601363143,-1.2211551130898841,-0.2674565872737693,0.05389001827313409
-1.0917066130756774,-0.08607415017754409,-0.8352391320786856,-0.859302966735967,0.9465456897986462,0.9658771581246518,-0.6711034478006265,-0.028343201040863988
1.5381142228399616,-0.4051829519380792,-0.7216044836475716,-0.7645722481794339,-1.2703036570791446,-1.308025667578429,-1.2133365455991265,-0.04741430934985504
-0.8863247429767784,0.08903668021120309,-0.519340471744173,0.8379896903334879,2.3030258533968704,2.3999088618238447,-0.7277104628026135,-0.2205123199342142
-1.1780013367906348,-0.8965131817389957,0.05063160034789882,-0.4312556036798758,0.9686421150052256,0.9888309590472394,0.4896485360917288,-0.221387141416278
-1.021156076011406,-0.9086142080596636,-1.2237011687949784,-0.5758333379331445,1.7744776582557824,1.8411580817130921,-0.6882305375761715,-0.07295909662611828
0.6393370501781643,-0.5066695229462221,0.5934458327136684,1.1163165294160446,-0.699066727665733,-0.7574795700940458,0.23176693858028471,0.14778752401464967
-1.1300244601965521,0.08528833637509285,2.3086216989319834,1.761077641441225,1.3642291035921847,1.4095737824200827,2.0831668671772574,-0.05546266698484211
1.4501611502551914,0.337591379379856,-0.3441788570237944,-0.3420689294472954,-0.824977611117789,-0.8864537825295574,-1.395592239656508,-0.10585238435171754
-0.22264239207870914,0.15228929003693012,-0.71753409010557,-0.13135706465196,0.8833385152719979,0.8998259636208439,-0.6917149612550663,-0.19164321102610846
-0.1945604002343288,0.023514604503737192,-1.0563065349458074,-0.9245136375744899,0.08447633473198211,0.057271303005729704,-0.6544482392132294,-0.2190542841307745
0.8870634589423526,0.42519399405993896,0.05617151592646467,-0.436564697239692,-1.401645866869805,-1.420568270850576,-0.49887748758732553,0.0433921604883684
-0.4865769376620993,-0.10370315124260103,1.71706992720293,1.243094334782377,0.16443229673791313,0.14119704605813724,1.007160683355327,0.08071787705642428
-0.5782364725624783,-0.6793011944697812,1.6005193031602867,2.0648802969634703,0.24422956314481367,0.2245158416040769,0.6136578285742382,0.46826379361069187
2.3530852083756155,1.4912252524492116,-0.4748951732050933,-0.6564144546984446,-1.85242739336305,-1.7261630245997437,-0.9491933148849384,-0.20082883658777845
0.12554784915072828,0.19008629370925226,-0.17345780275955253,-0.3530012371830959,0.023425505981736004,-0.006857943727265067,0.24748975978089652,-0.22109553425559006
0.46715584116510994,-0.3920160954803888,-0.5920173596984919,-0.4455048427871847,-0.3039776890228431,-0.3510906112862759,-0.7820010333799621,-0.029218022522927798
-0.9675628743256345,-1.1525617903656742,-1.1380685772851957,-1.0592021699767995,0.5234205189953692,0.5196930633914525,-0.7465451897129602,-0.1933928539902361
2.2278741439673047,1.4397073554238984,-0.242266576014275,-0.5956738474276069,-2.059886831720193,-1.8218540569685517,-1.0414934626869097,-0.12454440335181426
0.40105032806241425,0.3576336846673121,-0.8410371357715313,0.7250174668262388,-0.3415840514488596,-0.3901079345119523,-0.8026360002060688,0.10783734300040236
-0.6043339187204817,-0.07409099676091734,1.6938126469030697,1.1146243581134505,0.6832155473249457,0.687918448020421,1.5725190874788795,-0.21876267697008656
0.29972542474449393,0.25629761783061344,-0.5703407908562963,-0.5115502278970883,-0.1397500085138077,-0.1778830416543496,-0.02291202864839775,0.03697680295323379
1.5976623181561398,0.00861088091998444,0.5809589911680811,1.0534492437080065,-1.4963214724976286,-1.4970299182681732,0.4109704428916144,0.1407889521581392
-1.1427225335778166,0.003995098864481968,1.0468837635300778,1.3367979154452723,1.2683962305642105,1.3067354834257343,1.0956457655750862,0.13787288055125982
-0.4473169002309943,-0.7092337742867036,1.4257309412585868,1.246835721477197,0.012472188245300872,-0.019751863749447016,1.2732312185391723,0.13524841610506844
-0.7766633720996091,-0.05203755648866869,1.4430318374962214,1.3167175078399225,0.5669269479184768,0.5649586618735142,0.8743076201528905,0.11512752201760075
-0.37576562642112016,0.6783871704742305,2.146642083279716,1.240745640057156,0.02809456941865972,-0.0016873807080504644,2.25697742229687,-0.09045552626739448
0.24647505331750066,-0.6385604538421106,-0.14556567262340436,-0.4277387329203447,-0.3843164108075144,-0.43289868705619533,-0.32369176692211693,0.05563966123726171
0.22821475938493013,-0.26520037020416454,-0.22452927694349895,-0.5565465899885946,-0.5048391960973199,-0.5579839677716036,-0.6511715600009012,0.03318590986429061
0.058752300072690646,-1.393604738546858,-0.10354072698087602,-0.3705378177228054,-0.23715743157532895,-0.2804403457413656,-0.5716723872069137,0.057097697040701396
-1.1388953337944905,-0.20911347330518293,-1.0464225197969694,-1.0376719671740693,0.6451413259748916,0.6503092090661852,-1.0111078798262416,-0.1511098156904853
0.9480490648400582,-0.45693787460814766,-0.5597673753084931,-0.7044418516438574,-0.813825687327345,-0.8733638640930842,-1.1810864551662834,-0.17286370987780536
-1.0652804544419487,1.105540207137171,-1.093572105021755,-0.5671949302929337,1.7314526164140134,1.7962298815927544,-0.7984522753101707,0.05983880435116802
-1.2710440413364124,0.013634069025205774,-1.0675832527240903,-0.8463248648903724,1.4324577892750607,1.4818619171260756,-0.5274849931818358,0.05972216148689283
-1.1697288270684763,-0.9160036620843927,1.7222038505136674,1.1797877419353833,0.7308799573525122,0.7385966674265377,0.3099273222111321,0.09270293136069845
-1.2710412550795045,0.37166183641702577,-1.9931830108282642,-1.07692272071696,2.087880880477739,2.1728929531576875,-0.6917149612550663,-0.11544625993835064
-0.16169960430814762,-0.34151372305939964,-0.9015222748613494,-0.8860140642211216,-0.07994069851069842,-0.11569563513007186,-0.7465451897129602,0.009274122687879825
1.9328032574859138,1.0243604492282272,-0.8285794018045154,-0.7907630564179646,-1.4396325713656826,-1.4493478850616301,-1.121329617560241,-0.1932470504098921
0.20431819253604988,-0.7502205308905102,1.0720379206184574,0.6073735926968028,-0.46936970961745766,-0.5232613432093615,0.9682844062806557,0.05418162543382203
-0.7759714046152134,0.1075928316043689,0.06177135416944312,0.9086903893874496,0.46598629749476667,0.4588538752183948,0.43311745551293296,0.1375812733905719
-0.37122618115294437,1.299325008235739,-0.14894041614006825,1.2502476223667742,1.524436084329027,1.577047203056304,0.3961272121863024,0.04834948222006332
0.5752566294765946,-1.4240035431028226,-0.1917016433531127,-0.0485668146938507,-0.06993092610488935,-0.10469085758369233,-0.4913047893893942,0.05797251852276521
0.04932411431200432,-0.34151372305939964,-0.663681011604111,-0.8367487724548038,-0.3256307356465249,-0.3730979779432707,-1.0170640446029964,-0.14679402971230385
-0.24354348204078408,-0.5029482267494472,-0.36839497488148454,0.881535659533319,0.10966412215760517,0.08413144757442684,-0.46913973035440587,0.12416734399892683
-0.9325639715406024,-1.455503304410241,-0.37897720870454893,-0.6613156356166757,0.66029029290827,0.6654563901008365,-0.0561763781971764,-0.05925356007378529
2.073126152588864,1.5597807568024815,-0.4746356062249798,-0.3058476990686445,-1.3850771957396972,-1.4061156729252147,-0.9078407312655297,-0.030705219042436276
-0.34441087001005244,0.07212074950484058,0.05098010353939788,-0.3420689294472954,0.20900043103168195,0.18804411160533172,0.6276110389330346,-0.1321553502457694
0.2164137489175011,-0.35653769653532935,-0.5006327779026377,-0.8367487724548038,-0.7727537352443203,-0.8322697356810385,-0.9028650172951289,-0.20184946165018625
-1.1795055655077107,-1.7308926409758763,-1.2877219586805742,-0.9576910620322521,1.4002532075315057,1.4480107900777477,-1.128484089636553,-0.030676058326367484
0.7456838230405356,0.2426389510332869,-0.16219696978467893,-0.5956738474276069,-0.9354322768656759,-0.9941235937322064,-0.7620472143315833,-0.216721426845271
1.6354620094716894,0.9182323743590296,0.009347542984993228,-0.4655900075017759,-1.6659652573819312,-1.6164770308561707,-0.6577427750761677,-0.1925180325081723
2.438757119029112,1.985814556741025,-0.3676000789987014,-0.6371501100610071,-2.0274527509081413,-1.807309964981762,-0.878582804074089,-0.1794540317093527
2.227708566667463,2.5052429832491923,0.2849884937121772,7.061058779391276,-0.24089388453038885,-0.28554906544929426,-0.5328349912361456,28.993567859265333
0.1140490495721367,-0.5607972589253449,-0.05625390091803336,-0.5336822496248506,-0.5161037667104236,-0.5717085267090799,0.33537877375429653,-0.09278838355289798
-1.2858436915618137,-0.5345600316933427,0.44056031532939643,1.1150007544260134,1.404468454782952,1.4506635041120637,0.8128501826216125,0.14040986284924487
-1.020745840168391,-0.4144481425362572,1.6437429070141403,1.2690189706360115,1.0445870949716713,1.0706376973712048,1.9359008322588211,0.06322144741514807
-0.35333695948620397,-1.5400111145006388,-0.1921493803304471,-0.5629158849631676,-0.24276572848837963,-0.2876567555801369,-0.0939727995935801,0.0346439456677303
0.36918546428127724,0.6962073413114109,-0.9133983061732983,-0.8928563341048439,-0.39676063265773054,-0.4477027332678118,-0.68132136712006,-0.16831463817107353
-0.7680531785675031,-0.8343347188137296,-0.6034920507886543,-0.7338532525427129,0.6308580287238448,0.632517741582756,-0.5547213935090258,-0.07208427514405448
2.164557448044393,1.4754534411711493,-0.5335179389043386,-0.830437645369898,-2.175928182393384,-1.8608315761170382,-1.0477582424250296,-0.18697749645510148
-0.26800279528933335,-0.052569297622591944,-0.7814626764380902,-0.7476473954117887,0.14592771730926124,0.12152115033041588,-0.7240129232352036,-0.03125927264774336
0.022728914149878276,0.07954860024098016,-0.6483636918343595,-0.6787487953439829,-0.011281640987427712,-0.04333954415174074,-0.5491750625454654,-0.03942427314700559
-0.22966084596328598,1.6963357780407153,-0.7333262706947995,-0.9729638076742644,-0.6022986089124446,-0.6597424889905051,-0.41815164037580255,-0.06071159587722494
-0.6735906218743711,-0.2563078902175483,-0.7759107380871663,-0.8997670278221604,0.3965735808267976,0.3856376877925391,-0.713054088385948,-0.19397606831161196
0.24067827700842756,-0.31415463770897634,-0.6060072338709802,-0.6300622160009718,-0.11039149475489511,-0.14833091751870311,-0.082383706659299,-0.19076838954404465
0.8488172958102479,0.6228194180448092,2.181951410578647,2.815149476101102,-0.2315707466500248,-0.2742247936228679,2.668289577381805,0.21135788504461983
-1.13909788128822,-0.6372139202809638,-0.9719187187408029,0.08632223554532797,1.2736704262641811,1.3130533481385978,-0.731430756602847,0.08071787705642428
0.3031936372375646,0.21396324132894534,-0.6418056558707464,-0.6687332053573974,-0.218618266608333,-0.2604514078318363,-0.5832429956100075,-0.18785231793716528
-0.30646160998821587,0.3167004446436046,0.16219614980355804,2.278448806881842,1.083370887097074,1.1107748655725824,0.6200764246050263,0.1384560948726357
-0.9759970010318549,0.053855038115860523,-0.05425454947756173,0.4679125232064985,-0.19124659871566116,-0.23169510551626424,0.28959314633473443,0.13320716598025284
-0.8030647862545243,0.8097493688481971,1.7836183107478576,2.0457223997695833,1.6130098357664184,1.6715530081560317,1.2157202024466223,0.07692698396748107
0.5781363925848723,0.9039007320281878,-0.5515055060746173,-0.627715647998323,-0.5643946735607228,-0.6211215879577663,-0.22401748813544475,0.03406073134635442
-0.6783031903948175,-0.008646200501843787,1.6750688840595065,0.9114743886628605,0.5754737254744331,0.5755872954959467,2.030641903329304,-0.1665649952069459
0.8315726189377058,0.09630199988206528,0.21036659741759933,-0.6046780609709871,-1.7376986212712016,-1.6624861019183457,-0.18651425095171775,-0.22109553425559006
0.9048069091238968,0.5118431657657538,-0.07058378508720572,-0.3705378177228054,-0.8791532675932655,-0.9383572466325177,-0.1745129469619319,-0.07266748946543035
0.3678917391558545,-0.5552427304290519,-0.13733508460724816,-0.7203290711643316,-1.2364559808620994,-1.2788167471664038,0.07799089898784785,-0.016095700291970678
-0.029707937368448043,-0.4006011536612549,-0.5173143037946599,-0.7878034646876617,-0.5297378133791962,-0.5854536638895691,0.2541049169859641,-0.0064726639892687616
-0.48657921880282945,-0.5210976669622067,-0.6568689730273438,-0.40530523508869326,0.8118298480577061,0.8250278301890424,-0.20653925585059854,0.011315372812695384
0.13446722227128607,-0.04788347198395007,-0.7720697587095325,-0.8560355203993538,-0.24839580524990834,-0.2912258161564092,-0.7699498867938558,-0.18289499620547037
2.1503942459144465,2.7538982089866044,-0.38494502144075665,0.27038447482602906,-0.17506827025670044,-0.21616186837976603,-0.5491750625454654,-0.22197035573765386
-0.6881931491729728,0.30875887387916967,1.424571112495775,1.250711579156797,0.6236632598922363,0.6264496765384738,1.4606437769560434,0.08450877014536742
-1.0207466790112392,-0.8842405305630059,-0.8456055641858331,-0.6787487953439829,1.2517896005954783,1.2876110087518182,-0.1273816218003985,-0.17968731743790306
2.139647471757514,1.9688171244002914,-0.11965358690954087,-0.5155218687873921,-1.9342894652033942,-1.7688699173492723,-0.7860720644858628,-0.15323854796350722
0.1301238947443041,-0.1824588883657345,-0.19323883403899078,-0.5296051663372268,-0.33757923413952273,-0.3864237419800115,-0.3856995296120267,-0.15665035174355607
2.301795889011393,0.18666184111456674,0.00596998850733914,0.210370194162822,-1.3686957452392874,-1.3905830860700343,-0.8110913245348657,-0.11174284899761384
-0.7812102435545959,-0.863113330444355,-1.2194978373689829,-0.9501794270664627,0.8127345238711883,0.8251754340577203,-0.8026360002060688,-0.21963749845215036
-0.11041697478269145,0.15669741030227033,1.7765151026709132,1.283470973104576,0.3211328349803221,0.3067533811138787,3.0088610901401527,-0.07354231094749417
-0.15174832283206313,-0.4873295691045003,-0.07447439349750916,-0.4637397691467628,-0.04520475065661166,-0.07988356913503503,-0.5861705840658135,-0.22371999870178147
2.284082511736621,1.0653798237264553,-0.6049273598184775,-0.40360937261118623,-1.4611744676275027,-1.4694824751993172,-0.7739403028311149,-0.16426129863751124
-0.7880890565646114,-0.04596307512299095,1.3892065617370037,0.7809171023832824,0.6979738316537488,0.7037869221082728,2.3366511324153634,-0.030676058326367484
2.4792646563811536,2.069073097176576,-0.7644967799867541,-0.4437075371894862,-1.5786633900076452,-1.556414458555842,-0.9545670910208139,-0.14801877978719316
0.5147416255329119,0.34152157548482054,-0.4442900022135531,-0.8057541781652647,-0.8305859080308398,-0.8916434505554572,-0.9179167284220257,-0.20855642634600877
-0.7779579826735327,-0.8922544361310847,-1.1187604762183398,-0.4901050663681122,1.4828836745361764,1.5328493207252336,-0.7427310077568168,-0.08695624033913925
2.2146605618786723,0.22639023809300063,-0.1025165574856139,-0.5056352393227614,-1.8581238366216046,-1.7319800740542133,-0.9935835851515914,-0.14236160086984717
0.16795117397999726,-0.10567381316295268,-0.17713917768497592,-0.4155687447223375,-0.5784927711508054,-0.6339004613315866,-0.42936802583848316,0.05855573284414108
1.7890780549488021,1.0656937845632761,-0.5942860978381294,-0.5275756094811561,-1.2514019167827428,-1.290357699022793,-1.0477582424250296,-0.21263892659563988
0.4045541495696662,0.04274292583089106,-0.4378483261651183,-0.5758333379331445,-0.29230184381292096,-0.3392809243448402,-0.2657268412161906,-0.22167874857696593
-1.0949624245232314,-0.7217063707790129,0.25831770062451814,1.061830830884182,0.9767412586623162,0.9990408617537454,0.5658394140919175,0.1448714524077703
0.5544589588690723,-0.8495549404561695,0.9738653362997576,0.5147586493582169,-0.5667348563837336,-0.6221972863962152,1.254382774280425,0.04776626789868745
-1.2052846921031848,-0.9614399217926264,1.207812088385757,1.6807984685876125,1.7280894995426122,1.7949410033442057,1.5683766440084261,0.12912466573062173
-1.271040940063319,-0.2655570858005201,-1.3712567466845662,-0.8691990348327748,1.61716978967973,1.6786154831723679,-0.7659856376072806,-0.18697749645510148
-1.2710405128278797,-1.0233836329515895,-0.9180918998476107,-0.8527834503376818,1.4283232578076832,1.4759365739344628,-0.28147566960827214,-0.027322575978456227
-0.9675631336229594,-1.1914964476865724,-1.044798686276171,0.43094843934132027,2.369114337804259,2.4702369220096054,-1.3523920206298325,-0.0872478474998272
-0.5690651367396109,-0.8600219077029533,-0.3526942043991574,-0.627715647998323,0.3953679733194312,0.3854206100463882,-1.1889891276285558,-0.04496480920007639
-0.6337717251949823,-0.25737241639870784,-1.0151366917968505,0.5548315331253789,2.0867545748838134,2.171901684261871,-1.0477582424250296,-0.08660631174631372
-0.2973142071454261,-1.441296836719257,-0.6008146587608731,-0.8335860044043412,-0.1732817722560641,-0.2138927032644424,-0.883361847417592,-0.2199291056128383
-0.34113292822388463,-0.177450437811969,1.1826785981554004,3.028668286717241,0.1416236776985028,0.11681165806143125,0.8151664530210025,1.588618504973744
-1.2825474619085462,-1.2318421901942396,-0.665350045909187,-0.6966331401672462,1.389964861263917,1.4328214297016693,-0.07983824675262541,-0.12690642135338653
1.9932295168285028,1.2124819370873718,1.3452174990289005,1.5756106036749447,-1.348475850609721,-1.3748862824802068,1.6663232729333617,0.1334987731409408
0.9107063444802095,4.027903683853286,0.8641155455289878,-0.13594125136432597,-1.7116702211589974,-1.644967736421092,0.7927951159212085,-0.08666463317845131
-1.271044488613558,0.16546965649255713,-0.9192739602516153,-0.8399260820186822,1.1536752287473655,1.1839788787752832,-0.6255784966852986,0.06292984025446013
-1.0615226432895573,0.1845009869061106,1.2073046352432626,1.5441842240049035,1.305562802945468,1.3461167129282192,1.561016282828282,0.1320407373375011
1.3775080925052785,-0.173670515974636,0.07257606222390481,-0.6467151570543942,-2.16883896071657,-1.8581059532778075,-0.5039791704766798,-0.005597842507204951
1.7493172694470192,-0.4469325933447116,-0.5022977569234512,-0.7176557076262194,-1.5646108443358748,-1.5466572838029229,-1.2562301220452026,-0.07733320403643734
-0.8920288962411673,-2.1429098705237597,0.04334849089610994,-1.0250686340334925,-1.0097943684816346,-1.0679473186297468,0.03858298636836259,0.0046084081168728365
-1.1375025520767506,-0.9599118038863881,-0.2239051813673423,2.7956062987151933,2.656687352421424,2.7728755284842337,-0.2305006155179009,0.12445895115961474
0.4967423458509108,0.23741520058508891,-0.41340588536827744,-0.6737228560071363,-0.5643946735607228,-0.6205848697307563,-0.8153637510426445,-0.21409696239907958
-0.025862877506369848,-0.5925210856008838,-0.09196809800159428,-0.5758333379331445,-0.4454782739649807,-0.4964359636376861,-0.1426873971607847,-0.1312805287637056
-1.0211569038264865,0.22691693965251133,-1.43185848915772,-1.123320249895586,0.7677278026367456,0.7786972359610163,-0.7203378612508377,-0.12923927863889004
2.21010131800841,0.27695528445852685,-0.7890822468195645,-0.7731926960859541,-1.6810407098027773,-1.6252472246702596,-1.1655844305476601,-0.2005663901431593
0.06292422236932546,1.19303825761161,-0.8689172692949232,-0.8658845747008412,-0.42621941289228404,-0.4789245350914932,-0.37525806392972644,0.06176341161170838
0.76825468127154,0.3805478361813783,0.04593210420021743,-0.4401268886981226,-0.9085012929551686,-0.9666800213090297,0.4984957062001578,-0.21613821252389512
-0.14061976300335177,0.7474470606674737,1.7547005212886992,0.7989851541093688,-0.2635171203728373,-0.30849414002664766,1.0379173581401697,-0.16743981668900976
-0.22966403106160385,2.433416797535734,2.6043562619873737,2.408665372489846,0.3685877451875717,0.35680060155618465,2.440557222173872,0.13524841610506844
2.0782882632907627,2.2443843506266266,0.06180526002936671,-0.7203290711643316,-2.785226428018499,-1.9637733075226007,-1.0170640446029964,-0.21526339104183131
-0.8625590879504117,-0.8188545155217102,-0.5401878918941073,-0.7645722481794339,0.5223159528893184,0.5176175759942085,-0.5143135389604322,-0.15373428013667673
-1.1278596546757378,-1.0672974221118965,-0.951302567710557,-1.0167923241813837,0.7048099511634766,0.7119988337378943,-0.7779572334551065,-0.07325070378680622
-1.0428454860756908,-0.16761404218466094,-1.2374567844876627,-1.0334452652348058,0.8563859961013642,0.870286817052504,-0.7465451897129602,-0.08753945466051513
-0.5146815423417901,-0.5471671369069263,0.8048026414145754,0.21592093575441765,0.2825393507068763,0.2659409251805847,1.9892420579141896,-0.20272428313225008
-1.297063809991456,-1.5043904203448581,-0.5177476188889388,-0.8758760298938162,0.5786658213197905,0.5800496459882083,-0.9599890631016017,-0.08083248996469258
1.5686327252038421,1.228915700094038,-0.19568487373953752,0.02989525652676136,-1.2703036570791446,-1.306736277834094,-0.6544482392132294,0.07226126939647408
-0.11979837938616802,3.3615975634439743,-0.05963916399965379,2.3692759174609477,1.1189491865876313,1.1488779211933258,0.8908503083259658,0.24381376202918717
-0.37886277301053056,-0.5012970547771306,0.10985778924624251,-0.37702672561204853,-0.1293201581757523,-0.16834718065342588,-0.01601599378246811,0.01248180145544713
0.15920626041625505,-0.9027902154786811,-0.59868558243423,-0.8691990348327748,-0.5504323543005956,-0.6065774959709767,-1.0414934626869097,-0.22080392709490212
-0.9675638774039643,-0.5551233035108872,1.6977468785079202,1.9234646528194137,1.6474862705163997,1.7076040694072918,1.760291611867229,0.08829966323431063
0.30041038936876585,-0.9288959497812768,-0.3199341735695691,0.8625499359532179,-0.2981280121795279,-0.34477466175960175,-0.6882305375761715,0.12387573683823885
-0.009183354247742201,-0.3250725456122251,-0.10400246074433311,-0.4824689266523631,-0.22971329227157616,-0.27331409547122737,0.23328209184128276,0.014231444419574718
0.5397615698770342,0.28561254827959587,-0.5007712615816008,-0.6161008600941525,-0.43474733715360814,-0.4866339099667516,-0.4339135046561162,-0.22167874857696593
-0.683766281893292,0.7606166758750589,1.922425019445525,1.1928542817706411,0.70383533402152,0.7111053543706014,1.9108088904503961,-0.07966606132194083
1.0041608762684089,0.216350263372914,0.1906951784435408,-0.12115249446535385,-0.8390392436087902,-0.900452312609507,-0.3352072738500151,0.04514180345249602
-0.023524929362046164,0.2446456166176495,-0.10420784707400495,-0.3029132419511863,0.14735956230867564,0.12241607022488322,0.8040842605314549,-0.22284517721971767
0.4883236947510469,-0.3841286171276385,0.2909955780638225,-0.23333101268180964,-0.5366032229453276,-0.5923662774373356,0.5033554255742989,-0.2129305337563278
0.8896132549665098,0.47836859256131825,-0.39047738711514185,-0.3282625379121944,-0.6143497418473671,-0.6725488967302794,-0.26400203024679325,0.0433921604883684
-0.19142606244739427,-0.561054081724123,-1.0196762966974193,-1.041924679750473,-0.33159267527869235,-0.38018929219983244,-0.4595435632393891,-0.2190542841307745
-0.16955457942420535,0.28485052865092564,-1.297766033216285,-0.8057541781652647,0.5322268813453185,0.529138536340965,-0.7427310077568168,-0.21409696239907958
-0.661958303638002,-0.8240317422299541,-0.3356578095198634,-0.7731926960859541,0.035843080349776235,0.004946303964229524,-0.47156276299563665,-0.1849362463302859
0.9910374972655684,0.42565992818288545,0.031456156617295145,-0.3802941719486614,-1.135938498325322,-1.1867206497831497,0.16188766161949628,0.02706215948984394
-1.1217401410004426,-0.647566035096188,-1.4404861579318442,-0.9032484639649535,1.5523956917576558,1.6064189080756197,-0.4454290115840144,-0.22371999870178147
-0.9570386129074154,0.039376652217667674,2.065230459218755,1.368412436230205,0.763055729807933,0.7742646127714232,1.1595590379394232,0.0034419794741210896
1.750151216977795,-0.7640855687140146,-0.7057971008679266,-0.793735377614228,-1.4568404047760908,-1.463620905777471,-1.2051113053205627,-0.2167797482774086
0.4803455943760568,0.08501821288378185,-0.5351750222981835,0.07370355969861214,0.3685877451875717,0.356290499788867,-0.9179167284220257,0.063513054575836
2.0477522071371017,1.433338677855738,-0.18360166043862317,0.6942383211666072,-0.6685981538165747,-0.7268391412420735,-0.7860720644858628,-0.2190542841307745
-0.03882309856185599,0.3400488680841276,1.896584023519948,1.581191487464924,0.19383417537580103,0.17113409205385424,0.9274556736537882,0.057097697040701396
-0.5574317910465029,-0.6083102897588492,-1.3186445714465502,-1.05484213272045,0.3400510191884382,0.3270526222574678,-0.8691365832200729,-0.15081820852979735
-1.2886428599539368,-1.6784644159044846,-1.1634122622019463,-0.6588607001299094,1.9719020766882673,2.049761583072809,-0.4813531929126752,-0.20009981868605864
0.5743186022666702,-0.2261893723773376,0.18037072543424398,-0.6564144546984446,-1.6216572705980095,-1.5859359814115153,0.005316527481333088,-0.22167874857696593
-0.8302490248029599,0.03984953348286044,-0.8748756990392995,-1.095109654881458,-0.4135208533612253,-0.46509818161033145,-0.43849341924749036,0.0025671579920572792
0.6733924782642522,3.3317247022267127,1.0884933764740337,1.6480928643395936,0.4073791683221783,0.39751910201625384,1.365860929165008,-0.13507142185264878
-0.060650844560358554,-0.8523702708406123,-0.217376256400027,-0.5017198542722824,-0.28843069880500793,-0.3338648861587629,0.008617058889702866,0.042808946166992524
1.8686712717703398,-0.547752944142848,-0.2976591557938717,-0.625377021019326,-1.7429608518911024,-1.6641191465776841,-1.2301305653695658,-0.06966393571034461
-0.6176301278759698,0.04633770441857819,-0.7539212124957393,0.8875757751630119,0.7917828002970808,0.803095973279232,-1.2133365455991265,0.1025884141080195
-1.2658648560218306,-1.5662946065153538,-0.3067616318813943,-0.5296051663372268,1.0997860623533804,1.1271975295401546,-0.10977881977745386,0.0515571609876306
-0.14061968702923489,0.7561582550713754,0.3891353158740157,-0.2453498132328462,-0.2352928101683678,-0.2794267295189337,0.16273853555966158,-0.21642981968458305
-0.540276753096062,-0.7930652930228353,1.4501304212561095,0.7948113318535279,0.15307284238885194,0.12951625178267653,0.29780907121848793,0.04135091036355284
0.627228992730083,-0.08607415017754409,-0.41118575672132734,-0.7504395754235496,-1.174600601363143,-1.2211551130898841,-0.7901706960133761,-0.016095700291970678
-0.9788484244626633,-0.30711185807611663,-1.178218885867317,-0.7588844497111558,1.0368592358200717,1.060893244883808,-0.7699498867938558,0.05972216148689283
-0.4873970988190857,-0.7735253649924632,-0.6968756477109275,-0.9729638076742644,-0.32166968688712877,-0.3699074225641885,-0.5519418675336507,-0.17327195990276847
0.682108042296282,-0.4951200921194631,-0.09874978416322686,-0.8758760298938162,-1.8869467133002669,-1.7459070049206638,-0.8068488802144457,-0.19368446115092403
2.3399870295352097,1.4912252524492116,-0.31590174371022317,-0.7617224972842638,-2.5281376906202104,-1.936161467044587,-1.035292938232337,-0.08686875819093287
-1.2491818690432046,-1.0280016107807404,-1.004252196337924,-0.9807286490595878,1.1572451466902918,1.1913758040926643,-0.9709811083683508,-0.1257399927106348
-0.7599634036200742,-0.11442529265686918,-1.0727634522432246,-0.7819220367384917,0.873831970098827,0.889800708999864,-0.4339135046561162,-0.20855642634600877
-1.3016371763724255,-1.6848724761618075,0.03719422510982339,-0.3482947698694711,0.9718872040916823,0.9934932050336036,0.0896171387367698,0.0547648397551979
0.5380245765681381,0.17637203904772733,-0.5615371767459508,-0.7230128167228125,-0.5690788228507895,-0.625551284431949,-1.035292938232337,-0.14244908301805356
-0.045240374290228674,-0.31584652249190176,0.41191448836517597,-0.20734811717423812,-0.218618266608333,-0.26087048030995236,0.6216704817835513,-0.20126624732881038
0.532128208467241,-0.6008351138009338,-0.30092230155033073,-0.4730409003023876,-0.5388989367173078,-0.5951666437904731,-0.5745443443168912,-0.016387307452658612
-0.975848135141041,0.23806909047445854,1.1004625202266427,1.179445037434047,0.7862669676037415,0.7990516930541159,0.9793976941318548,0.13903930919401158
0.0340923552311387,-0.23204966582420836,1.1510333380624287,2.0942778161650244,-0.2807192819845396,-0.3268270436936916,1.4749776234570635,0.49975736696498907
2.0511500007184456,0.6843357758698209,-0.6959717849508492,-0.6637793231201189,-1.523252456408136,-1.5176761077667182,-1.0669517857479418,-0.011429985720963686
2.2232577865758,1.7434136302956817,-0.5769893122759912,-0.1810782829719652,-0.8791532675932655,-0.9393423234259558,-0.9028650172951289,-0.20686510481401876
0.29963039668031377,0.5047596837051259,-0.44755019084998515,1.0251100906779218,-0.1876357800518902,-0.22964134245651247,-0.92301841131138,0.1358316304264443
-0.2080462020955807,-0.6345242032085093,-0.671884189392871,-0.8210777242346008,-0.4177413598181648,-0.469338434211612,-0.9599890631016017,0.048057875059375386
-0.8244438747225207,0.01693427519801383,-1.0827353021442752,-0.6940497217837477,1.1465089119105774,1.1782189942703896,-0.11245380571127303,-0.05108855957452306
-1.0181514919448371,-0.9716147165202438,0.6149006302098582,0.6830806440718967,1.544228104272492,1.5967524139194076,0.9711935719356326,0.03551876714979411
0.011690527424498635,0.5735675912656022,2.231966705516036,1.3195221529751642,-0.2057804842902753,-0.24711580144310072,2.0911321989078373,-0.16394053076075452
-0.8964844373691468,-1.1367941106570856,-0.9819467577228882,-0.9067475277076501,0.8118298480577061,0.8234251309706286,-0.5328349912361456,-0.05108855957452306
0.5972294383051666,-1.0228713352298837,-0.9478969399938196,-0.6324167791400264,-0.05504467266777008,-0.09024239113234689,-1.128484089636553,-0.11827484939702364
1.3570685986807443,0.4326329208819418,-0.7531392106773843,-0.7967205382507511,-1.0982807201936606,-1.151678663587449,-0.9491933148849384,-0.1998082115253707
0.7248392577331135,0.9502334905825375,-0.5771569504144637,-0.6940497217837477,-0.7407139131188212,-0.799928933419592,-1.5193998487894602,-0.1179832422363357
-0.4075504511435903,0.6071316177915749,1.8004745405122462,1.6741287233623776,0.6339306041107616,0.6363345278399688,2.637546380227013,0.07459412668197757
-0.022444926787943992,-0.13017655054347113,1.98616036168844,1.2606882398985118,-0.035431165702533095,-0.07033259516666791,1.6577793196107167,-0.018136950416786233
-0.03227558377615926,-0.15057587416653329,-0.54931002629325,-0.701829131659185,-0.14324336669582755,-0.1821265626738096,-0.6101161235168381,-0.030967665487055422
0.2887593689876173,-0.11182733378072167,-0.5612148112967623,-0.7149926460926062,-0.32761532588671133,-0.37456219416819175,-0.6131771216244469,-0.19076838954404465
-0.1584910689349475,-0.43302811617844655,-1.0574199984382686,-0.6992262524510623,0.5234205189953692,0.520195183496032,-0.5832429956100075,-0.029801236844303674
-0.4579624185766072,-0.5397609481065686,1.0013595891640321,1.7563336486378915,0.9173915886629767,0.9359645925319051,1.484889221670171,0.14574627388983408
-0.7545071021970265,-0.7224155117204257,-0.5958643399488647,-0.7176557076262194,0.5754737254744331,0.5743392587450186,-0.738940739324329,-0.004139806703765268
-0.5247282664470877,-0.8329673247361337,-1.0619051297598472,-0.6588607001299094,1.0652488643300237,1.0925054730932673,-0.8506757340053788,-0.11174284899761384
1.8813332547648738,-0.33483531920800774,-0.7137406273742026,-0.4730409003023876,-0.9939845831873949,-1.0507446306644124,-1.3024010882522923,-0.19951660436468277
0.49755941689385913,0.07868328807776163,-0.29558132007608395,-0.627715647998323,-0.8362159847923671,-0.8971251987853968,-0.6350493823088942,-0.026301950916048433
2.180715343625574,1.127294762985776,-0.009653252135980976,-0.5523327744157068,-2.248794922722501,-1.8804742607377811,-1.0230794756740673,-0.10448183069648423
-0.4994476372311441,-0.9868501221136448,-0.7125625153061856,-0.7907630564179646,0.3685877451875717,0.35644945681766976,-0.8552383657357993,-0.0682933820551113
-0.9269225143008946,-0.5418197670276612,-0.9260391424337368,-0.830437645369898,0.9539486485778517,0.9744586871452331,-0.9993687569036761,-0.07616677539368559
-0.8174357064907172,-1.1055916344617625,0.23974778290749527,-0.59344100667162,-0.3926006787444191,-0.44301891363293405,-0.232132319166201,-0.2103060693101364
0.8261786470098417,1.7792063517879764,2.1188395463902086,1.2421558145664457,-0.8193909261924849,-0.8796418471901151,2.7030795250690254,-0.10795195590867067
-1.0660796289863645,-1.1787899758328264,0.046143715182040995,0.07200352535348903,1.3905720834483168,1.436027463197817,0.13578810494385946,0.05943055432620489
-0.8417133077390813,-0.03889344880238043,2.3033175648539435,1.5409412153244129,0.6390371361395913,0.6417491531288514,0.2875215994716056,-0.04613123784282813
-0.6492394200372056,-0.8782377678924463,1.059946283036199,0.36346106431890984,0.37594064147733763,0.3630009880395246,1.9141495810747902,-0.03825784450425384
2.2025003749822796,0.44727815700918205,2.208456890855116,1.3704955233019138,-1.96468351226691,-1.7820008629108763,2.0067639845093272,-0.0178453432560983
-0.4001656504859392,-0.5634530581526183,2.2674052237222755,1.1552008244017788,-0.4009325576779392,-0.45099516315448596,1.4039178957613179,-0.09949534824872051
0.29091787872825536,0.4094837953622852,-0.3781610100844172,-0.36892506643593304,-0.04193956246540366,-0.07647470353184148,-0.1205505227377823,0.02327126640090076
-0.0705209874338911,-0.010083980980875706,-0.5241574712314593,-0.5979139259296549,0.08148408817115001,0.054152813522555784,-0.014874263821416048,-0.20593196189981733
0.10529791460438637,0.06436766841444413,-0.10364328840166405,-0.4383434977399111,-0.218618266608333,-0.26183609097588184,0.48066996757277003,-0.2231367843804056
-1.1498375160654726,-1.400558381030301,-1.2674167572626627,-0.9614777214396685,1.1896823828318095,1.22302444290863,-0.7542465146847153,-0.19718374707917927
2.069800050304907,0.5976610637937727,-0.7461691957573491,-0.8118428837442976,-1.716838650676084,-1.6480938631060864,-1.1430521640699038,-0.1974753542398672
-0.750986800144065,-0.8078514146284418,-0.6116335366048666,-0.7588844497111558,0.5409800728815759,0.5384970504414777,0.22105318769645094,-0.12253231394306752
2.3525979878629117,-0.1740076509663268,-0.2908019347851049,-0.618408253265421,-2.0338817767170307,-1.8120968822156327,-1.1655844305476601,-0.20190778308232385
-0.574869166105443,-0.4102457300579914,-0.9687800240425268,-0.8758760298938162,0.5366100833057728,0.5335041168809058,-0.7620472143315833,-0.1105764203548621
1.9210563314840028,-0.01209657689160931,-0.8675280997462259,-0.8149074724152487,-1.7535429641603812,-1.672390491717616,-1.121329617560241,0.05068233950556678
-1.0152105155981537,-1.1599769743410144,-0.7723428937630906,-0.9691138611554174,0.27075807910285987,0.253493575986049,-0.7465451897129602,-0.1543174944580526
-0.368016815224297,-0.6207867929049589,-0.4469444426884086,-0.6812755389734592,0.05884318640851793,0.03011388305475099,-0.49887748758732553,-0.21088928363151227
-1.174108326944914,-1.2826692620163032,0.944156694427623,1.337343671535064,1.0173574224573754,1.0417090161308427,0.6735095527152514,0.1633010249632479
0.0011983962054905543,0.30640389796652895,1.1197276784714796,0.9908463450258731,-0.5343111387618539,-0.5885982411055916,0.9608361087625013,0.12533377264167858
-0.6007029489918231,0.9348224374936436,-1.2279491698291325,-0.9885817291672555,0.5067630058560104,0.5024855929750547,-0.8026360002060688,-0.18172856756271863
-0.4029101302408278,1.4962881463806181,-1.0881169813644505,-0.9885817291672555,0.18409965380519294,0.16257101635352222,-0.5980248037682963,-0.08170731144675639
-0.023876292198405008,-0.0708163164851859,-0.6252040185536918,-0.7044418516438574,-0.07159442937869925,-0.10743361157559142,-0.5659690823159045,-0.18931035374060498
0.27328850461871895,-0.025885809226980853,-0.09271596189668858,-0.5650520956681703,-0.7754559595943503,-0.8352644597779266,-0.2520642069659263,-0.0038481995430773306
-0.24476491918486412,0.4165499742713569,-0.9828709965978245,-0.776090241684289,0.38690053113555656,0.3755623070816435,-0.26919129674147135,-0.22022071277352623
-0.9397440302821356,0.20943682679332823,2.0586848100341286,1.968236409184436,1.4840225142994217,1.5341360752687383,1.644512777559297,0.01948037331195758
1.2684858586444863,1.4764162726006336,0.21402055446337667,-0.19096844981294803,-1.160422073249924,-1.2104958215657526,1.0888848681853334,-0.0682933820551113
-1.3341487730529125,-1.685900120055947,-0.8734657041546778,-0.9539250384733454,1.4182328874733665,1.4660837948379357,-0.5774300101046254,-0.198350175721931
1.4172283431460344,0.4040871634346085,-0.2786206464417789,-0.7997186497331767,-1.9282863802529977,-1.7667245425937361,-0.8153637510426445,-0.1519846371725491
0.4767552403107591,-0.14659277925868933,-0.10420784707400495,-0.12680308696760711,-0.3118141564499104,-0.35843101507484915,-0.38359675937136867,0.046308232095247766
-0.8867888515654845,-0.041345982956841255,-1.1207151653717016,-1.05484213272045,0.45097488637437905,0.44333957276432995,-0.7203378612508377,-0.08520659737501163
-0.1597416866687738,-0.5456314591657375,-0.09632531495479589,-0.6069475658441686,-0.4454782739649807,-0.4977568785455828,-0.5688140091410778,-0.15081820852979735
-0.7294974299854635,-0.4686623144752141,-0.07442671824724928,-0.3968672351065108,0.6380172676880624,0.640711357360447,0.11314329153574162,-0.21759624832733482
0.20366265547772636,-0.3758973992055787,-0.5518201327223671,-0.793735377614228,-0.548118318782862,-0.6026677256024293,-1.0111078798262416,-0.04263195191457289
-0.9493024415673946,-1.4842195490156183,-0.28061194843431275,-0.7789999875105901,-0.18223635874887364,-0.2249170809219142,-0.31613484559005245,0.047183053577311576
0.12013240909999616,-0.5609684696046336,-0.14607862602921376,-0.6539768380165857,-0.8166056362981674,-0.8764899907780784,-0.5382327577620989,-0.06858498921579924
2.1702638590323544,1.2475435374550827,-0.039264190273766056,-0.22674313044848493,-1.7013883132096463,-1.6403258808929166,-0.5221819255395427,-0.04175713043250908
-0.43973295097765325,-0.7541457764874294,0.5805980165032528,-0.15814131527370182,-0.19305538615436713,-0.23516884965488008,1.6720929580731374,-0.20855642634600877
-0.477465130571899,-1.0428566249540008,-0.05498042984559972,-0.41729424777305657,0.15449765129376797,0.13155317599011113,-0.13429079225650975,-0.01113837856027575
2.1686175580042475,2.720303414640943,-0.12927055272053245,-0.5076012822214526,-2.154763675940816,-1.8553995929517109,-0.6193460101997537,0.05651448271932552
2.1333194919585914,0.5852538190949281,-0.024942067611629117,-0.539843333043579,-2.183052240680213,-1.8635767376379888,-1.0170640446029964,-0.0871895260676896
-0.06305287168306181,2.1698018487076633,2.3843320563400727,2.5146763151581757,0.12573196661880895,0.10004474995155575,2.658753356461294,0.3247930705522271
-0.45594797492544853,0.5213131256797598,1.8573133094940488,0.9808669136628195,-0.05175727229302639,-0.08506769456994151,1.3143352261365773,0.008982515527191889
-0.10784446977127957,0.17392538645335656,-0.732089088848866,-0.7731926960859541,-0.081615733872153,-0.11716215601425149,-0.7581342826472411,0.04397537480974427
0.11507617207505684,0.01627477110847465,-0.7438726058346422,-0.6712235273776747,-0.04357123730738096,-0.0777982143539802,-0.2370540220729823,-0.07908284700056496
0.08117767447440219,4.489154516038887,-0.5234238811277344,1.410645302375738,0.6143600646898105,0.6154702335912116,0.5830518460644288,0.11687716498172837
-0.9716967822031563,-1.2480434940390492,-0.4061257760514708,-0.8118428837442976,-0.16083755040584666,-0.20040977826713846,-0.26400203024679325,0.05039073234487885
1.685544356243235,1.3548970926078447,-0.17005217504281514,-0.4437075371894862,-1.3686957452392874,-1.3913850725250045,0.3308887575254699,-0.2231367843804056
-1.2065765475976826,-1.5060763185168398,-0.5608927056102523,-0.6539768380165857,1.316465588261802,1.3555451569117385,-0.39632451020794435,-0.023385879309169095
-0.8795115118139207,-1.0163962019537607,-0.5414126592569549,-0.8057541781652647,0.4121559204000543,0.4018376371147363,-0.33714803261048876,-0.21380535523839164
-0.935146710088554,0.16337346104619327,2.1776447344343564,2.094140967368357,1.748152160299261,1.8134593928253626,1.6696370201340627,-0.01113837856027575
2.246993248231182,2.169062826371465,-0.07566812649757529,-0.5135331951480189,-2.0274527509081413,-1.8096959439918234,-0.8598356946186205,-0.11640856356862084
-0.38457755428357665,-0.997964982694892,1.0439020708160802,0.5355208308108177,0.17710618658186575,0.15449299778344588,0.577511380178745,0.04135091036355284
-0.550331425358456,-1.0013873640259525,0.09058016161488963,-0.3577399776674986,0.13586500897844375,0.11096524475221756,0.06313644566013636,0.009274122687879825
0.8923728613715667,0.258618003689691,1.6933991171083798,1.2732218031291873,-0.9025839666010528,-0.9629901940757125,2.2226197600215687,0.09034091335912615
0.42090297946799426,0.22121948846366718,-0.11949346948888233,-0.45638795924896525,-0.5025967471675278,-0.556166458938551,0.16443669913325867,-0.21730464116664688
1.4301659742772934,-0.5626815714403686,-0.5088865286987698,-0.776090241684289,-1.536907906920108,-1.5244341959583105,-1.1357242460492978,0.027353766650531873
-0.6238467144639221,-0.15356962958265435,-1.4137805189366315,-1.0997321711988024,0.37349381736223347,0.36113817040468055,-1.0734874800479295,-0.1712307097779529
-0.1269392714912382,-1.4697603690210383,0.20336162474223915,-1.0997321711988024,-2.120161963179044,-1.842147461189005,-0.987853249975778,-0.21001446214944847
-1.019001654919122,-1.1412572987008427,-0.8918267794934259,-0.8431180674293769,0.967829706497522,0.9899874584966531,-0.20653925585059854,-0.2222619628983418
0.5154871411949898,1.734293852653895,0.6475808721600046,1.1899906380831198,-0.4283466956570434,-0.4801863101779412,0.5086563795714699,0.14574627388983408
-0.0683597970389974,-0.4730758603909552,-1.2128631101961926,-0.6115090583977062,0.44515962408827414,0.4376983959532666,-0.9078407312655297,-0.21088928363151227
0.35893301072298744,-0.49224554276411886,-0.8627036757588312,-0.9353967540362704,-0.6660877757969933,-0.7248622646203968,-1.1810864551662834,-0.17181392409932877
-0.8137051943593793,-0.15024357562316404,-1.2079583476136857,-0.9925419899353243,0.6969946063925674,0.7033273785759897,-0.7942973047644263,-0.050505345253147184
1.8048868869386971,1.1733145208936586,2.2045521987588903,1.592125514205641,-1.4786414613789776,-1.4814818399284109,2.4821146470659246,0.015689480223014404
-0.33513953235898114,-0.7413455731195236,0.13380840236297745,-0.5439814508742127,-0.5274565494245095,-0.5816557974660443,0.2930300278749851,-0.1289476714782021
-0.4904183393963903,-0.41297840318749107,0.0007112988696328529,-0.37539877759705814,0.27338442573429,0.2560351937188097,0.1711820503920636,-0.10620231294454305
-1.2602326419917766,0.3287134520264156,-1.4568040617918219,-0.7284117786583229,2.44821357577273,2.5539306197654645,-0.025228299047787554,-0.07914116843270254
0.850231811535097,0.5549972244034486,-0.33273603764225834,-0.5115502278970883,-0.6965030789975718,-0.7544245208454868,-0.26919129674147135,-0.08404016873225989
-1.2242919383923265,-0.12256758108176426,2.267225490046201,1.4135828779479784,1.178481995347303,1.2113561367579981,2.0346531957548373,-0.12603159987132273
-0.44505698317038916,-1.520555028690566,0.1698760267383135,-0.9729638076742644,-1.3727737871520893,-1.3970465035056356,-0.8979299218509426,-0.22022071277352623
0.3352120636330857,-0.49347686853145284,0.4692154745117705,-0.33283408895699235,-0.8362159847923671,-0.8975671473541087,-0.9599890631016017,-0.1490977262817385
0.4070364006890746,-0.2978052107748632,-0.06514387901876324,-0.4259869864493252,-0.7890431531819911,-0.8494280836537429,-0.260567101490655,0.03697680295323379
2.1425684026261487,1.9417938313094394,-0.8050678901430095,-0.7096971135687657,-1.592853483173406,-1.566426751537648,-0.7166850052145975,-0.20622356906050532
0.9640881218521493,0.03843934872029319,1.7460467447946375,1.7287921486698508,-0.8333982133629143,-0.8933890872752126,1.7688847742270268,0.16528395365592588
0.4807188361314199,-0.08543553231316603,-0.7505435318467258,-0.9965250765398892,-1.1639537265044952,-1.2125034193080877,-0.8068488802144457,-0.10620231294454305
1.9825949540505865,0.6653595420363673,0.026376138649893018,-0.5135331951480189,-2.086366891071079,-1.8293386286125668,-1.0111078798262416,-0.04831829154798764
0.35680481883300413,0.9489182675254079,2.060132431256567,1.625456208366343,-0.1086828994551117,-0.14611832757770102,2.137552328627851,0.02414608788296457
-0.7883826694825381,-0.40405571624646114,1.5470361379112065,0.8956341594944786,0.7844236832561703,0.7961175931127987,1.3873236471153558,-0.22342839154109354
0.5772360275825745,-1.179918203226157,-0.2608276230939406,-0.627715647998323,-0.7354421147858154,-0.7949919886812715,-1.2835074932534147,-0.191993139618934
0.37102340242173565,0.03247464551101914,1.806406928308615,1.1017033532585379,-0.4541205823841669,-0.506097567727596,2.053277042069133,0.002275550831369342
-1.2613065887844395,-1.467587595488685,-0.8015251803779877,-0.7997186497331767,1.3893573846390377,1.4333640009640007,-0.5301540740502383,-0.10911838455142242
0.8524188775821733,0.07434978687016942,-0.33465103978592586,-0.5215224588432357,-0.9114690379916656,-0.9717451974525118,-0.7739403028311149,0.0547648397551979
0.5152580714340155,-0.09632639211340276,-0.2282244033122704,-0.627715647998323,-0.8704634736794175,-0.9315317604185256,-0.3086712219679137,-0.05604588130621799
2.0104910940697223,1.5411565665562978,-0.6205045388986861,-0.859302966735967,-1.96468351226691,-1.7820008629108763,-0.8691365832200729,-0.19759199710414235
-1.28692261208713,-1.1519453863526643,-1.4151424730150937,-0.7617224972842638,2.1589178505969104,2.24604933012646,-0.7984522753101707,-0.16131606631456308
0.3259700110486408,-0.3284809796182191,-0.15525105654729354,-0.20862431996127634,-0.25593674783918574,-0.3001805903220931,-0.41815164037580255,-0.05429623834209037
-0.9402812706200142,-1.2186242066257176,-0.8101410924680824,-0.9925419899353243,0.21310929427543884,0.19175261454982212,-1.1810864551662834,-0.18114535324134273
-0.6113952139737919,-0.14040522825281232,0.4353207883884803,2.8395593960256122,1.8003336317693708,1.869086120151899,0.7779197754915654,0.1407889521581392
0.5361417099578546,0.030573660714907067,-0.01751388663007337,-0.48057300334307634,-0.7513153712866298,-0.809997966221375,-0.0002247196979359512,-0.221387141416278
-1.2855128282349124,-0.4608366090933759,0.6499467414149518,0.10685445325656127,0.9662035224301418,0.9864751482288177,1.0067398369514955,0.04980751802350297
2.164109166998035,2.2121994891404406,-0.1348320511605045,-0.49977044927641695,-1.8242761604045594,-1.7110695087134207,-0.8240002669911672,-0.12019945665756401
-0.8882434176915133,-0.2791887483519239,2.330919860578328,1.6154058430800862,0.995996566990617,1.020177430056978,2.195601925955269,-0.10911838455142242
0.7798214313739837,0.33808317517880243,0.08209862670969176,-0.3467330435262115,-0.9055396107319573,-0.9637778838816147,0.09534747391258322,0.014523051580262656
-0.3652722040561168,-0.20103670554514091,-1.2857430777315608,-0.7731926960859541,0.7890275072078716,0.8006598500548188,-0.29764576437989737,-0.1551923159401164
-1.3206348768090939,-2.1520198080303587,-1.1333219024306433,-0.7645722481794339,1.7883863956782482,1.8588535425045682,-0.3711314551786759,-0.13186374308508148
-1.1183120527320678,-0.14079827879585774,1.7837561921113574,1.7315730925143564,1.619245298901885,1.677651822968306,2.5960203380958378,0.06817876914684297
0.08714538069302345,-0.407907098782346,1.464650495253436,1.7203815343546274,0.41096320709208867,0.40157008010112977,-0.29220753429282403,0.1113366289286576
0.9294997086304663,0.7894781963137609,-0.44597715090283774,-0.7149926460926062,-0.9384557251858264,-0.9964064523095308,-0.5221819255395427,-0.21584660536320718
-0.81986669852839,0.3497538727629644,2.336575927691657,1.7733778588336597,1.0553373567402613,1.0817673014778597,2.357266685749884,-0.1161169564079329
-0.21576035825797546,-0.678012429197339,-0.19413826609551657,-0.5195164672669675,-0.01447842936998449,-0.04828952204121779,-0.03340585531565023,-0.01667891461334655
1.8183353426609195,1.276510332142089,1.8785054163008827,1.2864135520141662,-1.6560013491291197,-1.61073986898513,1.3833852238396582,0.06059698296895664
0.29288562211009594,0.3359969356337342,2.227006442030054,2.5281479590319833,-0.2942412995457323,-0.339847378064091,2.093159587822197,0.5892807652961856
-0.4576421465336964,-0.29944368356125645,1.7607519327735577,0.5165501308871726,-0.7171403377182124,-0.7779545495341508,1.0627880137467944,-0.07674998971506146
-1.089490663850159,-1.0168497546103392,-0.6089012420617016,-0.8027298249234409,0.8208513018366674,0.8331904019712882,-0.0939727995935801,-0.08753945466051513
-0.7627817603387529,-1.202649193300056,-0.7671849752916099,-0.8826181673984916,0.41453840728639596,0.40530633597509674,-1.1072697784108716,-0.09459634794916319
-0.9981149770441848,-1.2814739278152987,-1.1161690043520707,-0.9501794270664627,0.8987614580058813,0.9151620145219124,-1.0800946041151993,-0.03650820154012622
-0.4501530264467627,-0.6421566865038728,-0.5545045051649325,-0.7819220367384917,0.1155276000961032,0.08987899315076993,-0.5409498222669016,-0.19222642534748435
0.46001253375499634,1.7126161570991363,1.2513181514455411,0.6499608413810828,-0.4368871795259526,-0.4883768264061737,1.6579227128359364,-0.16306570927869068
2.143233309876515,1.6748096471443374,0.514512335374076,0.9299171374854088,-2.3413631437028415,-1.9042306139551928,-0.9028650172951289,0.1489539526574014
-0.4219822081402274,-0.13503099536574142,-0.7930910654431215,-0.8463248648903724,0.19936755210878462,0.17803328043862965,-0.6479125449132416,-0.04467320203938845
-0.4886609242013674,-0.6625354726006422,0.6892283750365981,1.1228580864282478,0.17289385545161198,0.14911203509916543,0.721927136390717,0.14807913117533758
-0.8583190163982386,-1.4546860221923905,0.09774049918282503,-0.4401268886981226,0.47171878002927964,0.46587587610155107,0.21093177182277864,-0.216721426845271
0.15391967421282576,0.03482106858314059,1.6433169758317898,1.3845218746108763,-0.2352928101683678,-0.2788989494069763,1.7179291422138383,0.09646466373357286
-0.17057565172755465,-0.2641306940334105,-0.7814626764380902,-0.8367487724548038,0.018741356691670596,-0.01201169511535515,-0.883361847417592,-0.10795195590867067
-0.8797919120352181,-0.9991423643780141,-0.0012290609392842735,1.654155624480483,1.3875334259869623,1.4340753686487355,-0.883361847417592,0.15187002426428078
0.13533862652070128,-0.718637005526526,-0.0994089497542505,-0.5155218687873921,-0.4368871795259526,-0.4895939856105261,-0.5039791704766798,-0.026010343755360495
0.45871914252883833,0.6209557798077263,-1.14218250521241,-0.8725294683282323,-0.19849532853750815,-0.24037964933731337,-0.8930347871322027,-0.11670017072930877
-0.6630439982052589,-1.0570931673087682,-0.5748163900282579,-0.6443114551082808,0.6782625430399802,0.6829836466795655,-0.30129862041613753,-0.07674998971506146
0.11685147285055078,0.49898148143424575,-0.3922682619780031,-0.2589538669674819,0.3413034969717906,0.3276392398351739,-0.4049610261564671,0.0014007293493055318
-0.1292683027357132,-0.4832442791210149,-0.828894028452265,-0.9102643984671812,-0.2057804842902753,-0.24679233113157728,-1.0230794756740673,-0.11961624233618814
2.04728443446016,-0.6144922989668568,-0.4195755946141316,-0.3282625379121944,-1.4100017571145602,-1.4266816019215056,-0.9545670910208139,-0.1261482427355979
0.5003231543407348,0.38064363546276847,-0.7500264125827191,-0.6712235273776747,-0.3658480980724832,-0.41417702632762354,0.009713243840431955,0.008690908366503951
0.3322064382853731,-0.12315890966859548,-0.32125794054378626,-0.2320084024928631,-0.16260876986142764,-0.20292445779673934,-0.30681962531468954,0.026770552329156
2.20241592194702,2.5057596979561443,0.27590437352448166,0.1267941981134881,-1.4963214724976286,-1.493869390901132,0.8870135332220326,-0.12632320703201066
0.6689994412791715,0.9477032678531913,-0.5174586899747844,-0.4207582330348552,-0.4093125980287932,-0.46083367882941595,-0.35290256154933536,0.051848768148318534
-1.0700621030994577,-0.22139135443115385,-0.06074327279781869,0.8180400770161307,0.7917828002970808,0.8040458272421868,0.2325249898829824,0.12650020128443032
2.3606980252188197,0.28891050131783513,-0.3985466434021262,-0.6419160849013971,-2.0797013945290383,-1.8268274826158424,-0.9709811083683508,-0.08549820453569958
-1.1165189201493526,-1.2767413186588965,-0.2874575507120715,-0.7149926460926062,0.6369966812720596,0.6414234052470178,-0.4407964537839204,-0.21759624832733482
-1.271044602436825,0.10557932901848743,-0.9517303185649965,1.9538001242504837,4.022162951692003,4.217384477602899,-0.16420375477530733,-0.2068067833818812
0.10153923801670806,0.08329295923277584,-0.44742896776025265,-0.6889116786892082,-0.2021333303062176,-0.2446160241604696,-0.5169249721126223,-0.21613821252389512
-0.6292791215593302,-1.2610430067527847,0.09016980656173333,-0.701829131659185,-0.5737781557955707,-0.6308032304148266,-0.06478653562572857,-0.20943124782807257
1.183895796979199,0.6969956971002216,-0.20535683553245004,-0.3530012371830959,-1.174600601363143,-1.220127063097201,-0.6040402348393675,0.06176341161170838
-0.8640354451158058,0.5325434904277162,2.2060834253720656,1.2735210296386392,0.6267511054558871,0.6277657438429803,2.005070803550766,-0.08870588330326686
-0.8269143303623134,-1.0285726446787697,-0.8606537577518353,-0.824183633340422,0.7751719419404983,0.7843235193508241,-0.7739403028311149,-0.07762481119712528
0.37291018557821387,-0.5403821231791406,0.12571364059376622,-0.4312556036798758,-0.7890431531819911,-0.8492331493699278,-0.0069419647469651565,-0.0793744541612529
-1.1139413306199408,0.0906699219441689,2.3055387583080105,1.9061376305277515,1.5888556459508623,1.644206796586422,1.449109163922722,-0.050505345253147184
-0.35004110117475834,-0.2910866080429383,-0.8532260702437389,-0.691475925092492,0.42047755096369055,0.4118831938338691,-0.644671004521272,0.03697680295323379
-1.1647547788577461,-0.230753694245919,1.946772368955323,1.597387922326742,1.4365805629689927,1.4829821244515966,1.4515346268940814,0.04310055332768046
-1.2855700272462804,-0.33074487622967685,-0.5647752109390018,0.841352536934309,1.5712763318401926,1.6272937707629138,0.511050623630363,0.1160023434996646
0.020751435255548133,1.956177689399843,-0.48342418667055426,-0.8179857118602876,-0.4562892334154295,-0.5083314396837512,-0.5143135389604322,-0.19076838954404465
-0.3225042675574027,1.2255057078031641,-1.3874727947317036,-1.041924679750473,0.19798618664547382,0.17621632959252045,-0.9654601034697985,0.005191622438248711
-0.25722612016438956,-0.26680620875415473,-0.6844038530257553,-0.8273035646567765,-0.012879154035093647,-0.04493471834943131,-1.5193998487894602,-0.20097464016812244
-1.1372335072211321,0.18599498462316408,2.347623415132627,2.3087331818145507,2.237169764258773,2.32962793265167,2.335273262881549,-0.06683534625167162
0.20529834402902863,0.07183103918090393,2.315170405335106,1.3804334848700144,-0.3843164108075144,-0.43447894401232995,2.1878643451377093,-0.1368210648167764
-0.6840227378091346,0.29296033354916917,-0.21479425538762092,-0.6889116786892082,0.006175792054685998,-0.024178282807816733,-0.0561763781971764,-0.22022071277352623
-1.2508263803611104,-0.9985815998084628,-1.4613724902061236,-1.0905178531850117,1.0244083342195653,1.0488384405081042,-0.987853249975778,0.050973946666254724
-1.171712483334924,-0.7104067870187172,1.125618581650744,1.009726004524954,0.7077298775162364,0.7131209986165956,1.7238719421570585,0.13262395165887697
0.3337475916675708,0.2232264307737117,-0.11699330066760566,-0.5296051663372268,-0.5161037667104236,-0.5708597305161055,-0.260567101490655,-0.2231367843804056
-1.181727218475839,0.7060343455528707,-1.0568628789957109,-0.9353967540362704,1.1671944020217444,1.1978377581163746,-0.201858877623752,-0.021053022023665602
-1.0211724292630173,-0.19983721749499747,-0.5834095090957157,-0.7044418516438574,0.9415892988374893,0.9608985000278961,-0.644671004521272,-0.10707713442660687
0.7805178805807187,-0.29217422176959434,-0.6714593932473361,-0.7420966538201932,-0.631391416849841,-0.6891195538590262,-1.0111078798262416,-0.16513612011957504
2.1357599581451945,0.5379166466676221,-0.659538662251642,1.009506862740089,-1.4963214724976286,-1.4970299182681732,-1.1072697784108716,0.11687716498172837
-1.1197997933436812,-0.9557564787099617,1.2717820025190905,0.6558360190658142,1.0705578949078673,1.0978415616980695,0.601024459596418,0.01773073034782996
0.5132233502427839,-0.15233819429336282,-0.20062231962489807,-0.5296051663372268,-0.5229047625014179,-0.5788559606209058,-0.30681962531468954,-0.14702731544085418
-0.21613487512911592,-0.5209723761738514,-0.3518344601991779,-0.7789999875105901,-0.4326106485662998,-0.48482363253323374,-0.042889121689298766,-0.20184946165018625
1.1007745780638925,1.0030797525607154,0.7774540993084172,1.133014180695781,-0.7042076654786809,-0.7630408385118155,0.8070203801187275,0.07022001927165855
1.053818782687738,-0.678564631746675,-0.5148676847073654,-0.6395289888740595,-0.8166056362981674,-0.8766993093907159,-1.1810864551662834,-0.2006830330074345
-0.7216834345023436,-0.86058822748212,-0.6240710944075213,-0.691475925092492,0.5453369294861878,0.543400055449342,-0.5065462479419436,0.030853052578787118
1.534519256094638,1.1587221108820793,-1.2693067519671979,-0.9576910620322521,-1.0615764067093632,-1.116822501994182,-1.2651865204471857,-0.1459483689463088
1.6942833989960142,1.276882425227323,-0.18523373894937367,-0.4070052694338162,-1.4058177918900137,-1.4231763290058044,-0.638239605198631,-0.20389071177500181
-0.22377569951014142,-0.0808894623834595,1.9815504103901027,1.454371023948938,0.026539885147350426,-0.00491885129188806,2.2088584439515344,0.07109484075372233
2.0084460282787933,-0.14030615491632353,-0.10642244074583936,-0.4401268886981226,-1.6609747431800408,-1.6150346623250718,-1.1889891276285558,-0.1817868889948562
1.9100813768704972,-0.36637846417248654,-0.2697416879268794,-0.5155218687873921,-1.6609747431800408,-1.6135977060713544,-0.8461472796124858,-0.10016604471830276
-0.28992030160879695,-0.3329784666480839,2.120814678972555,0.9742098800322172,-0.35164476458009225,-0.40022998315359853,1.9125521169930735,-0.09366320503496178
0.012298188780287793,0.07130943011788406,0.16296028180017103,-0.27704921493970697,-0.13105326411324755,-0.16993111421958496,0.13132649181751563,-0.06741856057304749
-0.6102494914022933,-0.1647250079584845,0.1007967430084761,-0.06705104445888191,0.6633011827632149,0.6684604180192075,1.1290487261729236,-0.216721426845271
-0.7996069744208268,-1.1767861745592592,-0.9349675633335687,-0.8179857118602876,0.7077298775162364,0.7143910127491714,-0.878582804074089,-0.09920374108803258
2.2878726863702457,0.41561271948416495,-0.08824962341662344,-0.5523327744157068,-2.2046369015898764,-1.8691268114838901,-1.1072697784108716,-0.03146339766022492
-0.19349795101411696,0.06916327264430504,-0.5830690208848998,-0.17862770021682348,0.8307104881402441,0.8445410686015735,-0.27794030377446016,0.0378516244352976
-0.199623342806873,-0.564396485123967,-0.8352391320786856,-0.7731926960859541,0.20900043103168195,0.1877063687679905,-0.6162536973976368,-0.04117391611113321
0.6421008300861794,1.0782026275982883,-0.7433640394361068,-0.5275756094811561,-0.2730486665021472,-0.31889026077592164,-0.1956742115649595,0.001109122188617595
-0.03998917991184527,-0.27557711782624167,-0.2987439139502866,-0.627715647998323,-0.2540478316839353,-0.29855782698453387,-0.20030676936505354,-0.004723021025141141
-1.021164885096678,0.04986579444887007,-0.8155838364905721,-0.8210777242346008,0.9148651698811832,0.933117819282167,-0.4339135046561162,-0.006764271149956699
-0.614547328655517,0.2485164102177076,2.2961332512851467,1.7118672959022057,0.8136386354964134,0.8262659380474694,2.845164439868351,-0.13186374308508148
-0.16070829694706562,-0.709416708417302,-0.48448660094467294,-0.6712235273776747,0.10230126761102175,0.0756238122591454,-0.3920520837001655,-0.03330052277255891
0.10582175652495622,-0.39974835017492727,-0.7477076189596473,-0.5650520956681703,0.19660350371371024,0.17488825333679142,-0.7240129232352036,-0.019040932614918835
-0.14859399406879029,0.499871776988086,-0.6558468984860317,-0.7448664515672833,0.023425505981736004,-0.007398327629038698,-0.644671004521272,-0.14877695840498179
0.3990669789600516,-0.2773729433910229,-0.17818842761971107,-0.6838115550773954,-0.9234011460409232,-0.9823568798432218,-0.44310829535721036,-0.12311552826444339
1.7461988872313967,1.8036658704047142,0.049304510264516085,0.1260075576042095,-1.1050552322596134,-1.1568654028172185,0.5736457098050326,0.01248180145544713
-0.7473372652854795,-1.3066340632046163,-0.42082104654607166,-0.6001612892526592,0.6491965536373685,0.6536303235668811,-0.49381849710536796,-0.16423213792144245
0.12185979117061173,-0.26948614557165096,-0.7163447612444749,-0.7393379131793646,-0.04520475065661166,-0.07951781133045317,-0.7942973047644263,-0.11495052776518115
-0.5147834851697032,-0.42159691011966316,-0.7363112239702615,-0.7149926460926062,0.457922549562991,0.45047250979975545,-0.6778961690924191,0.015689480223014404
0.8771645216146786,-1.3227137972124117,-0.9176986552164571,-0.7230128167228125,-0.45195517056401635,-0.5050648258715807,-1.1889891276285558,-0.16219088779662688
0.7619676340772825,0.05165630150418496,0.7227345747902537,0.14157271138004396,-0.8082817304983643,-0.8690297212309518,1.155128908863343,-0.023590004321650627
-1.1603846691978985,-1.2597910483853048,-0.651178725548091,-0.6467151570543942,1.132794537326354,1.164593015343062,-0.47399554629750257,0.051848768148318534
2.1844003888721595,1.316627856406826,0.07840785962781718,-0.5036747738582249,-2.09979053275504,-1.8344108669019448,-0.7739403028311149,-0.21701303400595895
0.7189776213609909,-0.9043765036241428,-0.1899156937109027,-0.7420966538201932,-1.401645866869805,-1.4188393812671267,-0.9654601034697985,-0.16189928063593895
0.7372641191428155,-0.5558399970002208,-0.6324547467739686,0.31729608338516146,0.23482869592074077,0.2151834808508104,-1.035292938232337,0.019917784052989503
-0.4525466011731581,-1.1268724823849001,-0.8623612918960749,-0.5912153570416305,0.7480031045695413,0.7574582652433142,-0.5745443443168912,-0.03359212993324685
-0.14859799757245154,0.7568610328377926,1.328934745851553,1.1968769772688523,0.4682820112667469,0.46166670677564925,1.245939259448023,-0.16306570927869068
-1.2072163517799717,-1.1906125824498075,-0.9445200824430507,-0.9032484639649535,1.2874245849189507,1.3288919882662595,-0.9438668854095947,-0.2129305337563278
-1.0823104396893106,-1.3534744161228958,-0.8856122388694166,-0.896303042560362,0.8633895988238305,0.8804310812879267,-0.5980248037682963,-0.035341772897374474
1.8496699750058692,-0.3812525138428976,-0.8314199966386148,-0.57800991804043,-1.2253467851679787,-1.2693607508735907,-1.0734874800479295,-0.0003489136148220889
-0.7434244395074958,1.3389285804304407,-0.3805120875979045,0.8907063065087063,0.6979738316537488,0.7047885710719515,0.15675711454934033,0.12416734399892683
-0.8787484616567998,-0.6751164471267578,-0.6761571657870956,-0.7907630564179646,0.701884131918017,0.7082655090605695,-0.2176031485479598,-0.0006405207755100258
0.5021164254333469,-0.25453523153361596,-0.21155643976153551,-0.5215224588432357,-0.49589013716215097,-0.5492484933989983,-0.7094448488018528,-0.1528594586546129
-0.31431247980821553,-0.7691392432862331,-0.9931812152475638,-1.0292442576909941,-0.22415516555021683,-0.2673827896795617,-0.4049610261564671,-0.12690642135338653
0.5663824250229672,0.38341935535577004,0.039280106752430516,-0.4491135382605439,-0.6965030789975718,-0.7565604935114035,-0.43849341924749036,-0.21701303400595895
-0.05070142079807197,-0.07246233096177784,-0.2977424942983599,1.8256322641756095,-0.1590684922924221,-0.19844547817331734,-1.406892490810478,0.3510377150141415
-0.3780529947816878,-0.707354032285817,-0.9810246508887717,-0.7997186497331767,0.5022884870445454,0.4976915621107167,-0.7699498867938558,-0.16539856656419416
0.15433293936080802,-0.015425888895714168,-0.13031088336338847,-0.539843333043579,-0.39884509447486427,-0.448523190769193,0.17452671084419086,-0.21642981968458305
-1.076461342907284,0.04474755591960288,1.317098490276699,1.3690640757059118,1.0102720504954177,1.0338001133683785,1.402497619360175,0.1495371669787773
0.48499670507335146,-0.36873395430474304,-0.1752329011401344,-0.5439814508742127,-0.7513153712866298,-0.8110548621791359,-0.3031333588037286,0.013939837258886782
0.4519757651244878,0.28662801769540414,-0.22794433103924044,-0.4207582330348552,-0.41985622954997437,-0.47158532248975693,-0.4248564688206088,0.04980751802350297
0.9570708118398851,0.2662225044764595,0.48960896940691134,-0.0485668146938507,-0.9144428707145543,-0.9728201410138718,0.4816741967649674,-0.1974753542398672
-1.0157989655141133,-0.2928997030956551,-1.1442554561086642,-0.7560580097270124,1.4265476997852997,1.4754794859089524,-0.2503778855526047,-0.029218022522927798
0.5510396265447349,-0.09568372435362378,0.3313151625336732,-0.5155218687873921,-1.5460835258032382,-1.5348003492863003,0.4126599060349893,-0.12224070678237957
-0.6936892605901389,0.6717763725202333,1.7667412032656211,1.364096135793134,0.47856797203209933,0.4720175476095381,1.1689672391948702,0.07459412668197757
-0.1886656210625161,-0.12813329115811725,-0.8940434199351467,-0.793735377614228,0.10525089821970403,0.07891838519600151,-0.4316364931706786,0.013648230098198846
-0.22830555226479246,-0.7774830445476116,-1.1353492937690188,-1.0292442576909941,-0.1275891216189733,-0.1659507703954984,-0.39632451020794435,-0.21263892659563988
-0.5438066828288359,-1.256303843963487,-0.6182682637776568,-0.5296051663372268,0.6653049742972276,0.6696214960703912,-0.9385869755629679,-0.17557565647220316
1.2449142807066433,-0.68779580234863,-0.2694309742421098,-0.5693444300439015,-1.118699972456137,-1.1710502982554214,-1.0867747365558071,-0.21468017672045545
0.554063108352307,-0.05877225488202512,2.299774190453477,1.3512504712239042,-0.876250878347468,-0.9361500451776297,2.708248780735204,-0.048172487967643694
0.20575625305441556,0.9795242514452533,0.574758852057215,0.22348113024092542,-0.06993092610488935,-0.10446782415147908,1.79441260224771,-0.2097228549887605
0.0785134605104639,-0.40285160612063536,-0.5497794721902225,-0.7997186497331767,-0.5458079709726962,-0.6010333741549221,-0.44775867086268584,-0.030967665487055422
2.1660658876511585,1.4791067301444056,-0.16583554168879241,-0.47491624368604,-1.7803411938064249,-1.6877445996426381,-0.7166850052145975,-0.1353047075811991
-1.0171489653609183,-0.9490538951672743,0.3859684721357899,0.8337629883942247,0.5604836353385855,0.5586027493819762,0.30322497158074607,0.1407889521581392
-0.28845338682599375,-0.016068102113539734,0.7831012128708374,0.26008910954772896,0.21720654507815562,0.1977998980884261,1.3458946306195962,-0.0682933820551113
-0.9201978870216664,-0.6941031525647626,0.7053814064936071,2.4926574631847935,0.4740054412983975,0.46852544168958093,0.5321825323704412,1.0138607912578212
-0.23042267285102713,0.020377323802263033,1.741149946467854,1.739773222725449,0.26285037071114803,0.24515120442868815,1.9232770833437725,0.15099520278221695
-1.2457837385927069,-1.6012834921325283,-1.1999151560255559,-1.0376719671740693,1.0938383906510027,1.1206738486627976,-0.6479125449132416,-0.16773142384969764
-0.5781765518318075,1.537218159568891,0.43114375465974747,-0.06393580125956899,0.29163682619785797,0.2741893149067716,1.024576788361417,0.04135091036355284
0.3384141305120134,-0.17907310568489246,-0.03024223986942613,-0.5586631723867641,-0.7917759399366356,-0.8507954091288104,-0.4049610261564671,-0.22167874857696593
-0.8722464532421628,-0.8366162746114892,1.2811680514959105,0.7787780578766695,0.279929551722953,0.2624286866295846,0.5105725327911401,0.0938401992873814
-0.35241560545558637,-0.16647257734575932,-0.40601648469458224,-0.5565465899885946,0.34380521104221784,0.33018286096018573,0.12321166078675941,-0.21934589129146242
-0.7670009123580569,-0.5854875258527166,1.2038920693183466,1.893324119664244,1.3474401278468573,1.3900182434950594,1.9701287182585088,0.12533377264167858
0.9475468558074888,0.46182418963936617,-0.16006505467615137,-0.3087946699003565,-0.7513153712866298,-0.8121146831294385,-0.39632451020794435,-0.13361338604920908
-0.6816818921473152,-0.899253098496251,-0.15084048359457908,-0.5715006365132252,0.05427226424864765,0.024204464870580963,0.4591863828872494,0.021813230597461077
0.23561444100018414,-0.1589055479701327,-0.8180268273509819,-0.6838115550773954,-0.05504467266777008,-0.08890200337157744,-0.5861705840658135,-0.11524213492586909
-0.4515539718982775,-0.5833378235333119,-0.3024374005290399,-0.6515477894250961,0.02809456941865972,-0.0036315564757320264,0.460746502036152,-0.21847106980939862
-1.3027361276719205,-1.0805122526886084,2.421432503675992,1.1469865348749662,0.4544528799114789,0.447951548514433,1.4808672006482853,-0.09570445515977734
1.0271497105815666,0.1305561929177529,0.13617987505534682,-0.5736635916835955,-1.7482422527923829,-1.6690604847146047,-0.017159884066398966,-0.2231367843804056
-1.2819106068899706,-1.4818762478531262,-0.9325126950122038,-0.9614777214396685,1.0376338780741745,1.0637136988997082,-0.6479125449132416,-0.13944552926296783
0.6065876645940081,0.8193522381426686,-0.6964234608580355,-0.19221473259036945,-0.1293201581757523,-0.16703222222417693,-0.29582758004794074,0.009565729848567761
2.3458877062305468,1.3916421137368802,-0.49336096035159205,-0.3420689294472954,-1.3565299987921668,-1.3826542646933766,-0.8979299218509426,-0.10217813412704953
0.7764893393230485,0.9786765033077449,1.9817090153290209,1.918717875400153,-0.25782812833454116,-0.302464073963273,2.6597520519878057,0.03872644591736141
-1.02116265952704,-0.021890193599337696,-0.8273233657818259,-0.9067475277076501,0.6380172676880624,0.6409581383722271,-0.7240129232352036,-0.166273388046258
0.9086816361854889,0.2582099804594987,0.45905432073203806,0.04155526962729505,-0.8820614790881923,-0.9405772435296208,0.5105725327911401,0.03376912418566649
-0.1343751895665019,0.95578612137192,-0.7325835021899783,-0.22805569231084283,0.5903104055633792,0.5900821937330267,-0.2176031485479598,-0.18668588929441354
-0.43616376618655484,-1.0049858413732349,-0.1125110537828768,-0.5845810954074825,-0.07492717324655489,-0.1111592591647728,0.22413368269139664,-0.216721426845271
0.04818863044957234,-0.9126503118071274,0.2835309242069968,0.6767243677685018,0.33628708039549976,0.3223727651903163,0.5081763907930277,0.07167805507509821
-0.05598030628317153,0.37505386818611486,-0.33428556946530913,-0.47491624368604,0.05121695659713122,0.021305523000428022,-0.43849341924749036,-0.06391927464479225
1.3651452055141557,-1.1256592756416597,-1.0166441724093545,-0.625377021019326,-0.6511161149170452,-0.7094042309055437,-1.2835074932534147,-0.040182451764794236
-1.1340745272366113,-1.124446975968966,-0.7573276773975632,-0.8560355203993538,0.868620186376558,0.8841790784306149,-0.7860720644858628,-0.022802664987793222
1.9585040840166175,0.8035617426819798,-0.3033661293212228,-0.7617224972842638,-2.1477769494348933,-1.850043584073367,-0.5950393861719555,-0.11407570628311735
0.0778431440000215,1.904798141633505,-0.8812829568190109,-0.9390628825961186,-0.3801919615276227,-0.4294970049007861,-0.6479125449132416,-0.17356356706345638
2.4782971134210614,-0.9262127607911915,-0.18744134372985596,-0.5255519956990554,-2.0797013945290383,-1.8268274826158424,-1.121329617560241,-0.1414867793877834
-1.2409181682694146,-1.1923807949878482,-0.31642541164799387,0.7123309186149962,1.1421920562820689,1.172261864097316,0.004212333868992872,0.12358412967755095
-0.49060398016870743,-0.46228595063049654,0.7201957928012366,1.043505710820989,0.055797506834426656,0.026883893923844788,0.6800491747927191,0.14428823808639443
-0.7593509249070227,-0.7227938470745764,-0.3875450900284775,-0.6024159849322824,0.5453369294861878,0.5424337274363542,-0.18651425095171775,-0.15490070877942846
-0.10621458036500321,-0.5710977256360621,1.4066025532881876,0.5615695620106982,-0.46936970961745766,-0.5232613432093615,1.8241563082418628,0.009565729848567761
-0.17699713097283845,-0.5380592182191697,0.7178576100920366,0.9379855465691953,-0.443325722798835,-0.4954289176240022,0.6764247884291756,0.14166377364020297
-1.2632320051917603,-0.6363168520773379,-1.113594224851948,-1.1043858158066313,0.6622982474454152,0.6672883796806036,-0.4788906810162427,-0.1216574924610037
-1.1439030027932007,-0.2698438053804675,-1.1442554561086642,-0.8495466125101107,1.382658287491056,1.4274132401004196,-0.1656657768535032,-0.03300891561187098
-0.06096053220646374,0.1507197405078341,1.4860441503294186,1.5599772241343242,0.5913643808508492,0.5908902456921821,1.6468537130484546,0.0690535906289068
0.6723691162281228,0.015614998665034545,0.7974908801635854,0.1775581218747024,-0.8878954625910568,-0.9470638208953781,0.920212625735615,-0.028926415362239864
-1.193352639372274,-0.09265697306480246,2.144589116673999,1.8611700195771397,1.6525624064589541,1.7124016437218794,2.4147118210061262,-0.021927843505729412
-1.1895087990199709,-1.7879896669723083,-0.42002803737361616,-0.7284117786583229,0.9030166502126834,0.9204283222587418,-0.37525806392972644,-0.19455928263298783
-0.5216013651475311,-0.552259693198587,-0.5363845032067823,-0.5544364704475007,0.48425101711457,0.47853080785877455,-0.4071395720624444,-0.01755373609541036
0.9544239298029121,2.0309582005818716,1.7104531157360703,1.4091718186345972,-0.48256928132275606,-0.5350895005267924,2.6788443473449854,-0.1519846371725491
0.9194894139438957,0.5074639124337718,0.04139084284970353,-0.2798756549238505,-0.753977893511695,-0.8131774453072402,0.371953948760837,-0.2190542841307745
-0.8646469703234879,-0.9038475684582403,-0.4647683152107395,0.045103742701352464,-0.43903018500716784,-0.4929612593565239,-0.674490268057444,0.10433805707214712
-0.4180086266989649,0.37093921110459954,-1.4850322433435836,-0.5845810954074825,1.302985481477226,1.3437644706757506,-1.114258825439034,-0.022802664987793222
0.346633957268388,0.046043350104127946,0.001973407498846439,-0.29418390129864896,-0.4476340259518833,-0.5000990778487635,-0.4764381590535411,0.02939501677534743
1.9722587640144993,-0.18144241101344263,-0.30506027525753215,0.1431101171593621,-1.0193636635820589,-1.0759656479983286,-0.9333527797951323,-0.2020535866626678
-0.7749008615873236,-0.9941024512786086,-0.9824086100392346,-1.0126910444121557,0.2786228883230415,0.26110056534972836,-1.035292938232337,-0.11947043875584418
-1.2628116359557173,-0.718070988275015,-0.6578936676036706,1.3555146643929374,1.9176416867119301,1.995081995733583,-0.05862393552694408,0.11425270053553697
-1.2890700338598076,-1.6877000655544148,-0.7764624747314601,-0.7365901417151745,1.3418003167590709,1.3849844926962143,-0.05985144018154258,0.05768091136207727
-0.9269061796046442,-0.4795762980091821,-1.2471960580293624,-1.068005647153871,0.6441257441862075,0.6478315786305723,-0.6010250373935246,-0.061294810198600815
-1.0282928155484488,0.22354045088125313,2.464989541597978,1.6879794868383784,1.2014887379257848,1.236446701570264,2.1861313504051876,-0.1216574924610037
-0.33808044590681197,-0.2142899725513176,-0.35615179272051256,-0.45821859240630375,0.25090734070037957,0.23206681912811766,-0.10844575234713569,0.05243198246969441
0.9495682327310859,0.34382613110281096,1.5762802635093973,1.6249166661558925,-0.9567300378745272,-1.0154771451999052,1.8909041515888838,0.20523413467017318
4.5657596744497885e-05,-0.7907948371440174,-0.6666064109098989,-0.5956738474276069,0.2786228883230415,0.2614437475322437,-0.5547213935090258,-0.14819374408360592
-0.8386917573519168,0.7568420428485475,1.9248891003639717,1.637485857457244,1.0220618385186395,1.0467286858030282,1.1233478659409102,0.04776626789868745
1.2465749006453524,1.255675266299741,1.5734775380545587,3.511976411546907,-1.1639537265044952,-1.2125034193080877,1.6968585524625996,3.500395050443856
-0.4842396089272629,-0.5764519364698667,-0.8018192099133701,-0.8210777242346008,0.39295374637673264,0.3818444304900009,-0.8461472796124858,-0.1368210648167764
-1.1190018433572804,0.2924546573446356,-0.9272449748272653,0.6724541361824821,1.1277089893359566,1.1596403281758914,-0.5382327577620989,0.11017020028590586
-1.213987043221072,-1.433213448981469,-1.2750309519606624,-1.0592021699767995,1.0750930694427825,1.10075334682281,-0.9128577379400681,-0.19543410411505163
-0.8124109131431204,-0.9517751812798053,1.3850449458895688,0.9296711636039076,-0.22600550778488615,-0.2689212519788805,0.5298706907971515,0.12504216548099062
-0.23797334968426387,-0.07467441895049022,1.866347423319422,1.2104471489960875,-0.1590684922924221,-0.1983742385875317,1.9996775628306906,0.06234662593308426
-1.0255274658463813,-1.4650439081194258,-0.6817812095970697,-0.8658845747008412,0.5903104055633792,0.5906498241609267,-0.8153637510426445,-0.10999320603348622
0.2262707263530966,-0.1279694172142014,-0.0771053277173939,-0.5629158849631676,-0.6511161149170452,-0.708053917827041,-0.260567101490655,-0.08141570428606845
0.07788219036299292,2.2051410926207473,-0.43396224651903786,-0.8087918253102078,-0.6362974890245028,-0.6935064769475479,-0.37525806392972644,-0.11232606331898973
-1.1437391342871615,-1.6438744047991274,-0.4569965262229342,-0.7448664515672833,0.8962023347569615,0.913552469488541,-0.4764381590535411,-0.22109553425559006
0.8231560014912527,0.1089809751682539,0.04167618818908322,-0.3641092726420716,-0.8849755362382968,-0.9443060791476794,-0.26400203024679325,-0.03679980870081415
-0.6862686479018613,-0.02434786854761434,-0.90799120547272,-0.5565465899885946,1.0538064770372269,1.080870171340035,-0.4248564688206088,-0.01580409313128274
-0.21849864462419877,-0.19573141052369808,-0.47815406240596364,1.719440671564255,0.8590163136249508,0.8746842860702148,-0.28147566960827214,0.10783734300040236
0.2963296438057327,0.5969696001726924,-0.8907230517733333,-0.6564144546984446,-0.022501377040194705,-0.05494163931793461,0.07799089898784785,0.04514180345249602
-0.43376295512399843,0.04467095385006873,1.883917666893653,1.3976445284974393,0.22672200409417606,0.20654702061735253,1.3864256954691074,0.05680608988001346
0.11408707925891091,-0.005093774354431083,-0.538357748436228,-0.6762312566297293,-0.30593283826598494,-0.3513560499828987,-0.8371908812105024,0.05068233950556678
-0.00263324794715994,0.03238558661792548,0.7231302121387786,0.49381572504935844,0.1081945397265843,0.08215061672854308,1.631697688948356,0.05214037530900647
-0.890385780625246,-1.0728051919887522,0.16639396349689917,1.0289564657993606,0.7649263661243259,0.7742898957339838,0.7339450087045083,0.13787288055125982
-0.14522690370033092,-0.7100266379540601,-0.11551123755707185,-0.6637793231201189,-0.9567300378745272,-1.016079265437609,-0.38780963937974555,0.03960126739942522
-0.832857957840251,-0.4968020119252219,2.4449598800683447,1.3363883153466773,0.14305977781005216,0.11855921518027913,1.4727419823212913,-0.10066177689147227
0.6532484214539721,0.29397121309356716,-0.22224567452996002,-0.6046780609709871,-0.9025839666010528,-0.9622041211504666,-0.46672637052391247,-0.1161169564079329
-0.8512189045717666,-0.6575302888581414,-0.45132645760409773,-0.8087918253102078,0.18270365663997315,0.16102751232876014,-0.4788906810162427,-0.2231367843804056
-0.8227949733384503,0.4600007981211554,-0.10415649059737103,0.7830495463453304,0.3685877451875717,0.35686744977774865,0.031229601454954316,0.1314575230161252
0.0777859264961764,2.0665349530579435,-1.3913102623027969,-0.8560355203993538,0.2103713464473712,0.1889519414622161,-0.5716723872069137,-0.18581106781234974
1.8492700096389834,0.18098344533851365,-0.17498759083152765,-0.6046780609709871,-1.8187109215394195,-1.7092239707208103,-1.0935295088921442,-0.10293631274483817
2.162714721101591,2.4948739583894874,-0.6738013783693365,-0.5889968523665655,-1.4830412915969293,-1.484541363997074,-0.7820010333799621,-0.22255357005902973
-0.6836438362576381,-0.6772764515453521,1.8881657881157672,1.4695172939923302,0.6940529558518883,0.7005789089877147,1.0286505627704885,-0.22401160586246943
0.9680515879077616,1.0631803940399513,-0.659538662251642,-0.7257070252533939,-0.8362159847923671,-0.8969044156185515,-0.5519418675336507,-0.17852088879515132
-0.6512221765484986,-0.5578894399569038,-0.04640011177877893,0.8365836601174698,0.09934562348011712,0.07310785428642513,-0.0939727995935801,0.14253859512226683
-0.8269204732375486,-0.6430569923219479,-0.9173057970665757,-0.9652852440895815,0.40138600995642604,0.3911625574851304,-0.9438668854095947,-0.12399034974650719
-0.8195378831398722,-1.038828316821267,-0.5042490383067236,-0.6889116786892082,0.4910413946063022,0.4844624041965219,-0.5169249721126223,0.00781608688444014
0.014058630383638141,-0.6382012688737712,0.7160537155492335,-0.2575813469278691,-1.167494004073501,-1.2170593693175962,0.12321166078675941,-0.05108855957452306
-0.6310025406387403,-0.5031960476333435,-0.6912597484389623,-0.6966331401672462,0.5712066349941217,0.56989570734931,-0.05252352216093652,-0.1000785625700964
-0.4270956506521193,-0.5145537519153732,-1.1449488355285387,-0.6940497217837477,0.7164545354070666,0.7232934906522034,-0.7503835888595926,-0.16423213792144245
0.5954040995454997,0.7367019124060936,-0.8479095079433718,-0.6787487953439829,-0.5411982915911637,-0.5954679012275009,-0.7659856376072806,0.0626382330937722
0.15236939866829702,1.0323914252136186,-0.3229410299159449,2.4111785964663,0.4001843994905699,0.3892709209951618,-1.2474044786636684,0.34765507195016143
2.14717729011435,1.554912575939137,-0.5177476188889388,0.06773505216102249,-1.118699972456137,-1.170148181484209,-0.9333527797951323,-0.20091631873598487
-0.17222167066170777,-0.4671264669105007,-0.4079883156143125,-0.6161008600941525,-0.07994069851069842,-0.11560954384289764,-0.3670328236511626,-0.036216594379438284
-0.33551179484192434,0.3393120124764928,-0.11224895087182132,1.0464207168240551,1.377766699740891,1.4218638926782041,0.17785296866977518,0.032602695542914735
-0.5615811935552135,-0.7850834172505873,-0.27719302658386286,-0.5889968523665655,0.32872975862137044,0.31404516142167865,-0.7942973047644263,-0.05196338105658687
-0.8258564457806038,-0.025485804299064576,0.10774773838688367,4.458175959577529,3.4363181682094486,3.5975697121323007,0.608798760207693,0.1297078800519976
-1.2565609892795355,-1.7354789929408059,-0.7240183384183067,-0.27564031819730955,2.037476523049097,2.1175712885541977,-0.5575137579871077,-0.09016391910670654
0.3360803079250254,0.0875739628761345,-0.008560144182407737,-0.4104179361852916,-0.4781560573848549,-0.5304838296034148,-0.029887634902974664,-0.06450248896616811
1.7302864656396475,2.922183986558572,-0.05602619761633084,0.9609354614659891,-1.6023913001019707,-1.5741115925450448,-0.5774300101046254,0.14551298816128377
-1.2426064758571171,-1.4371031418891855,-0.4734696361168278,1.3622568018976131,1.4953619772264048,1.5483859498511467,0.35980186452991497,0.17723984724413125
0.13412131774309255,-0.039470547102234535,2.0838429812362254,1.0110393979125907,-0.5274565494245095,-0.5831120613287835,2.5424519958381975,-0.198350175721931
0.22995790968024069,0.3665966831019831,-0.8349194734168454,-0.38193370679309535,0.34380521104221784,0.3296898385357078,-0.43619912490109913,-0.15898320902905957
0.6244160408593353,-0.3177612161086174,-0.18391500460715662,-0.6515477894250961,-0.9324151208462645,-0.9910067194667512,-0.7094448488018528,-0.1266148141926986
0.19533859825069988,0.04633770441857819,-0.49404135734195703,-0.6300622160009718,-0.21310243391499362,-0.2557474877900405,-0.5355278501861138,0.02035519479402139
0.02440551924264924,-0.16191473671510342,-0.7281556437240702,-0.7789999875105901,-0.0967787849361579,-0.13397672269237126,-0.6193460101997537,-0.21380535523839164
0.6420791172195047,1.4726470012980188,-0.856922661941619,-0.9137992584137022,-0.813825687327345,-0.8737792094616589,-0.9078407312655297,-0.06916820353717511
0.5154983657615589,1.552240460768127,-1.0047405691968752,-0.7257070252533939,0.04968688474633357,0.019777266518589718,-0.6882305375761715,-0.09605438375260286
-1.0490015524246152,-0.34113990156225177,-1.183533554749249,-0.9652852440895815,0.9457208004767835,0.9667652593409249,-0.92301841131138,-0.1041610628197275
-0.9675599706478402,-1.1081690292960065,-0.893303173176693,-0.9245136375744899,0.6643034247278188,0.6670431333653766,-0.8598356946186205,0.0034419794741210896
-1.133987934005435,-0.1264952965378652,-1.1373870201970988,-0.5076012822214526,1.930248226531758,2.005288625638054,-0.6318759060731197,-0.009097128435460193
-0.4642096367164733,-0.5742925930468611,0.191676359926185,-0.2827137024969585,0.1854943080195896,0.16261264645799178,-0.37525806392972644,-0.08287374008950814
-0.09015815835116572,-0.36012644096698354,0.09755451912270996,-0.5155218687873921,-0.49589013716215097,-0.5506757427279171,0.2930300278749851,-0.11145124183692591
0.7080208757202838,0.1423332248965203,-0.1749262867695519,-0.5629158849631676,-0.8082817304983643,-0.868824551982923,-0.987853249975778,-0.14819374408360592
-1.2930373066391194,-0.10599710111870327,0.3313497131309834,1.0223187782093037,1.262439734398296,1.3004069310465296,0.5499177549846694,0.14399663092570647
-0.9958328955119997,-0.8693139144315978,-1.1253136251999634,-1.0334452652348058,0.7621195057236949,0.7716628003223012,-0.8738412438092906,-0.1339924753581034
-0.83191952612356,-0.4553328749851946,-1.2674167572626627,-0.8894267309725968,1.0142126426037292,1.0373554625114276,-0.5328349912361456,-0.09307999071358591
0.6784430296646063,1.3311781565149623,1.3935470872744251,2.035965349830781,-0.5667348563837336,-0.6236002269817377,1.8256790945248222,0.35278735797826904
1.0867648006416517,0.8013461412395051,-0.2207992361735666,-0.5439814508742127,-1.012977120460433,-1.0700229247532098,-0.580329516068976,-0.12748963567476243
-1.0986019158135893,-0.8636807311755788,-0.8056614064143771,-0.5523327744157068,1.462230081857056,1.513386937039717,0.24303909549744457,-0.016387307452658612
-0.167156679759012,-1.0317741562348774,-0.02288342376034279,-0.4277387329203447,-0.20760750777601583,-0.2501209261994843,-0.08622210580593125,-0.007347485471332572
0.3120095598375016,-0.2909416479841321,0.19773064376205923,-0.3609172872313769,-0.6022986089124446,-0.659267514179493,0.08383196698468504,-0.2143885695597675
-0.7670994262846578,-0.024932114180227886,1.2838075139274883,0.5723806452712004,0.6257225541931184,0.6280333542318073,0.6982029306693346,-0.1855194606516618
0.6015545752229741,0.5773394359526917,-0.02747738140877991,-0.43479046362639706,-0.7593176525652123,-0.8181763764239403,-0.028719430027985705,-0.21234731943495194
-1.0500307308304122,-1.1699169333576735,-0.44888607679288034,-0.896303042560362,0.26020485365574875,0.24434499698926576,-0.5659690823159045,-0.14790213692291798
-1.119732224734757,-1.7997095042233877,-1.0762545935200976,-0.5460598392461873,1.8409453333821477,1.9118977416174163,-0.7581342826472411,-0.09716249096321702
0.07787095800026898,2.766703850536728,-0.36041875656401423,-0.2927396716971813,0.16866924941970607,0.144775414783139,0.5023866019139246,0.05943055432620489
1.1663456557027478,0.4881498114565282,1.8576435623797727,1.331178924027659,-1.1084543966399634,-1.161682427240246,2.101270696555126,0.063513054575836
-0.1703896375844761,-0.6286224844213796,-0.21357699908647731,-0.8027298249234409,-0.8532386024095302,-0.9140575940240182,0.22259539729476963,-0.14848535124429385
-0.5142889851106592,-0.3450693323089077,-0.7597031206495546,-0.6564144546984446,0.5955726361832813,0.5959045411571737,-0.14835063140587912,-0.22167874857696593
-0.9191278257293004,-1.2028399634322482,0.9035006114095833,0.0796209601224157,0.15307284238885194,0.12862262687324508,0.6283987209137707,-0.04408998771801258
-0.4192809998452926,0.41465147074535785,0.26804853393077605,-0.20990288390190276,0.21310929427543884,0.19193260171169427,0.3474004894690632,-0.21876267697008656
0.03181363133777188,0.19715496306332794,-0.6822171236373569,-0.6001612892526592,0.10672346609040663,0.07984958812179553,-0.3856995296120267,-0.004139806703765268
0.4093665969143263,-1.410647440387199,0.10138063160518257,-0.5036747738582249,-0.9144428707145543,-0.9741680776124919,0.070113968859233,-0.18843553225854115
-0.9649717921408936,-0.46135983299617084,-1.7621061390734816,-0.859302966735967,1.8108208886079564,1.87984369778084,-0.8738412438092906,0.013939837258886782
-0.7071860463920058,1.566928988450435,2.5238535265031525,2.024657511632348,0.8703595302493363,0.8857424057876317,1.6483850403889695,-0.18756071077647735
-0.40288030747114506,1.2914234514522023,-0.5978018033094015,-0.9281223330478493,-0.4847809414680303,-0.5394039714935555,-0.2176031485479598,-0.22255357005902973
1.6092254710031855,2.4113621930265574,0.3064947561898035,1.0982422594823398,-0.3177194311894973,-0.36563915427624066,0.36833390300572055,-0.10503588430179132
0.9070056604683892,-0.18144241101344263,0.04621422728935572,-0.6762312566297293,-1.758863127723768,-1.6740664173346484,-0.6414467524269052,-0.21788785548802275
-1.2775937788281038,-1.430283997892499,-1.0502373162306273,-0.6324167791400264,2.2029114843585536,2.2923071957665306,-1.34205765214608,-0.0738339181081821
-1.0115288157075666,-1.1565741383875938,-0.8260712640992459,-0.6539768380165857,1.3081355506376264,1.3486928653432553,-0.10844575234713569,-0.08899749046395479
2.0176260982624954,0.09590239577643309,-0.31182324151869384,-0.6230462814987443,-1.758863127723768,-1.6740664173346484,-1.4421187165087674,-0.004723021025141141
-0.32596139103271865,-0.1967910817466814,-0.3843235134606741,-0.6300622160009718,0.05121695659713122,0.021626485527156555,-0.2470192889437207,-0.16044124483249927
-0.36099478520897077,-0.05437852295380297,1.4337886341492936,1.3635711111807718,0.20487988933571818,0.1838926565914899,1.8181915170626166,0.1160023434996646
0.24684565248519286,-0.5115615311297194,-0.1787450298939028,-0.6092245485063877,-0.5761335469620366,-0.633345543987296,-0.1569462146167937,-0.06391927464479225
-0.9718042545768776,0.4133376242343383,2.1039227677774286,1.17307415546927,0.6216010362954855,0.6238746314917868,0.7086323871694346,-0.10474427714110338
-0.935215720138041,-0.9294868477024298,-0.25900789399378493,0.9928699588079736,0.9920060801769809,1.015598984969238,0.47714197019648563,0.12912466573062173
2.170341783568774,2.058045662793122,-0.2009492997129293,-0.6966331401672462,-2.423291321785374,-1.919863331126615,-1.2387058273705522,-0.12282392110375545
0.4828549646826042,-0.11605113329915198,-0.04237599290917391,-0.535729847012589,-0.7890431531819911,-0.8478713807284398,-0.23870353424146787,-0.035341772897374474
-0.06093819556959529,-0.4469325933447116,-0.2399517920700363,-0.6300622160009718,-0.3801919615276227,-0.43086712583384323,-0.4788906810162427,-0.07879123983987703
-0.4060443945949739,-0.8870121078119328,-0.34045171454045015,-0.8826181673984916,-0.7700565382913337,-0.8292982492506213,-0.35290256154933536,-0.16977267397451323
0.2769957957675687,3.7069037561228924,-0.20535683553245004,1.5498231249284222,0.3881131978261383,0.37707119923793786,0.49310450372541753,0.12883305856993382
-0.14858092602264178,-0.5927829830472812,0.2811093569409735,-0.31027288140041576,-0.4072130423482038,-0.4573158478057819,0.48865747712438384,-0.0802492756433167
-0.24353868841686122,-0.6021517608377104,-0.7575909195113436,-0.8625859354412149,-0.16260876986142764,-0.20346547280400973,-0.9993687569036761,0.025312516525716318
1.0378896395663808,0.5102078589814323,-0.11551123755707185,-0.45638795924896525,-0.9721365903499731,-1.0292592624772627,0.48467691403751095,-0.22167874857696593
-0.1015334294244011,-0.39796666368822725,-0.8823608895225475,-0.21633142898263658,1.0197115387160192,1.0437436898915264,-1.150469997437547,-0.21176410511357607
-1.1861277917148945,-1.7455793143272043,-0.6738013783693365,-0.8495466125101107,0.8235468271450886,0.8360603626877601,-0.4764381590535411,-0.10766034874798273
-0.9547824828131387,0.3295787202121378,-0.1861153183701211,-0.7257070252533939,0.20487988933571818,0.18357750513472754,0.13489841260566754,-0.22342839154109354
-1.2694295213631797,-1.666993342280802,-0.6998273968573303,-1.07692272071696,0.10966412215760517,0.08192798724304681,-0.7820010333799621,-0.04671445216420401
0.38335250592189113,-0.7489222354254446,-0.3321905750122527,-0.7645722481794339,-1.1324743558310477,-1.1820447871454471,-0.7427310077568168,-0.01842855757747417
0.0164175709795962,-0.35276863222385874,-0.4523067968700324,-0.7044418516438574,-0.20031318826667996,-0.24241205621063885,-0.5355278501861138,-0.21701303400595895
-0.9269070083540001,-0.24112598688600295,-0.36002896312958793,0.8317816455299158,0.8528714660309007,0.8679777321990639,-0.31613484559005245,0.11804359362448012
1.0120358018713507,0.6873118257784563,0.24200066081980665,-0.3436201391059814,-1.6119922818412478,-1.580635573025797,-0.26400203024679325,0.05214037530900647
1.4401823156130533,0.3336516338140751,-0.10719786899158411,1.2616019424724925,-1.0034497502850115,-1.0600934427962616,-0.4454290115840144,0.1431218094436427
1.605287486965905,0.9429695953609598,-0.12008088052086302,-0.5275756094811561,-1.5277899967134925,-1.5176761077667182,-0.5065462479419436,-0.21963749845215036
-0.7114940668697386,0.01774330013262365,1.7047741949445603,0.99331884717243,0.5722745856457747,0.5722786811974604,0.7969788408171063,-0.06916820353717511
1.957790152348153,0.9451690906194022,-0.3797950772974459,0.13227575126109395,-0.7380756176790293,-0.7968571384011431,-0.7022903767255408,0.03668519579254585
0.467776724614156,0.27695528445852685,-0.9049339581773528,-0.7967205382507511,-0.49589013716215097,-0.5498722605516871,-0.664386202751597,0.052723589630382345
-0.4420214039942236,-0.7865585810248421,-0.7764624747314601,-0.793735377614228,0.29551833572953784,0.27869385380815453,-0.664386202751597,-0.1729803527420805
1.9051727675576349,1.7238678217680843,0.9657020230363719,0.7007789471480779,-1.6659652573819312,-1.6150346623250718,1.6596407838599507,0.06759555482546709
-1.1693147100232593,-1.2224817439012283,-1.0081759886814432,-0.9317499718913053,1.0908553794255904,1.1206795334007416,-1.035292938232337,-0.14673570828016624
-1.2927830337666433,-0.5851181823095344,-0.9551689043738355,-0.9576910620322521,1.1854923714063295,1.217447166405536,-0.8371908812105024,-0.2231367843804056
0.7911997156355661,-0.4098557238656855,-0.3348339003267768,-0.3451748385531167,-0.5550715356803587,-0.6102142601723114,-0.18048381855718812,0.05243198246969441
-0.9163124280360566,-0.7376182083746925,-1.1812471816789802,-1.0592021699767995,0.5818509041331077,0.5807347934542945,-0.987853249975778,-0.19076838954404465
-1.091325267961777,1.26983953312797,0.9389278664027155,0.9901704881379866,2.7964978911513603,2.9221327411230296,1.5250440128996123,0.042808946166992524
-0.6549606550851373,-1.5767522675845813,-0.6435835674836631,-0.8273035646567765,0.2694431194262577,0.2514194568854651,-0.15550510348219107,-0.17443838854552018
-0.2868259588339514,-1.1148413044353092,-0.14882555029579225,-0.40191766157596404,0.1416236776985028,0.11649875336429369,-0.19413788078974678,0.032894302703602676
-1.2710363815643493,-0.0950413112165771,-1.2608712731254896,-1.068005647153871,1.1622283092731736,1.1936142964017193,-0.47399554629750257,-0.039715880307693525
0.4272361302589392,0.27644459130888915,0.9869468276697706,0.27800657723537636,-0.7016349177865213,-0.7600956633177126,1.7270134462197448,0.008982515527191889
0.32169318706654676,1.164876080630232,1.3314165189303855,1.0147471806488042,-0.024111308292881804,-0.05818802622369617,2.5349370341319997,-0.16569017372488212
-1.2159052983542877,0.16300648501198658,-0.5105863178029442,-0.27423428798129146,1.8678380976977436,1.9403614014340316,-0.49887748758732553,0.05674776844787588
1.1757857234070017,0.8312401204989256,0.4284836733090381,-0.16290729011409164,-1.199751667377802,-1.24395323632702,1.1094779034489992,-0.21147249795288814
-0.05145414268683002,-0.16265116638583346,-0.13173889553317442,-0.46005408780881335,-0.1876357800518902,-0.2286763961406664,0.358573112410378,-0.04204873759319702
-0.5744676044128736,-0.9687498644852328,0.3457531653572228,-0.18353758668055353,0.30581850654634024,0.28987304284380566,0.8274666033171101,-0.22401160586246943
-0.23635902470806455,-0.11702742077673216,-0.27013041997670156,-0.5629158849631676,0.07848565288499937,0.05104586018271273,-0.38359675937136867,-0.21642981968458305
-1.1789509095975417,-0.7718669909030799,-0.8018192099133701,-0.6371501100610071,1.4936667017137255,1.545959870439308,-0.8506757340053788,-0.019886593380913854
-0.9243129107752373,-0.9814598221905017,1.4698497593626083,0.4429934259673786,0.19383417537580103,0.17143252864813951,-0.35290256154933536,-0.22371999870178147
0.35982906070849074,0.5444241499978704,-0.833962028323585,-0.5629158849631676,0.08148408817115001,0.05461301065088939,-0.4963427004998581,-0.16802303101038563
-0.31150877958206785,-0.31382382316251284,-0.7218452142392068,-0.7176557076262194,0.2694431194262577,0.2526718567830865,-0.35891799262040636,0.020063587633333456
1.141309528257479,-0.6670990859050666,-0.6923766341483356,0.056512036023512305,-0.22415516555021683,-0.2670843606362374,-1.1732857555194152,-0.04823080939978127
2.0644272976842495,1.7382382325514176,-0.5272533361776252,-0.7504395754235496,-1.8467532454384699,-1.7223335087640435,-0.9545670910208139,-0.14938933344242644
1.344916625244623,0.9736604309340099,-0.8552381540322905,-0.6539768380165857,-0.9845808122001906,-1.0432323957196254,-1.2651865204471857,-0.13553799330974947
0.6993171100487325,0.07000467287190117,-0.24781851436519894,-0.37377465555037637,-0.7354421147858154,-0.7961778506092182,-0.5631374807237611,0.05505644691588584
0.6425306049731845,-0.02198228921377968,0.12388909929708951,-0.2466982304660887,-0.6536006792681969,-0.7113027041606167,0.5228816437689888,-0.02309427214848116
0.21543799260058363,0.7426514927142763,0.8951825316022759,0.3332239908041893,-0.32960263660785966,-0.37813349511797784,0.36347320679304096,0.02764537381121981
0.1818884854456289,0.6176007899212747,1.7643255839560874,0.9744405036328163,-0.17506827025670044,-0.2148954295893471,2.6760964975106485,-0.1441112438339748
0.19436640543603956,0.7171649597427575,-0.2967435771554599,-0.3968672351065108,-0.141495635388244,-0.1802196487238963,-0.36907866599171824,0.055348054076573776
0.007058279632165644,-0.18079897145368348,0.20497632654592535,1.1938621530423106,0.09786553867155989,0.07154454652110206,0.39206789636598877,0.1472043096932738
-1.2710430233412295,-0.5955791910895936,-0.9252372702785173,-0.8826181673984916,1.3177428949030732,1.3590893918819624,-0.8506757340053788,-0.056629095627593856
-0.9651994217528701,0.767460643485331,2.360396172759641,2.0279287652250146,1.2329615055173517,1.2709769170515504,1.522179285680619,-0.0825821329288202
1.4390076278190331,-0.8078514146284418,-0.17621565058493152,-0.5758333379331445,-1.4482109570109094,-1.457847705096665,-1.2133365455991265,-0.08925993690857394
0.02514852814648535,0.3289607186279916,-0.21676322088446387,0.6301346526677214,-0.3801919615276227,-0.4303445968190712,-0.012597252335978727,0.12066805807067159
-0.6970295218526732,-0.6724548700665668,-0.3427771029210719,0.7099683056717775,0.3710428566025328,0.35865132231016916,-0.16420375477530733,0.12416734399892683
-0.14061352103499733,0.49139416714286993,-0.5414126592569549,-0.6863569119615435,-0.07826759625453446,-0.11449211479825738,-0.5014229474939992,-0.0825821329288202
0.35092045852638365,0.1558695648804667,-0.7144491648749194,-0.7123398074691148,-0.2981280121795279,-0.34498352371857527,-0.5659690823159045,-0.010846771399587814
1.1303420321351376,0.4799462082472262,-0.06472489590022444,0.9454801003436388,-1.0550015975081184,-1.1090623906159944,-0.46672637052391247,0.13728966622988395
0.07799163165595732,0.6081018644325418,-0.8122489180280814,-0.9501794270664627,-0.35568868057470593,-0.4044159161693462,-0.9993687569036761,-0.1280728499961383
-0.9230126037036377,-0.8959341767789031,-0.42549767530519844,-0.7645722481794339,0.45329447557972197,0.4454072511181047,-0.664386202751597,-0.027176772398112243
-1.2710416398323119,0.016034884917010897,-0.534119720177693,-0.5736635916835955,1.2723536750891375,1.3128923292225607,0.10102400232989985,0.05884734000482902
-0.8361125157767747,-1.0474726936542167,-0.5268095990715624,-0.6992262524510623,0.6359753758800075,0.6384631176866795,-0.4963427004998581,-0.16335731643937862
-0.8007520947396312,-0.7236217635548828,1.0345386963690397,1.072717122248681,0.3698158206054052,0.3574435318413181,1.5744974230366242,0.13933091635469955
-0.7237482774785745,-0.4544989026192742,1.5199849488430692,1.3030944574825194,0.5101098552317698,0.5050589356941801,1.7098915015057503,0.10142198546526776
2.1595588952287614,1.4259396477719597,-0.15741605137446302,-0.4087094962229989,-1.6709730100090678,-1.6208370216979355,-0.7779572334551065,-0.07718740045609339
2.18958295357537,2.0297114102576983,-0.6591267785105844,-0.7588844497111558,-1.7803411938064249,-1.6860078692632858,-0.8506757340053788,-0.17717949585598683
1.3079949480446207,1.721565070350946,1.602578748497952,1.1180045673065375,-0.6167720363859363,-0.6735330242035646,0.44442777429281727,-0.22401160586246943
-0.8205946721239257,-0.6928954371752105,-0.9534459140539203,-0.8758760298938162,0.7853456183868011,0.7956263833678039,-0.8930347871322027,-0.15635874458286814
-0.23519028264862282,0.7861246258593702,-0.1026188564331534,0.09625385959954831,0.6999303001612865,0.7066701044610556,-0.46432260658289193,0.06287151882232254
-0.9038995756830988,0.9167584399252519,2.7246366510775446,2.720147092466453,1.919328905923676,1.994907754148616,2.5891769839764405,-0.13419660037058498
0.2928855139739074,0.28840356032990233,0.030540638981673297,-0.14987914121525814,-0.32364885844920677,-0.3705210773411638,0.22948706472290603,0.06088859012964457
-0.4702061068913791,0.9693235685459709,2.368936563372684,1.3242640813355564,0.14018615359057682,0.11529167758723201,2.344530780261455,-0.11174284899761384
-1.1604979434045926,-1.5439305042182958,-0.28957513136078805,-0.7365901417151745,0.6060401397372103,0.6072554534540722,-0.39418452271783694,-0.1849362463302859
1.7693687048851252,1.3229351835924477,0.37431825566934906,0.2509531024764624,-1.2290403997622914,-1.27053005985014,0.7113834537357498,0.013065015776822972
1.1856893805643,1.4548044593029812,1.822939699956371,1.2184307617837442,-1.3404662007105388,-1.3672727435901844,1.8945502514674588,0.06584591186133949
-1.2729662245912934,-0.2831329875894628,-1.6774841671114238,-1.0592021699767995,1.7111558836795357,1.7773059404703324,-0.8283652378289683,-0.026593558076736367
1.1955635453076208,0.08891913797313834,1.7380411745585451,1.0972777602151254,-1.0648750268902725,-1.1203665226927033,2.2865797563154726,0.017147516026454087
0.16578662900686195,0.9016410248185833,1.4870561189068614,1.7590802394678051,0.3722688549369587,0.36080752225904056,2.2340326787124987,0.06147180445102045
1.3762535724082041,0.9456762430199382,-0.1544349174429259,-0.3467330435262115,-1.1925210142639646,-1.2396076760252017,-0.7240129232352036,0.05680608988001346
-1.2397917706159052,-1.4509021778994926,-0.8630463531354363,-0.7448664515672833,1.3820477408641927,1.4256607439217952,-0.7659856376072806,0.05039073234487885
-0.297616460439727,-1.1054718552834046,0.03899304524254998,-0.539843333043579,-0.21677732293992732,-0.2580714123436581,-0.47399554629750257,-0.21584660536320718
-0.7240269330801623,0.5339995714488962,1.4704999353907522,1.1583887196065037,0.31477151304031287,0.2984548785560546,0.034392010591394,0.1075457358397144
-0.2949170276645297,-0.1431155795119349,-0.6429900512122955,0.896925143641232,0.33628708039549976,0.32248246371121236,-0.0024555186671916325,0.12183448671342333
-0.6790966348945598,-0.5446141314715709,-0.7055658407311152,-0.7967205382507511,0.5453369294861878,0.5430816422088623,-0.2850318318312774,-0.12253231394306752
0.17852009633450042,1.1340204687923365,2.3460353392223405,1.627072312133933,-0.08497162181524404,-0.12072233828302897,2.5703287421312773,-0.06100320303791288
-0.7722959879000661,-1.1497898157841546,-0.47256511594833067,-0.7257070252533939,0.3185916547607738,0.30418295943826495,-0.34892527197546713,-0.0569207027882818
0.05545473579604128,-0.8634743806631695,-0.044184044813888275,-0.1200278992411226,-0.012879154035093647,-0.046057699933296205,0.35239160830140964,-0.049047309449707505
0.028640954389899952,-0.7500762244926196,-1.026841999330879,-0.8860140642211216,0.01717660430656493,-0.014097176910678329,-0.9438668854095947,-0.09628766948115322
2.148592380526487,0.5932558000101524,0.03371763307444244,-0.6940497217837477,-2.7960859765041173,-1.9637733075226007,-1.1969964742898067,-0.19735871137559202
-0.9259591656999419,-0.341887630760052,-1.1904722019031964,-0.6539768380165857,1.486865705922731,1.5384165764612159,-0.4963427004998581,-0.06100320303791288
0.4645393636775444,-0.7147260898038424,-0.07624238705652908,-0.3561567842768148,-0.4847809414680303,-0.5388836610979066,-0.3670328236511626,0.0323110883822268
-0.2383652952490229,-0.8464892357488015,-0.08894111795390096,-0.8431180674293769,-1.094905298542966,-1.1478341967978967,-0.10844575234713569,-0.12690642135338653
-0.17891907656293626,-0.34983483204370336,1.0824336823480014,0.3028230180045496,-0.16793544925522025,-0.207456444326231,1.1917114576240084,-0.010555164238899876
-0.5990974534478247,-0.38851008807812704,-0.9268426263933673,-0.7819220367384917,0.6246932726844519,0.6269700430468157,-0.009197735404099424,-0.06945981069786304
-0.744501579218786,0.07651220718348334,2.174031227521565,1.6104631153748437,0.9735070287787012,0.9959481120917314,2.3406037941596134,-0.08141570428606845
-0.41416455570586824,-1.2625598297924057,-0.04198019572430248,-0.691475925092492,-0.6486358013196393,-0.708053917827041,-0.2420161224457991,-0.16102445915387514
0.30890762893089796,-0.562767274061319,-0.15747472779810298,-0.5155218687873921,-0.6536006792681969,-0.7123917867070589,0.05404535953682287,0.029978231096723307
-1.2181303806068189,-1.5387589080581,-0.5183261039903767,-0.6838115550773954,1.2193615657826389,1.2546689990098658,-0.19413788078974678,-0.1032862413376637
-0.41038610757409116,0.04727927929304393,-0.6248260202888063,-0.6024159849322824,0.5201042927440442,0.5164737233200567,0.12863363286754723,-0.15577553026149227
-0.5539488266746715,-1.0682335946186738,-0.06051299850414734,-0.6491272489021422,-0.21677732293992732,-0.2580297897804644,-0.22240751159220534,-0.1919348181867964
0.3583909962621992,0.011229693071460703,-0.17683109818199616,-0.23333101268180964,-0.3455999624491218,-0.39305733596962955,-0.5248276445748946,0.056222875558637586
2.222670860100281,0.7109256033696828,-0.31147804880697494,-0.5912153570416305,-1.7857607999089018,-1.6912418695407676,-1.1072697784108716,-0.2163131768203079
-0.36138983886127374,-1.649225456278096,-0.2520336655710628,-0.045533611816508994,-1.4268594231512504,-1.4392090682747696,-0.21125615235207065,0.1451630595684582
1.7293130026254648,-0.3644813646970419,-0.385671337525673,-0.5336822496248506,-1.3727737871520893,-1.3970465035056356,-1.0935295088921442,-0.012596414363715435
0.7795176929112123,-1.1033771507091834,-0.8848874279086723,-0.9137992584137022,-0.824977611117789,-0.886024468143466,-1.2651865204471857,-0.11877058157019313
-1.281303307510462,-0.578138222904199,2.311223815464141,1.970367889453701,1.5578152978601327,1.6156648205137287,1.3909021752687099,-0.03738302302219003
2.4261341160815015,1.8378547964947205,-0.05789720491925871,-0.49977044927641695,-2.1339037053456984,-1.8473934116121333,-0.6917149612550663,-0.20960621212448535
-0.7342712412532413,-1.0170765785229556,-0.5817099608920837,-0.49977044927641695,1.0290899624345862,1.0546560206614712,-0.004694579873706494,-0.0018069494182617728
-0.9254544259408551,-1.4762962137679212,-0.7928033841530298,-0.8399260820186822,0.8172494541601842,0.830531682062837,-0.9935835851515914,-0.1795706745736279
-0.7235148634596698,-0.6189224949925193,-0.7539212124957393,1.4875286586267698,1.6811618277030582,1.7435908855066216,-0.4913047893893942,0.11687716498172837
-0.6862669959083756,0.31455655854255143,-0.4759351299161027,2.1551452095154175,1.6213178409904736,1.6803526317917514,-0.2436792482118687,0.11862680794585599
2.273265716536096,0.578060523757699,0.10116561396851484,1.1833759156211558,-2.5372270178486587,-1.936161467044587,-0.731430756602847,0.22287636789179335
0.052722203548669695,-0.46660137916874295,-0.8137613418350977,-0.691475925092492,0.023425505981736004,-0.006901146388895379,-0.7058570291633617,0.01948037331195758
-0.9054449607034606,-0.851806813566508,-1.283773945004086,-1.0292442576909941,0.7899465201984309,0.8002505685596242,-0.8416524943368463,-0.12282392110375545
0.07787139953437319,2.744059919529749,0.4305511582589489,-0.170118454114837,-0.6119314878353419,-0.6686374843176445,0.4940883051381189,0.0400678388565259
0.07791391491448685,2.6060488690063894,-0.6861618905393516,-0.6992262524510623,-0.32761532588671133,-0.3752964070764875,-0.46432260658289193,0.06088859012964457
-0.7847165121765115,-0.37147366332607995,-0.5021587434860115,-0.6687332053573974,0.5690683706771962,0.5671795283010388,-0.20341498101750932,-0.03505016573668653
-0.140618718641558,0.7103394308971801,0.13831343713188496,-0.19221473259036945,0.006175792054685998,-0.025173953714433712,0.3302445956800911,0.0433921604883684
-0.5297367030845896,0.4585451722644243,2.356100182242765,1.3563112795967482,0.17007881972429525,0.14739771421940065,2.5697420583905974,-0.10940999171211035
-0.6309860904863324,-0.17265953138195722,-0.13184895421650464,0.7778592937979113,0.17570343567991398,0.15375527605717487,-0.18500099400466732,0.1294162728913097
-1.0198164166061972,-1.1868300362475668,-1.2712057253025963,-0.859302966735967,1.3505639018286766,1.393743220816323,-0.9935835851515914,-0.20826481918532083
-0.4218163048466967,-1.4929421444734825,-0.11938676016221289,0.3238296084070347,0.355009806528697,0.3419331552934719,-0.12463991263548788,0.06847037630753093
-1.1473831840441284,-1.1226302242531936,-1.399097517704697,-1.0724498014589254,1.1429124254616405,1.1741530934843785,-0.8110913245348657,-0.2135137480777037
-0.009881331594300779,-0.16792976548359614,1.1208437996375138,1.5565097627061537,0.2455675816468622,0.22704550451934263,2.1317528145433853,0.14166377364020297
-0.7253833800945007,-0.9741532349710864,-0.34147321921730156,-0.7257070252533939,0.23482869592074077,0.2156186907383024,-0.10711561796083752,-0.16918945965313736
-1.288586622558671,-0.2993671846571039,2.356663532831831,1.371794271312028,1.0901086665870054,1.1158444326577694,2.1644423740848238,-0.06421088180548018
-0.34175302485451936,0.22830134861606471,2.184301206779186,1.9336676060276141,0.28644526131578146,0.26863303490800045,2.229147881825449,0.12066805807067159
1.5949030025247868,1.8166577773687276,-0.7062600229061483,-0.4312556036798758,-0.7093668984825366,-0.7697910771814913,-0.7779572334551065,-0.1768587279792301
-1.2931561906762903,-1.2360558576484342,-0.8675280997462259,-0.8725294683282323,1.3759280908146059,1.4179887444637516,-0.664386202751597,-0.19047678238335672
0.170412403919248,0.7991830110270277,-0.021210722772289258,-0.22021745766375678,-0.05669117249728872,-0.09185707402611179,0.7909931895955371,-0.21380535523839164
-1.2097902428774636,-1.7385732811558037,-0.41418585270906433,-1.0209180893479877,-0.10697631545102576,-0.14401114547870866,-0.5631374807237611,-0.17968731743790306
0.29307678328825537,0.003088500721380367,-0.6497687306634693,-0.7731926960859541,-0.548118318782862,-0.60297494454573,-0.8930347871322027,0.018313944669205835
1.0589270447005332,0.7245818899845778,-0.17029447426849684,-0.49202735860281593,-0.978345349064724,-1.0349140584680332,-0.0024555186671916325,-0.2181794626487107
-0.24220648674735182,-1.3099595603039196,-0.12987251936021943,-0.535729847012589,-0.2502773667652367,-0.29400461285287793,-0.009197735404099424,-0.005014628185829078
-0.921392772117567,-0.7089007933353957,2.262170887642392,1.224880305682844,0.28644526131578146,0.2694527381462837,1.392016135109768,-0.06304445316272844
-0.08977269809160777,-0.344132889466422,-0.7235343999387026,-0.8027298249234409,-0.027336544203873277,-0.06113847030810933,-1.0477582424250296,-0.05546266698484211
-0.46859115389566564,-0.4650271354341072,-1.1091278863718823,-0.9807286490595878,0.20074760261191318,0.17927080954807495,-0.4407964537839204,-0.11115963467623798
0.528687495902722,-0.7558585215091833,-0.6995995637731747,-0.5736635916835955,-0.39676063265773054,-0.44777103762762666,-0.9545670910208139,-0.1607328519931872
-0.32480343906447745,-1.3413078297678662,-0.46883947081210803,-0.7819220367384917,-0.21310243391499362,-0.25620286131704056,-0.8691365832200729,-0.09191356207083416
-0.816015900755979,-0.4565364757357684,0.38697677867976216,0.9665557996990453,0.49555070755461506,0.4916809529811528,0.8722075890887055,0.13991413067607542
0.017224309867552984,0.26388209885422026,-0.7778451573114987,-0.6613156356166757,0.18270365663997315,0.1603720771097666,-0.5774300101046254,-0.06654373909098368
-0.8204360045663708,-1.1411960760711204,-0.13245481922930408,-0.6515477894250961,0.026539885147350426,-0.00491885129188806,-0.13290262669895053,-0.02309427214848116
2.444884691653268,1.8552132758375262,0.12041985510885565,6.913637442559615,-0.5183672221960615,-0.5736015033381442,-0.7058570291633617,25.64833799400153
1.5240007033835514,0.7191098451105135,0.0033100459001785348,-0.4767966900511752,-1.6071838431245191,-1.5767078627762952,-0.5575137579871077,-0.20593196189981733
-0.143998022023753,-0.12942519762593338,2.4436498691020354,1.3348843678264755,-0.6536006792681969,-0.7114386702164692,2.4397513050893487,-0.09949534824872051
0.19000186439237043,-1.023440564913348,-0.19756171049508178,-0.5175162817525839,-0.31574833238951144,-0.36185434382645254,-0.8026360002060688,-0.13317597530817718
-0.027602813647281607,0.039524442428291805,-0.8515570359386633,-0.7588844497111558,0.024983531864158286,-0.0047899269076767306,-0.10711561796083752,0.03960126739942522
-0.20988619388976568,-0.5861177767216685,0.04292218463245904,-0.49782652784615006,-0.2807192819845396,-0.32593149033490026,-0.003574012667445949,-0.21847106980939862
0.47053421284548747,1.315336528247761,0.7612512431209363,0.24236013957043445,-0.7328133870591271,-0.7914562782542767,0.9308062925576265,0.0515571609876306
-0.5636884975393467,-1.2282853120895538,-0.3123415901567004,-0.5607862573524375,0.14735956230867564,0.1229089253666392,-0.16713134323111328,0.04747466073799951
-0.3542883070128201,-0.23386786708664667,1.3452598845576003,0.9824642217173442,0.18967023873426467,0.16772632776829385,1.199259713640726,0.06963680495028268
-0.35139119824647314,-0.7068856079761325,-0.8035879434864589,-0.57800991804043,0.46483707591729917,0.4583285686994174,-0.644671004521272,-0.022511057827105285
-0.13273097151426402,1.013293034567406,0.5982057840248316,0.9155039255186803,0.9013160717841844,0.9187175269772476,1.8757458932087914,-0.13798749345952815
-1.0554725209917117,-1.3447746917614734,-0.6855017200584484,-0.8149074724152487,0.9199136123968304,0.9370368012814085,-0.9333527797951323,-0.2129305337563278
0.5154324584913846,1.393066515866963,-1.0739237814624092,-0.6024159849322824,-0.2807192819845396,-0.32553413788183266,-1.114258825439034,0.05126555382694266
0.5017572202136773,0.11463457481755936,-0.8823608895225475,-0.6966331401672462,-0.2768789010790376,-0.3217797118068642,-0.5301540740502383,0.02210483775814901
-0.49514457385956867,-0.49421611307353785,1.5335656630224355,1.2211791760783726,0.6185021902048998,0.6202335081814107,1.0161387350436544,0.032019481221538866
0.23145862296803096,-0.20306071049350685,-0.02785906922282766,-0.5135331951480189,-0.7460049516343625,-0.806321633421024,0.9074486991516298,-0.005597842507204951
-0.3066394707732517,0.961001708134199,0.2435744577926909,-0.1522296999875046,0.1081945397265843,0.08175664567764437,0.764243091062266,0.052723589630382345
0.7474566538751554,0.6049975318736192,-0.36561972748562505,-0.5316407012780883,-0.5667348563837336,-0.6221972863962152,-0.20341498101750932,-0.21759624832733482
1.5284213245514897,1.023329606749547,-0.07700935337471684,-0.3467330435262115,-1.221662557152002,-1.265296059572658,0.041707261201451795,-0.22401160586246943
1.343472186009229,0.611013281184195,0.09715126523686177,-0.2714307806362443,-1.2290403997622914,-1.2699449590605556,-0.09267409697879468,0.017147516026454087
1.5796583241971083,1.6703834331234462,-0.3839097110061953,0.5552545901406002,-0.29036497920410587,-0.33595069458117793,-0.6677354957211072,-0.21934589129146242
-0.04409647421392043,-0.4926558807991303,-0.7658386178876938,-0.9245136375744899,-0.39884509447486427,-0.4484547521321982,-0.7942973047644263,-0.20651517622119323
-0.8537569287568597,-0.237264970210738,-0.747194153076163,-0.43479046362639706,1.6950066813655562,1.7580640627512845,-0.6847660820508905,-0.00851391411408432
-0.5250754444949274,-0.35163961924796966,-0.8947850400649967,-0.8179857118602876,0.5669269479184768,0.565593818406794,-0.883361847417592,-0.12399034974650719
0.7453417296444966,-0.4808387771405769,0.7705417530477358,1.1970440824837352,-0.7754559595943503,-0.8365820520072056,0.8545982130213752,0.1489539526574014
-0.35063054315414754,-0.7989040855913863,-0.5468155836567774,-0.6371501100610071,0.40857483267371403,0.39911620663784136,-0.7240129232352036,-0.1767712458310237
-0.4607262835144082,0.05357669633578793,2.0615953318068136,1.1165042929310653,0.04968688474633357,0.02011964328908098,1.5795783586991667,-0.04467320203938845
-0.7837322519574281,0.312060098100672,-1.43185848915772,-1.132985632803891,0.35996196486764903,0.3485819113132932,-0.6778961690924191,-0.029218022522927798
2.0388711726131317,1.8122066363607743,-0.2969930725148522,-0.6230462814987443,-1.9223080503623942,-1.762469516680883,-0.8461472796124858,-0.07733320403643734
2.186824288391986,1.164639820869258,-0.6768020701517633,-0.7044418516438574,-1.6216572705980095,-1.5859359814115153,-1.1430521640699038,-0.14032035074503163
-0.4028916442211732,1.8604136330766863,-0.5923655593157438,0.43246559387555505,-0.038681711781932644,-0.0714048513656086,-0.44310829535721036,0.10958698596452998
2.1428449962362826,-0.68779580234863,-0.16583554168879241,-0.4786822672449465,-1.807644127768177,-1.7037401291503276,-0.8881789711891058,0.016272694544390277
1.0105328266382723,2.3352241531114406,2.01498966220772,1.2330171292833423,-0.9877086299055096,-1.0448530007293897,2.4105149978397185,-0.07879123983987703
-0.33881900572568646,-0.6162629251179048,-0.5515055060746173,-0.7967205382507511,0.007752456640822514,-0.024042709856571087,-0.6544482392132294,-0.21263892659563988
-1.1112308835488354,-0.7224155117204257,-1.350997677192307,-1.0334452652348058,1.0622063806445061,1.090887949735065,-0.9709811083683508,-0.18114535324134273
-0.54361195249879,-0.7310445573230292,0.7224619409426624,0.09953293390262334,0.29938948073745214,0.28462201309985324,0.9199696898936114,-0.0545878455027783
-0.6760022061251976,-0.38279347078419246,1.2070670879758294,1.4661297204796002,0.7593072003916189,0.7692225640187478,2.0715612938956376,0.13524841610506844
0.47297286633817737,-0.6193661810636133,-0.6558468984860317,1.9319967690162083,-0.22600550778488615,-0.26943544929317587,-0.8930347871322027,0.3067717480217127
-1.284282510672839,-1.6365454249973352,-1.0171479319408403,-0.5544364704475007,2.603766440021295,2.717512546436308,-0.216010141474194,-0.08549820453569958
0.6972354532172375,-1.0719836991794551,-0.3431504236442881,-0.701829131659185,-1.285604516196614,-1.3204963829988055,-1.121329617560241,0.03697680295323379
0.8180242630167726,0.48035163287338545,0.21283725906396753,-0.11220656225432524,-0.5737781557955707,-0.6301427846191303,0.23176693858028471,-0.18289499620547037
2.005834179130075,0.27491154606071694,-0.3917407006828314,-0.5715006365132252,-1.55531758851267,-1.53831904227147,-0.8881789711891058,-0.20963537284055414
-0.9727430622337685,0.2294164382609114,0.8454442313599169,0.3487930410682229,0.85814007126279,0.8737039618881848,0.6381591175304783,0.028228588132595683
-1.126632334254347,-1.1697299974694475,-1.0410351992329205,-0.9729638076742644,0.819051496584949,0.8337632313347294,-0.6778961690924191,-0.051671773895898936
-0.8028408003146031,2.4909684147830005,1.6467715940417997,1.4993885000127563,0.7816543549182599,0.7928184070169361,1.3037389662089667,0.09646466373357286
-0.8147187234303618,-1.301759959123462,-0.33465103978592586,-0.824183633340422,-0.1275891216189733,-0.16608169292405087,-0.26919129674147135,-0.08987231194601861
2.163655990449614,1.9333592613583659,0.02388627608695089,0.9462010848772489,-2.008334984497086,-1.80023994769901,-0.7542465146847153,0.15303645290703255
-0.36673909874519867,-0.5116445738552348,-0.7284003533339958,-0.7674337993190022,0.35128455494387756,0.33827564976943064,-0.731430756602847,-0.18960196090129292
-0.9171994675402719,-0.07938117448851237,-1.2571785620115938,-0.7674337993190022,1.4122644025342528,1.4587267138330242,-0.644671004521272,-0.061761381655701525
